USO;METRICA_REF;NU_ANO_CENSO;DS_TP_MODALIDADE_ENSINO;LINHAS_USADAS;LINHAS_EXCLUIDAS;LINHAS_SEM_DADO;VOLUME_USADO;VOLUME_EXCLUIDO;VOLUME_SEM_DADO;VOLUME_SEM_TERRITORIO;PCT_LINHAS_USADAS;PCT_VOLUME_USADO;PCT_VOLUME_EXCLUIDO
CONTAGEM;linhas;2009;EaD;30;0;0;30.0;0.0;0.0;0.0;100.0;100.0;0.0
CONTAGEM;linhas;2009;Presencial;1937;0;0;1937.0;0.0;0.0;0.0;100.0;100.0;0.0
CONTAGEM;linhas;2010;EaD;38;0;0;38.0;0.0;0.0;0.0;100.0;100.0;0.0
CONTAGEM;linhas;2010;Presencial;2026;0;0;2026.0;0.0;0.0;0.0;100.0;100.0;0.0
CONTAGEM;linhas;2011;EaD;47;0;0;47.0;0.0;0.0;0.0;100.0;100.0;0.0
CONTAGEM;linhas;2011;Presencial;2129;0;0;2129.0;0.0;0.0;0.0;100.0;100.0;0.0
CONTAGEM;linhas;2012;EaD;56;0;0;56.0;0.0;0.0;0.0;100.0;100.0;0.0
CONTAGEM;linhas;2012;Presencial;2253;0;0;2253.0;0.0;0.0;0.0;100.0;100.0;0.0
CONTAGEM;linhas;2013;EaD;69;0;0;69.0;0.0;0.0;0.0;100.0;100.0;0.0
CONTAGEM;linhas;2013;Presencial;2287;0;0;2287.0;0.0;0.0;0.0;100.0;100.0;0.0
CONTAGEM;linhas;2014;EaD;77;0;0;77.0;0.0;0.0;0.0;100.0;100.0;0.0
CONTAGEM;linhas;2014;Presencial;2325;0;0;2325.0;0.0;0.0;0.0;100.0;100.0;0.0
CONTAGEM;linhas;2015;EaD;87;0;0;87.0;0.0;0.0;0.0;100.0;100.0;0.0
CONTAGEM;linhas;2015;Presencial;2352;0;0;2352.0;0.0;0.0;0.0;100.0;100.0;0.0
CONTAGEM;linhas;2016;EaD;92;0;0;92.0;0.0;0.0;0.0;100.0;100.0;0.0
CONTAGEM;linhas;2016;Presencial;2378;0;0;2378.0;0.0;0.0;0.0;100.0;100.0;0.0
CONTAGEM;linhas;2017;EaD;94;0;0;94.0;0.0;0.0;0.0;100.0;100.0;0.0
CONTAGEM;linhas;2017;Presencial;2198;0;0;2198.0;0.0;0.0;0.0;100.0;100.0;0.0
CONTAGEM;linhas;2018;EaD;198;0;0;198.0;0.0;0.0;0.0;100.0;100.0;0.0
CONTAGEM;linhas;2018;Presencial;2443;0;0;2443.0;0.0;0.0;0.0;100.0;100.0;0.0
CONTAGEM;linhas;2019;EaD;348;0;0;348.0;0.0;0.0;0.0;100.0;100.0;0.0
CONTAGEM;linhas;2019;Presencial;2468;0;0;2468.0;0.0;0.0;0.0;100.0;100.0;0.0
CONTAGEM;linhas;2020;EaD;555;0;0;555.0;0.0;0.0;0.0;100.0;100.0;0.0
CONTAGEM;linhas;2020;Presencial;2508;0;0;2508.0;0.0;0.0;0.0;100.0;100.0;0.0
CONTAGEM;linhas;2021;EaD;737;0;0;737.0;0.0;0.0;0.0;100.0;100.0;0.0
CONTAGEM;linhas;2021;Presencial;2491;0;0;2491.0;0.0;0.0;0.0;100.0;100.0;0.0
CONTAGEM;linhas;2022;EaD;997;0;0;997.0;0.0;0.0;0.0;100.0;100.0;0.0
CONTAGEM;linhas;2022;Presencial;2567;0;0;2567.0;0.0;0.0;0.0;100.0;100.0;0.0
CONTAGEM;linhas;2023;EaD;1176;0;0;1176.0;0.0;0.0;0.0;100.0;100.0;0.0
CONTAGEM;linhas;2023;Presencial;2620;0;0;2620.0;0.0;0.0;0.0;100.0;100.0;0.0
CONTAGEM;linhas;2024;EaD;1300;0;0;1300.0;0.0;0.0;0.0;100.0;100.0;0.0
CONTAGEM;linhas;2024;Presencial;2594;0;0;2594.0;0.0;0.0;0.0;100.0;100.0;0.0
SERIE_MAT;QT_MAT;2009;EaD;30;0;0;22575.0;0.0;0.0;0.0;100.0;100.0;0.0
SERIE_MAT;QT_MAT;2009;Presencial;1937;0;0;262288.0;0.0;0.0;0.0;100.0;100.0;0.0
SERIE_MAT;QT_MAT;2010;EaD;38;0;0;29359.0;0.0;0.0;0.0;100.0;100.0;0.0
SERIE_MAT;QT_MAT;2010;Presencial;2026;0;0;275609.0;0.0;0.0;0.0;100.0;100.0;0.0
SERIE_MAT;QT_MAT;2011;EaD;47;0;0;31954.0;0.0;0.0;0.0;100.0;100.0;0.0
SERIE_MAT;QT_MAT;2011;Presencial;2129;0;0;288873.0;0.0;0.0;0.0;100.0;100.0;0.0
SERIE_MAT;QT_MAT;2012;EaD;56;0;0;34651.0;0.0;0.0;0.0;100.0;100.0;0.0
SERIE_MAT;QT_MAT;2012;Presencial;2253;0;0;288360.0;0.0;0.0;0.0;100.0;100.0;0.0
SERIE_MAT;QT_MAT;2013;EaD;69;0;0;40322.0;0.0;0.0;0.0;100.0;100.0;0.0
SERIE_MAT;QT_MAT;2013;Presencial;2287;0;0;291816.0;0.0;0.0;0.0;100.0;100.0;0.0
SERIE_MAT;QT_MAT;2014;EaD;77;0;0;45817.0;0.0;0.0;0.0;100.0;100.0;0.0
SERIE_MAT;QT_MAT;2014;Presencial;2325;0;0;293448.0;0.0;0.0;0.0;100.0;100.0;0.0
SERIE_MAT;QT_MAT;2015;EaD;87;0;0;51160.0;0.0;0.0;0.0;100.0;100.0;0.0
SERIE_MAT;QT_MAT;2015;Presencial;2352;0;0;287253.0;0.0;0.0;0.0;100.0;100.0;0.0
SERIE_MAT;QT_MAT;2016;EaD;92;0;0;52913.0;0.0;0.0;0.0;100.0;100.0;0.0
SERIE_MAT;QT_MAT;2016;Presencial;2378;0;0;277625.0;0.0;0.0;0.0;100.0;100.0;0.0
SERIE_MAT;QT_MAT;2017;EaD;94;0;0;53978.0;0.0;0.0;0.0;100.0;100.0;0.0
SERIE_MAT;QT_MAT;2017;Presencial;2198;0;0;260042.0;0.0;0.0;0.0;100.0;100.0;0.0
SERIE_MAT;QT_MAT;2018;EaD;198;0;0;89661.0;0.0;0.0;0.0;100.0;100.0;0.0
SERIE_MAT;QT_MAT;2018;Presencial;2443;0;0;273101.0;0.0;0.0;0.0;100.0;100.0;0.0
SERIE_MAT;QT_MAT;2019;EaD;348;0;0;108908.0;0.0;0.0;0.0;100.0;100.0;0.0
SERIE_MAT;QT_MAT;2019;Presencial;2468;0;0;272937.0;0.0;0.0;0.0;100.0;100.0;0.0
SERIE_MAT;QT_MAT;2020;EaD;555;0;0;169561.0;0.0;0.0;0.0;100.0;100.0;0.0
SERIE_MAT;QT_MAT;2020;Presencial;2508;0;0;260853.0;0.0;0.0;0.0;100.0;100.0;0.0
SERIE_MAT;QT_MAT;2021;EaD;737;0;0;243594.0;0.0;0.0;0.0;100.0;100.0;0.0
SERIE_MAT;QT_MAT;2021;Presencial;2491;0;0;256245.0;0.0;0.0;0.0;100.0;100.0;0.0
SERIE_MAT;QT_MAT;2022;EaD;997;0;0;350191.0;0.0;0.0;0.0;100.0;100.0;0.0
SERIE_MAT;QT_MAT;2022;Presencial;2567;0;0;283497.0;0.0;0.0;0.0;100.0;100.0;0.0
SERIE_MAT;QT_MAT;2023;EaD;1176;0;0;443907.0;0.0;0.0;0.0;100.0;100.0;0.0
SERIE_MAT;QT_MAT;2023;Presencial;2620;0;0;323660.0;0.0;0.0;0.0;100.0;100.0;0.0
SERIE_MAT;QT_MAT;2024;EaD;1300;0;0;503635.0;0.0;0.0;0.0;100.0;100.0;0.0
SERIE_MAT;QT_MAT;2024;Presencial;2594;0;0;357156.0;0.0;0.0;0.0;100.0;100.0;0.0
MAPA_MUN;QT_MAT;2009;EaD;1104;0;0;22493.0;0.0;0.0;82.0;100.0;99.64;0.0
MAPA_MUN;QT_MAT;2009;Presencial;1937;0;0;262288.0;0.0;0.0;0.0;100.0;100.0;0.0
MAPA_MUN;QT_MAT;2010;EaD;1008;0;0;29359.0;0.0;0.0;0.0;100.0;100.0;0.0
MAPA_MUN;QT_MAT;2010;Presencial;2026;0;0;275609.0;0.0;0.0;0.0;100.0;100.0;0.0
MAPA_MUN;QT_MAT;2011;EaD;1363;0;0;31954.0;0.0;0.0;0.0;100.0;100.0;0.0
MAPA_MUN;QT_MAT;2011;Presencial;2129;0;0;288873.0;0.0;0.0;0.0;100.0;100.0;0.0
MAPA_MUN;QT_MAT;2012;EaD;1530;373;0;34573.0;78.0;0.0;0.0;80.4;99.77;0.23
MAPA_MUN;QT_MAT;2012;Presencial;2253;0;0;288360.0;0.0;0.0;0.0;100.0;100.0;0.0
MAPA_MUN;QT_MAT;2013;EaD;1700;201;0;40014.0;308.0;0.0;0.0;89.43;99.24;0.76
MAPA_MUN;QT_MAT;2013;Presencial;2287;0;0;291816.0;0.0;0.0;0.0;100.0;100.0;0.0
MAPA_MUN;QT_MAT;2014;EaD;2138;173;0;44845.0;972.0;0.0;0.0;92.51;97.88;2.12
MAPA_MUN;QT_MAT;2014;Presencial;2325;0;0;293448.0;0.0;0.0;0.0;100.0;100.0;0.0
MAPA_MUN;QT_MAT;2015;EaD;3101;67;0;49373.0;1787.0;0.0;0.0;97.89;96.51;3.49
MAPA_MUN;QT_MAT;2015;Presencial;2352;0;0;287253.0;0.0;0.0;0.0;100.0;100.0;0.0
MAPA_MUN;QT_MAT;2016;EaD;3739;64;0;50970.0;1943.0;0.0;0.0;98.32;96.33;3.67
MAPA_MUN;QT_MAT;2016;Presencial;2378;0;0;277625.0;0.0;0.0;0.0;100.0;100.0;0.0
MAPA_MUN;QT_MAT;2017;EaD;0;0;0;0.0;0.0;0.0;53978.0;;0.0;0.0
MAPA_MUN;QT_MAT;2017;Presencial;2198;0;0;260042.0;0.0;0.0;0.0;100.0;100.0;0.0
MAPA_MUN;QT_MAT;2018;EaD;0;0;0;0.0;0.0;0.0;89661.0;;0.0;0.0
MAPA_MUN;QT_MAT;2018;Presencial;2443;0;0;273101.0;0.0;0.0;0.0;100.0;100.0;0.0
MAPA_MUN;QT_MAT;2019;EaD;0;0;0;0.0;0.0;0.0;108908.0;;0.0;0.0
MAPA_MUN;QT_MAT;2019;Presencial;2468;0;0;272937.0;0.0;0.0;0.0;100.0;100.0;0.0
MAPA_MUN;QT_MAT;2020;EaD;24911;98;0;167859.0;1321.0;0.0;381.0;99.61;99.0;0.78
MAPA_MUN;QT_MAT;2020;Presencial;2508;0;0;260853.0;0.0;0.0;0.0;100.0;100.0;0.0
MAPA_MUN;QT_MAT;2021;EaD;37280;435;0;240241.0;2896.0;0.0;457.0;98.85;98.62;1.19
MAPA_MUN;QT_MAT;2021;Presencial;2491;0;0;256245.0;0.0;0.0;0.0;100.0;100.0;0.0
MAPA_MUN;QT_MAT;2022;EaD;52199;1388;0;344857.0;4840.0;0.0;494.0;97.41;98.48;1.38
MAPA_MUN;QT_MAT;2022;Presencial;2567;0;0;283497.0;0.0;0.0;0.0;100.0;100.0;0.0
MAPA_MUN;QT_MAT;2023;EaD;65121;807;0;435928.0;7489.0;0.0;490.0;98.78;98.2;1.69
MAPA_MUN;QT_MAT;2023;Presencial;2620;0;0;323660.0;0.0;0.0;0.0;100.0;100.0;0.0
MAPA_MUN;QT_MAT;2024;EaD;71766;1149;0;492256.0;10941.0;0.0;438.0;98.42;97.74;2.17
MAPA_MUN;QT_MAT;2024;Presencial;2594;0;0;357156.0;0.0;0.0;0.0;100.0;100.0;0.0
PRESENCA;linhas;2009;EaD;1035;0;69;1035.0;0.0;69.0;0.0;93.75;93.75;0.0
PRESENCA;linhas;2009;Presencial;1915;0;22;1915.0;0.0;22.0;0.0;98.86;98.86;0.0
PRESENCA;linhas;2010;EaD;946;0;62;946.0;0.0;62.0;0.0;93.85;93.85;0.0
PRESENCA;linhas;2010;Presencial;1992;0;34;1992.0;0.0;34.0;0.0;98.32;98.32;0.0
PRESENCA;linhas;2011;EaD;1253;0;110;1253.0;0.0;110.0;0.0;91.93;91.93;0.0
PRESENCA;linhas;2011;Presencial;2096;0;33;2096.0;0.0;33.0;0.0;98.45;98.45;0.0
PRESENCA;linhas;2012;EaD;1411;5;487;1411.0;5.0;487.0;0.0;74.15;74.15;0.26
PRESENCA;linhas;2012;Presencial;2190;0;63;2190.0;0.0;63.0;0.0;97.2;97.2;0.0
PRESENCA;linhas;2013;EaD;1561;16;324;1561.0;16.0;324.0;0.0;82.11;82.11;0.84
PRESENCA;linhas;2013;Presencial;2214;0;73;2214.0;0.0;73.0;0.0;96.81;96.81;0.0
PRESENCA;linhas;2014;EaD;1855;22;434;1855.0;22.0;434.0;0.0;80.27;80.27;0.95
PRESENCA;linhas;2014;Presencial;2244;0;81;2244.0;0.0;81.0;0.0;96.52;96.52;0.0
PRESENCA;linhas;2015;EaD;2743;24;401;2743.0;24.0;401.0;0.0;86.58;86.58;0.76
PRESENCA;linhas;2015;Presencial;2268;0;84;2268.0;0.0;84.0;0.0;96.43;96.43;0.0
PRESENCA;linhas;2016;EaD;3233;33;537;3233.0;33.0;537.0;0.0;85.01;85.01;0.87
PRESENCA;linhas;2016;Presencial;2263;0;115;2263.0;0.0;115.0;0.0;95.16;95.16;0.0
PRESENCA;linhas;2017;Presencial;2119;0;79;2119.0;0.0;79.0;0.0;96.41;96.41;0.0
PRESENCA;linhas;2018;Presencial;2340;0;103;2340.0;0.0;103.0;0.0;95.78;95.78;0.0
PRESENCA;linhas;2019;Presencial;2354;0;114;2354.0;0.0;114.0;0.0;95.38;95.38;0.0
PRESENCA;linhas;2020;EaD;20881;52;4076;20881.0;52.0;4076.0;0.0;83.49;83.49;0.21
PRESENCA;linhas;2020;Presencial;2344;0;164;2344.0;0.0;164.0;0.0;93.46;93.46;0.0
PRESENCA;linhas;2021;EaD;30123;186;7406;30123.0;186.0;7406.0;0.0;79.87;79.87;0.49
PRESENCA;linhas;2021;Presencial;2341;0;150;2341.0;0.0;150.0;0.0;93.98;93.98;0.0
PRESENCA;linhas;2022;EaD;41238;264;12085;41238.0;264.0;12085.0;0.0;76.96;76.96;0.49
PRESENCA;linhas;2022;Presencial;2395;0;172;2395.0;0.0;172.0;0.0;93.3;93.3;0.0
PRESENCA;linhas;2023;EaD;51099;335;14494;51099.0;335.0;14494.0;0.0;77.51;77.51;0.51
PRESENCA;linhas;2023;Presencial;2438;0;182;2438.0;0.0;182.0;0.0;93.05;93.05;0.0
PRESENCA;linhas;2024;EaD;55362;430;17123;55362.0;430.0;17123.0;0.0;75.93;75.93;0.59
PRESENCA;linhas;2024;Presencial;2425;0;169;2425.0;0.0;169.0;0.0;93.48;93.48;0.0
VAGAS;QT_VG_TOTAL;2009;EaD;29;1;0;14829.0;40980.0;0.0;0.0;96.67;26.57;73.43
VAGAS;QT_VG_TOTAL;2009;Presencial;1577;360;0;163747.0;67970.0;0.0;0.0;81.41;70.67;29.33
VAGAS;QT_VG_TOTAL;2010;EaD;26;12;0;19360.0;92700.0;0.0;0.0;68.42;17.28;82.72
VAGAS;QT_VG_TOTAL;2010;Presencial;1658;368;0;167693.0;56437.0;0.0;0.0;81.84;74.82;25.18
VAGAS;QT_VG_TOTAL;2011;EaD;34;13;0;25694.0;83944.0;0.0;0.0;72.34;23.44;76.56
VAGAS;QT_VG_TOTAL;2011;Presencial;1741;388;0;174204.0;66941.0;0.0;0.0;81.78;72.24;27.76
VAGAS;QT_VG_TOTAL;2012;EaD;37;19;0;30200.0;87183.0;0.0;0.0;66.07;25.73;74.27
VAGAS;QT_VG_TOTAL;2012;Presencial;1806;447;0;177861.0;68573.0;0.0;0.0;80.16;72.17;27.83
VAGAS;QT_VG_TOTAL;2013;EaD;44;25;0;65595.0;83685.0;0.0;0.0;63.77;43.94;56.06
VAGAS;QT_VG_TOTAL;2013;Presencial;1935;352;0;220592.0;72645.0;0.0;0.0;84.61;75.23;24.77
VAGAS;QT_VG_TOTAL;2014;EaD;61;16;0;104386.0;77582.0;0.0;0.0;79.22;57.37;42.63
VAGAS;QT_VG_TOTAL;2014;Presencial;2114;211;0;295308.0;49245.0;0.0;0.0;90.92;85.71;14.29
VAGAS;QT_VG_TOTAL;2015;EaD;70;17;0;104646.0;107653.0;0.0;0.0;80.46;49.29;50.71
VAGAS;QT_VG_TOTAL;2015;Presencial;2046;306;0;308452.0;84037.0;0.0;0.0;86.99;78.59;21.41
VAGAS;QT_VG_TOTAL;2016;EaD;82;10;0;169623.0;129744.0;0.0;0.0;89.13;56.66;43.34
VAGAS;QT_VG_TOTAL;2016;Presencial;2132;246;0;355051.0;53468.0;0.0;0.0;89.66;86.91;13.09
VAGAS;QT_VG_TOTAL;2017;EaD;88;6;0;118242.0;97560.0;0.0;0.0;93.62;54.79;45.21
VAGAS;QT_VG_TOTAL;2017;Presencial;2053;145;0;346117.0;27666.0;0.0;0.0;93.4;92.6;7.4
VAGAS;QT_VG_TOTAL;2018;EaD;177;21;0;288563.0;148062.0;0.0;0.0;89.39;66.09;33.91
VAGAS;QT_VG_TOTAL;2018;Presencial;2267;176;0;361252.0;33595.0;0.0;0.0;92.8;91.49;8.51
VAGAS;QT_VG_TOTAL;2019;EaD;269;79;0;464613.0;242131.0;0.0;0.0;77.3;65.74;34.26
VAGAS;QT_VG_TOTAL;2019;Presencial;2231;237;0;303299.0;49098.0;0.0;0.0;90.4;86.07;13.93
VAGAS;QT_VG_TOTAL;2020;EaD;523;32;0;874353.0;350401.0;0.0;0.0;94.23;71.39;28.61
VAGAS;QT_VG_TOTAL;2020;Presencial;2332;176;0;321165.0;33668.0;0.0;0.0;92.98;90.51;9.49
VAGAS;QT_VG_TOTAL;2021;EaD;634;103;0;1332083.0;427459.0;0.0;0.0;86.02;75.71;24.29
VAGAS;QT_VG_TOTAL;2021;Presencial;2184;307;0;293190.0;60922.0;0.0;0.0;87.68;82.8;17.2
VAGAS;QT_VG_TOTAL;2022;EaD;783;214;0;1090313.0;908097.0;0.0;0.0;78.54;54.56;45.44
VAGAS;QT_VG_TOTAL;2022;Presencial;2269;298;0;288107.0;65112.0;0.0;0.0;88.39;81.57;18.43
VAGAS;QT_VG_TOTAL;2023;EaD;977;199;0;1870881.0;656845.0;0.0;0.0;83.08;74.01;25.99
VAGAS;QT_VG_TOTAL;2023;Presencial;2318;302;0;292263.0;55037.0;0.0;0.0;88.47;84.15;15.85
VAGAS;QT_VG_TOTAL;2024;EaD;1112;188;0;1795576.0;602341.0;0.0;0.0;85.54;74.88;25.12
VAGAS;QT_VG_TOTAL;2024;Presencial;2334;260;0;298704.0;43279.0;0.0;0.0;89.98;87.34;12.66
INSCRITOS;QT_INSCRITO_TOTAL;2009;EaD;23;7;0;22502.0;0.0;0.0;0.0;76.67;100.0;0.0
INSCRITOS;QT_INSCRITO_TOTAL;2009;Presencial;1731;206;0;355677.0;0.0;0.0;0.0;89.36;100.0;0.0
INSCRITOS;QT_INSCRITO_TOTAL;2010;EaD;31;7;0;30312.0;0.0;0.0;0.0;81.58;100.0;0.0
INSCRITOS;QT_INSCRITO_TOTAL;2010;Presencial;1756;270;0;349140.0;0.0;0.0;0.0;86.67;100.0;0.0
INSCRITOS;QT_INSCRITO_TOTAL;2011;EaD;37;10;0;47341.0;0.0;0.0;0.0;78.72;100.0;0.0
INSCRITOS;QT_INSCRITO_TOTAL;2011;Presencial;1875;254;0;501092.0;0.0;0.0;0.0;88.07;100.0;0.0
INSCRITOS;QT_INSCRITO_TOTAL;2012;EaD;47;9;0;65447.0;0.0;0.0;0.0;83.93;100.0;0.0
INSCRITOS;QT_INSCRITO_TOTAL;2012;Presencial;1955;298;0;584240.0;0.0;0.0;0.0;86.77;100.0;0.0
INSCRITOS;QT_INSCRITO_TOTAL;2013;EaD;59;10;0;85750.0;0.0;0.0;0.0;85.51;100.0;0.0
INSCRITOS;QT_INSCRITO_TOTAL;2013;Presencial;1975;312;0;637628.0;0.0;0.0;0.0;86.36;100.0;0.0
INSCRITOS;QT_INSCRITO_TOTAL;2014;EaD;69;8;0;125551.0;0.0;0.0;0.0;89.61;100.0;0.0
INSCRITOS;QT_INSCRITO_TOTAL;2014;Presencial;2026;299;0;713002.0;0.0;0.0;0.0;87.14;100.0;0.0
INSCRITOS;QT_INSCRITO_TOTAL;2015;EaD;80;7;0;99103.0;0.0;0.0;0.0;91.95;100.0;0.0
INSCRITOS;QT_INSCRITO_TOTAL;2015;Presencial;2109;243;0;698763.0;0.0;0.0;0.0;89.67;100.0;0.0
INSCRITOS;QT_INSCRITO_TOTAL;2016;EaD;83;9;0;141283.0;0.0;0.0;0.0;90.22;100.0;0.0
INSCRITOS;QT_INSCRITO_TOTAL;2016;Presencial;2124;254;0;668822.0;0.0;0.0;0.0;89.32;100.0;0.0
INSCRITOS;QT_INSCRITO_TOTAL;2017;EaD;0;0;94;0.0;0.0;0.0;0.0;0.0;;
INSCRITOS;QT_INSCRITO_TOTAL;2017;Presencial;0;0;2198;0.0;0.0;0.0;0.0;0.0;;
INSCRITOS;QT_INSCRITO_TOTAL;2018;EaD;189;9;0;186630.0;0.0;0.0;0.0;95.45;100.0;0.0
INSCRITOS;QT_INSCRITO_TOTAL;2018;Presencial;2232;211;0;595107.0;0.0;0.0;0.0;91.36;100.0;0.0
INSCRITOS;QT_INSCRITO_TOTAL;2019;EaD;336;12;0;296516.0;0.0;0.0;0.0;96.55;100.0;0.0
INSCRITOS;QT_INSCRITO_TOTAL;2019;Presencial;2264;204;0;572026.0;0.0;0.0;0.0;91.73;100.0;0.0
INSCRITOS;QT_INSCRITO_TOTAL;2020;EaD;532;23;0;497132.0;0.0;0.0;0.0;95.86;100.0;0.0
INSCRITOS;QT_INSCRITO_TOTAL;2020;Presencial;2247;261;0;549279.0;0.0;0.0;0.0;89.59;100.0;0.0
INSCRITOS;QT_INSCRITO_TOTAL;2021;EaD;716;21;0;507815.0;0.0;0.0;0.0;97.15;100.0;0.0
INSCRITOS;QT_INSCRITO_TOTAL;2021;Presencial;2152;339;0;425103.0;0.0;0.0;0.0;86.39;100.0;0.0
INSCRITOS;QT_INSCRITO_TOTAL;2022;EaD;971;26;0;971396.0;0.0;0.0;0.0;97.39;100.0;0.0
INSCRITOS;QT_INSCRITO_TOTAL;2022;Presencial;2279;288;0;526794.0;0.0;0.0;0.0;88.78;100.0;0.0
INSCRITOS;QT_INSCRITO_TOTAL;2023;EaD;1124;52;0;644084.0;0.0;0.0;0.0;95.58;100.0;0.0
INSCRITOS;QT_INSCRITO_TOTAL;2023;Presencial;2310;310;0;597794.0;0.0;0.0;0.0;88.17;100.0;0.0
INSCRITOS;QT_INSCRITO_TOTAL;2024;EaD;1221;79;0;844155.0;0.0;0.0;0.0;93.92;100.0;0.0
INSCRITOS;QT_INSCRITO_TOTAL;2024;Presencial;2299;295;0;669660.0;0.0;0.0;0.0;88.63;100.0;0.0
EVASAO_SIT;QT_SIT_DESVINCULADO;2009;EaD;30;0;0;3678.0;0.0;0.0;0.0;100.0;100.0;0.0
EVASAO_SIT;QT_SIT_DESVINCULADO;2009;Presencial;1929;8;0;29365.0;11.0;0.0;0.0;99.59;99.96;0.04
EVASAO_SIT;QT_SIT_DESVINCULADO;2010;EaD;38;0;0;8995.0;0.0;0.0;0.0;100.0;100.0;0.0
EVASAO_SIT;QT_SIT_DESVINCULADO;2010;Presencial;2006;20;0;63269.0;182.0;0.0;0.0;99.01;99.71;0.29
EVASAO_SIT;QT_SIT_DESVINCULADO;2011;EaD;47;0;0;9764.0;0.0;0.0;0.0;100.0;100.0;0.0
EVASAO_SIT;QT_SIT_DESVINCULADO;2011;Presencial;2108;21;0;73939.0;109.0;0.0;0.0;99.01;99.85;0.15
EVASAO_SIT;QT_SIT_DESVINCULADO;2012;EaD;56;0;0;13354.0;0.0;0.0;0.0;100.0;100.0;0.0
EVASAO_SIT;QT_SIT_DESVINCULADO;2012;Presencial;2206;47;0;76609.0;300.0;0.0;0.0;97.91;99.61;0.39
EVASAO_SIT;QT_SIT_DESVINCULADO;2013;EaD;66;3;0;13025.0;0.0;0.0;0.0;95.65;100.0;0.0
EVASAO_SIT;QT_SIT_DESVINCULADO;2013;Presencial;2226;61;0;77755.0;323.0;0.0;0.0;97.33;99.59;0.41
EVASAO_SIT;QT_SIT_DESVINCULADO;2014;EaD;73;4;0;23070.0;40.0;0.0;0.0;94.81;99.83;0.17
EVASAO_SIT;QT_SIT_DESVINCULADO;2014;Presencial;2254;71;0;78740.0;1047.0;0.0;0.0;96.95;98.69;1.31
EVASAO_SIT;QT_SIT_DESVINCULADO;2015;EaD;82;5;0;22622.0;26.0;0.0;0.0;94.25;99.89;0.11
EVASAO_SIT;QT_SIT_DESVINCULADO;2015;Presencial;2285;67;0;80660.0;502.0;0.0;0.0;97.15;99.38;0.62
EVASAO_SIT;QT_SIT_DESVINCULADO;2016;EaD;90;2;0;27419.0;92.0;0.0;0.0;97.83;99.67;0.33
EVASAO_SIT;QT_SIT_DESVINCULADO;2016;Presencial;2285;93;0;92255.0;1785.0;0.0;0.0;96.09;98.1;1.9
EVASAO_SIT;QT_SIT_DESVINCULADO;2017;EaD;92;2;0;22879.0;10.0;0.0;0.0;97.87;99.96;0.04
EVASAO_SIT;QT_SIT_DESVINCULADO;2017;Presencial;2132;66;0;70795.0;241.0;0.0;0.0;97.0;99.66;0.34
EVASAO_SIT;QT_SIT_DESVINCULADO;2018;EaD;198;0;0;41169.0;0.0;0.0;0.0;100.0;100.0;0.0
EVASAO_SIT;QT_SIT_DESVINCULADO;2018;Presencial;2367;76;0;73795.0;392.0;0.0;0.0;96.89;99.47;0.53
EVASAO_SIT;QT_SIT_DESVINCULADO;2019;EaD;344;4;0;47070.0;29.0;0.0;0.0;98.85;99.94;0.06
EVASAO_SIT;QT_SIT_DESVINCULADO;2019;Presencial;2384;84;0;78815.0;826.0;0.0;0.0;96.6;98.96;1.04
EVASAO_SIT;QT_SIT_DESVINCULADO;2020;EaD;542;13;0;55358.0;548.0;0.0;0.0;97.66;99.02;0.98
EVASAO_SIT;QT_SIT_DESVINCULADO;2020;Presencial;2403;105;0;66679.0;799.0;0.0;0.0;95.81;98.82;1.18
EVASAO_SIT;QT_SIT_DESVINCULADO;2021;EaD;715;22;0;80063.0;77.0;0.0;0.0;97.01;99.9;0.1
EVASAO_SIT;QT_SIT_DESVINCULADO;2021;Presencial;2375;116;0;61506.0;669.0;0.0;0.0;95.34;98.92;1.08
EVASAO_SIT;QT_SIT_DESVINCULADO;2022;EaD;972;25;0;139267.0;141.0;0.0;0.0;97.49;99.9;0.1
EVASAO_SIT;QT_SIT_DESVINCULADO;2022;Presencial;2447;120;0;70824.0;825.0;0.0;0.0;95.33;98.85;1.15
EVASAO_SIT;QT_SIT_DESVINCULADO;2023;EaD;1146;30;0;184284.0;250.0;0.0;0.0;97.45;99.86;0.14
EVASAO_SIT;QT_SIT_DESVINCULADO;2023;Presencial;2495;125;0;78582.0;1040.0;0.0;0.0;95.23;98.69;1.31
EVASAO_SIT;QT_SIT_DESVINCULADO;2024;EaD;1249;51;0;235048.0;368.0;0.0;0.0;96.08;99.84;0.16
EVASAO_SIT;QT_SIT_DESVINCULADO;2024;Presencial;2474;120;0;79702.0;720.0;0.0;0.0;95.37;99.1;0.9
AREA_TIPO;linhas;2009;EaD;30;0;0;30.0;0.0;0.0;0.0;100.0;100.0;0.0
AREA_TIPO;linhas;2009;Presencial;1937;0;0;1937.0;0.0;0.0;0.0;100.0;100.0;0.0
AREA_TIPO;linhas;2010;EaD;38;0;0;38.0;0.0;0.0;0.0;100.0;100.0;0.0
AREA_TIPO;linhas;2010;Presencial;2026;0;0;2026.0;0.0;0.0;0.0;100.0;100.0;0.0
AREA_TIPO;linhas;2011;EaD;47;0;0;47.0;0.0;0.0;0.0;100.0;100.0;0.0
AREA_TIPO;linhas;2011;Presencial;2129;0;0;2129.0;0.0;0.0;0.0;100.0;100.0;0.0
AREA_TIPO;linhas;2012;EaD;56;0;0;56.0;0.0;0.0;0.0;100.0;100.0;0.0
AREA_TIPO;linhas;2012;Presencial;2253;0;0;2253.0;0.0;0.0;0.0;100.0;100.0;0.0
AREA_TIPO;linhas;2013;EaD;69;0;0;69.0;0.0;0.0;0.0;100.0;100.0;0.0
AREA_TIPO;linhas;2013;Presencial;2287;0;0;2287.0;0.0;0.0;0.0;100.0;100.0;0.0
AREA_TIPO;linhas;2014;EaD;77;0;0;77.0;0.0;0.0;0.0;100.0;100.0;0.0
AREA_TIPO;linhas;2014;Presencial;2325;0;0;2325.0;0.0;0.0;0.0;100.0;100.0;0.0
AREA_TIPO;linhas;2015;EaD;87;0;0;87.0;0.0;0.0;0.0;100.0;100.0;0.0
AREA_TIPO;linhas;2015;Presencial;2352;0;0;2352.0;0.0;0.0;0.0;100.0;100.0;0.0
AREA_TIPO;linhas;2016;EaD;92;0;0;92.0;0.0;0.0;0.0;100.0;100.0;0.0
AREA_TIPO;linhas;2016;Presencial;2378;0;0;2378.0;0.0;0.0;0.0;100.0;100.0;0.0
AREA_TIPO;linhas;2017;EaD;94;0;0;94.0;0.0;0.0;0.0;100.0;100.0;0.0
AREA_TIPO;linhas;2017;Presencial;2198;0;0;2198.0;0.0;0.0;0.0;100.0;100.0;0.0
AREA_TIPO;linhas;2018;EaD;198;0;0;198.0;0.0;0.0;0.0;100.0;100.0;0.0
AREA_TIPO;linhas;2018;Presencial;2443;0;0;2443.0;0.0;0.0;0.0;100.0;100.0;0.0
AREA_TIPO;linhas;2019;EaD;348;0;0;348.0;0.0;0.0;0.0;100.0;100.0;0.0
AREA_TIPO;linhas;2019;Presencial;2468;0;0;2468.0;0.0;0.0;0.0;100.0;100.0;0.0
AREA_TIPO;linhas;2020;EaD;555;0;0;555.0;0.0;0.0;0.0;100.0;100.0;0.0
AREA_TIPO;linhas;2020;Presencial;2508;0;0;2508.0;0.0;0.0;0.0;100.0;100.0;0.0
AREA_TIPO;linhas;2021;EaD;737;0;0;737.0;0.0;0.0;0.0;100.0;100.0;0.0
AREA_TIPO;linhas;2021;Presencial;2491;0;0;2491.0;0.0;0.0;0.0;100.0;100.0;0.0
AREA_TIPO;linhas;2022;EaD;997;0;0;997.0;0.0;0.0;0.0;100.0;100.0;0.0
AREA_TIPO;linhas;2022;Presencial;2567;0;0;2567.0;0.0;0.0;0.0;100.0;100.0;0.0
AREA_TIPO;linhas;2023;EaD;1176;0;0;1176.0;0.0;0.0;0.0;100.0;100.0;0.0
AREA_TIPO;linhas;2023;Presencial;2620;0;0;2620.0;0.0;0.0;0.0;100.0;100.0;0.0
AREA_TIPO;linhas;2024;EaD;1300;0;0;1300.0;0.0;0.0;0.0;100.0;100.0;0.0
AREA_TIPO;linhas;2024;Presencial;2594;0;0;2594.0;0.0;0.0;0.0;100.0;100.0;0.0
SERIE_CURSO;QT_MAT;2009;EaD;30;0;0;22575.0;0.0;0.0;0.0;100.0;100.0;0.0
SERIE_CURSO;QT_MAT;2009;Presencial;1929;8;0;262288.0;0.0;0.0;0.0;99.59;100.0;0.0
SERIE_CURSO;QT_MAT;2010;EaD;38;0;0;29359.0;0.0;0.0;0.0;100.0;100.0;0.0
SERIE_CURSO;QT_MAT;2010;Presencial;2006;20;0;275609.0;0.0;0.0;0.0;99.01;100.0;0.0
SERIE_CURSO;QT_MAT;2011;EaD;47;0;0;31954.0;0.0;0.0;0.0;100.0;100.0;0.0
SERIE_CURSO;QT_MAT;2011;Presencial;2108;21;0;288873.0;0.0;0.0;0.0;99.01;100.0;0.0
SERIE_CURSO;QT_MAT;2012;EaD;56;0;0;34651.0;0.0;0.0;0.0;100.0;100.0;0.0
SERIE_CURSO;QT_MAT;2012;Presencial;2206;47;0;288360.0;0.0;0.0;0.0;97.91;100.0;0.0
SERIE_CURSO;QT_MAT;2013;EaD;66;3;0;40322.0;0.0;0.0;0.0;95.65;100.0;0.0
SERIE_CURSO;QT_MAT;2013;Presencial;2226;61;0;291816.0;0.0;0.0;0.0;97.33;100.0;0.0
SERIE_CURSO;QT_MAT;2014;EaD;73;4;0;45817.0;0.0;0.0;0.0;94.81;100.0;0.0
SERIE_CURSO;QT_MAT;2014;Presencial;2254;71;0;293448.0;0.0;0.0;0.0;96.95;100.0;0.0
SERIE_CURSO;QT_MAT;2015;EaD;82;5;0;51160.0;0.0;0.0;0.0;94.25;100.0;0.0
SERIE_CURSO;QT_MAT;2015;Presencial;2285;67;0;287253.0;0.0;0.0;0.0;97.15;100.0;0.0
SERIE_CURSO;QT_MAT;2016;EaD;90;2;0;52913.0;0.0;0.0;0.0;97.83;100.0;0.0
SERIE_CURSO;QT_MAT;2016;Presencial;2285;93;0;277625.0;0.0;0.0;0.0;96.09;100.0;0.0
SERIE_CURSO;QT_MAT;2017;EaD;92;2;0;53978.0;0.0;0.0;0.0;97.87;100.0;0.0
SERIE_CURSO;QT_MAT;2017;Presencial;2132;66;0;260042.0;0.0;0.0;0.0;97.0;100.0;0.0
SERIE_CURSO;QT_MAT;2018;EaD;198;0;0;89661.0;0.0;0.0;0.0;100.0;100.0;0.0
SERIE_CURSO;QT_MAT;2018;Presencial;2367;76;0;273101.0;0.0;0.0;0.0;96.89;100.0;0.0
SERIE_CURSO;QT_MAT;2019;EaD;344;4;0;108908.0;0.0;0.0;0.0;98.85;100.0;0.0
SERIE_CURSO;QT_MAT;2019;Presencial;2384;84;0;272937.0;0.0;0.0;0.0;96.6;100.0;0.0
SERIE_CURSO;QT_MAT;2020;EaD;543;12;0;169561.0;0.0;0.0;0.0;97.84;100.0;0.0
SERIE_CURSO;QT_MAT;2020;Presencial;2412;96;0;260853.0;0.0;0.0;0.0;96.17;100.0;0.0
SERIE_CURSO;QT_MAT;2021;EaD;716;21;0;243594.0;0.0;0.0;0.0;97.15;100.0;0.0
SERIE_CURSO;QT_MAT;2021;Presencial;2376;115;0;256245.0;0.0;0.0;0.0;95.38;100.0;0.0
SERIE_CURSO;QT_MAT;2022;EaD;973;24;0;350191.0;0.0;0.0;0.0;97.59;100.0;0.0
SERIE_CURSO;QT_MAT;2022;Presencial;2453;114;0;283497.0;0.0;0.0;0.0;95.56;100.0;0.0
SERIE_CURSO;QT_MAT;2023;EaD;1146;30;0;443907.0;0.0;0.0;0.0;97.45;100.0;0.0
SERIE_CURSO;QT_MAT;2023;Presencial;2507;113;0;323660.0;0.0;0.0;0.0;95.69;100.0;0.0
SERIE_CURSO;QT_MAT;2024;EaD;1249;51;0;503635.0;0.0;0.0;0.0;96.08;100.0;0.0
SERIE_CURSO;QT_MAT;2024;Presencial;2479;115;0;357156.0;0.0;0.0;0.0;95.57;100.0;0.0
