USO;NOME_AMIGAVEL;GRAO;PUBLICAR;METRICA_REF;EXIGE_MAT_POSITIVA;DECISAO;DESCRICAO;FICA_DE_FORA_DESTE_GRAFICO;COM_AVISO_NESTE_GRAFICO;AVISO_DO_GRAFICO
CONTAGEM;Quantidade de cursos e instituições;curso_ano;sim;linhas;nao;D10;Contar cursos e IES cadastrados no Censo por ano. Para cursos em atividade, filtrar também QT_MAT maior que zero.;;"Todos os números do curso vieram zerados; Curso com pouquíssima atividade na série; Curso interdisciplinar mantido na base; Curso de 2017 identificado por aproximação";"Nenhum registro fica de fora deste gráfico por regra. Aparece com aviso: Todos os números do curso vieram zerados; Curso com pouquíssima atividade na série; Curso interdisciplinar mantido na base; Curso de 2017 identificado por aproximação."
SERIE_MAT;Matrículas, ingressantes e concluintes ao longo dos anos;curso_ano;sim;QT_MAT;nao;D10;Séries de matrículas, ingressantes e concluintes agregadas por ano, região, IES ou rede.;;"Zero matrículas, mas com ingressantes; Matrículas caíram a zero de um ano para o outro; Ano zerado entre dois anos com muitas matrículas; Salto brusco de matrículas; Todos os números do curso vieram zerados; Curso de 2017 identificado por aproximação";"Nenhum registro fica de fora deste gráfico por regra. Aparece com aviso: Zero matrículas, mas com ingressantes; Matrículas caíram a zero de um ano para o outro; Ano zerado entre dois anos com muitas matrículas; Salto brusco de matrículas; Todos os números do curso vieram zerados; Curso de 2017 identificado por aproximação."
MAPA_MUN;Mapa de matrículas por município;municipio_ano;sim;QT_MAT;nao;D02;Mapa de matrículas, ingressantes e concluintes por município ou UF. Só linhas municipais mapeáveis.;Matrículas concentradas ou municípios vazios (EaD);"Distribuição por município mudou muito de um ano para o outro; Municípios cadastrados sem nenhum aluno (EaD); Todos os municípios cadastrados sem aluno (EaD); Município sem nenhuma matrícula há três anos ou mais; Sem detalhe por município no Censo";"Fica de fora deste gráfico: Matrículas concentradas ou municípios vazios (EaD). Aparece com aviso: Distribuição por município mudou muito de um ano para o outro; Municípios cadastrados sem nenhum aluno (EaD); Todos os municípios cadastrados sem aluno (EaD); Município sem nenhuma matrícula há três anos ou mais; Sem detalhe por município no Censo."
PRESENCA;Presença em municípios;municipio_ano;sim;linhas;sim;D08;Contar municípios com oferta. O município só conta com matrícula positiva. Não prova polo físico.;Matrículas concentradas ou municípios vazios (EaD);"Distribuição por município mudou muito de um ano para o outro; Municípios cadastrados sem nenhum aluno (EaD); Todos os municípios cadastrados sem aluno (EaD); Município sem nenhuma matrícula há três anos ou mais; Sem detalhe por município no Censo";"Fica de fora deste gráfico: Matrículas concentradas ou municípios vazios (EaD). Aparece com aviso: Distribuição por município mudou muito de um ano para o outro; Municípios cadastrados sem nenhum aluno (EaD); Todos os municípios cadastrados sem aluno (EaD); Município sem nenhuma matrícula há três anos ou mais; Sem detalhe por município no Censo."
VAGAS;Vagas oferecidas;curso_ano;sim;QT_VG_TOTAL;nao;D03;Vagas por curso, IES e ano. Nunca por município em EaD.;Instituição repetiu vagas em vários cursos neste ano;Mesmo número de vagas em vários cursos;Fica de fora deste gráfico: Instituição repetiu vagas em vários cursos neste ano. Aparece com aviso: Mesmo número de vagas em vários cursos.
INSCRITOS;Inscritos nos processos seletivos;curso_ano;exploratorio;QT_INSCRITO_TOTAL;nao;D04;Inscritos em processos seletivos, só como análise exploratória. Sem razão inscritos por vaga.;Zero inscritos informados;Inscritos iguais às vagas ou aos ingressantes;Fica de fora deste gráfico: Zero inscritos informados. Aparece com aviso: Inscritos iguais às vagas ou aos ingressantes.
EVASAO_SIT;Alunos desvinculados e trancados;curso_ano;sim;QT_SIT_DESVINCULADO;nao;D09;Contagens absolutas de desvinculados e trancados. Nenhuma razão com matrículas.;"Zero matrículas, mas com ingressantes; Matrículas caíram a zero de um ano para o outro; Ano zerado entre dois anos com muitas matrículas; Todos os números do curso vieram zerados";Salto brusco de matrículas;"Fica de fora deste gráfico: Zero matrículas, mas com ingressantes; Matrículas caíram a zero de um ano para o outro; Ano zerado entre dois anos com muitas matrículas; Todos os números do curso vieram zerados. Aparece com aviso: Salto brusco de matrículas."
AREA_TIPO;Distribuição por tipo de curso;curso_ano;sim;linhas;nao;D10;Agrupamento por tipo de curso ou área de classificação.;;"Nome do curso diferente da classificação do INEP; Classificação do curso ainda em definição pelo INEP; Curso interdisciplinar mantido na base; Classificação do curso mudou ao longo dos anos; Curso de 2017 identificado por aproximação";"Nenhum registro fica de fora deste gráfico por regra. Aparece com aviso: Nome do curso diferente da classificação do INEP; Classificação do curso ainda em definição pelo INEP; Curso interdisciplinar mantido na base; Classificação do curso mudou ao longo dos anos; Curso de 2017 identificado por aproximação."
SERIE_CURSO;Evolução de um mesmo curso;curso_ano;sim;QT_MAT;nao;D10;Trajetória de um mesmo curso ao longo dos anos. Usar CH_SERIE_CURSO, nunca CO_CURSO sozinho.;"Zero matrículas, mas com ingressantes; Matrículas caíram a zero de um ano para o outro; Ano zerado entre dois anos com muitas matrículas";"Salto brusco de matrículas; Todos os números do curso vieram zerados; Curso com pouquíssima atividade na série; Classificação do curso mudou ao longo dos anos; Código do curso aparece em outra instituição";"Fica de fora deste gráfico: Zero matrículas, mas com ingressantes; Matrículas caíram a zero de um ano para o outro; Ano zerado entre dois anos com muitas matrículas. Aparece com aviso: Salto brusco de matrículas; Todos os números do curso vieram zerados; Curso com pouquíssima atividade na série; Classificação do curso mudou ao longo dos anos; Código do curso aparece em outra instituição."
