FLAG;USO;TRATAMENTO;DECISAO
FL_VAGAS_REPETIDAS;CONTAGEM;-;D03
FL_VAGAS_IES_ANO_SUSPEITO;CONTAGEM;-;D03
FL_INSCRITO_IGUAL;CONTAGEM;-;D04
FL_INSCRITO_ZERO;CONTAGEM;-;D07
FL_MAT_ZERO_COM_ING;CONTAGEM;-;D10
FL_MAT_CAI_A_ZERO;CONTAGEM;-;D10
FL_ZERO_LACUNA_50;CONTAGEM;-;D10
FL_SALTO_MAT;CONTAGEM;-;D10
FL_EAD_DISTRIB_ATIPICA;CONTAGEM;-;D02
FL_MUDANCA_DISTRIBUICAO;CONTAGEM;-;D10
FL_NOME_ROTULO_DIVERGENTE;CONTAGEM;-;D10
FL_ROTULO_EM_DEFINICAO;CONTAGEM;-;D10
FL_EAD_MUNICIPIOS_ZERADOS_AMPLA;CONTAGEM;-;D02
FL_EAD_TODOS_MUN_ZERO;CONTAGEM;-;D10
FL_TUDO_ZERO;CONTAGEM;sinalizar;D10
FL_BAIXA_ATIVIDADE;CONTAGEM;sinalizar;D10
FL_INTERDISCIPLINAR;CONTAGEM;sinalizar;D10
FL_ROTULO_MUDA_NA_SERIE;CONTAGEM;-;D10
FL_CO_CURSO_EM_VARIAS_IES;CONTAGEM;-;D10
FL_MUN_ZERO_3_ANOS;CONTAGEM;-;D10
FL_PROXY_OCDE_2017;CONTAGEM;sinalizar;D10
FL_EAD_SEM_TERRITORIO;CONTAGEM;-;D10
FL_VAGAS_REPETIDAS;SERIE_MAT;-;D03
FL_VAGAS_IES_ANO_SUSPEITO;SERIE_MAT;-;D03
FL_INSCRITO_IGUAL;SERIE_MAT;-;D04
FL_INSCRITO_ZERO;SERIE_MAT;-;D07
FL_MAT_ZERO_COM_ING;SERIE_MAT;sinalizar;D10
FL_MAT_CAI_A_ZERO;SERIE_MAT;sinalizar;D10
FL_ZERO_LACUNA_50;SERIE_MAT;sinalizar;D10
FL_SALTO_MAT;SERIE_MAT;sinalizar;D10
FL_EAD_DISTRIB_ATIPICA;SERIE_MAT;-;D02
FL_MUDANCA_DISTRIBUICAO;SERIE_MAT;-;D10
FL_NOME_ROTULO_DIVERGENTE;SERIE_MAT;-;D10
FL_ROTULO_EM_DEFINICAO;SERIE_MAT;-;D10
FL_EAD_MUNICIPIOS_ZERADOS_AMPLA;SERIE_MAT;-;D02
FL_EAD_TODOS_MUN_ZERO;SERIE_MAT;-;D10
FL_TUDO_ZERO;SERIE_MAT;sinalizar;D10
FL_BAIXA_ATIVIDADE;SERIE_MAT;-;D10
FL_INTERDISCIPLINAR;SERIE_MAT;-;D10
FL_ROTULO_MUDA_NA_SERIE;SERIE_MAT;-;D10
FL_CO_CURSO_EM_VARIAS_IES;SERIE_MAT;-;D10
FL_MUN_ZERO_3_ANOS;SERIE_MAT;-;D10
FL_PROXY_OCDE_2017;SERIE_MAT;sinalizar;D10
FL_EAD_SEM_TERRITORIO;SERIE_MAT;-;D10
FL_VAGAS_REPETIDAS;MAPA_MUN;-;D03
FL_VAGAS_IES_ANO_SUSPEITO;MAPA_MUN;-;D03
FL_INSCRITO_IGUAL;MAPA_MUN;-;D04
FL_INSCRITO_ZERO;MAPA_MUN;-;D07
FL_MAT_ZERO_COM_ING;MAPA_MUN;-;D10
FL_MAT_CAI_A_ZERO;MAPA_MUN;-;D10
FL_ZERO_LACUNA_50;MAPA_MUN;-;D10
FL_SALTO_MAT;MAPA_MUN;-;D10
FL_EAD_DISTRIB_ATIPICA;MAPA_MUN;excluir;D02
FL_MUDANCA_DISTRIBUICAO;MAPA_MUN;sinalizar;D10
FL_NOME_ROTULO_DIVERGENTE;MAPA_MUN;-;D10
FL_ROTULO_EM_DEFINICAO;MAPA_MUN;-;D10
FL_EAD_MUNICIPIOS_ZERADOS_AMPLA;MAPA_MUN;sinalizar;D02
FL_EAD_TODOS_MUN_ZERO;MAPA_MUN;sinalizar;D10
FL_TUDO_ZERO;MAPA_MUN;-;D10
FL_BAIXA_ATIVIDADE;MAPA_MUN;-;D10
FL_INTERDISCIPLINAR;MAPA_MUN;-;D10
FL_ROTULO_MUDA_NA_SERIE;MAPA_MUN;-;D10
FL_CO_CURSO_EM_VARIAS_IES;MAPA_MUN;-;D10
FL_MUN_ZERO_3_ANOS;MAPA_MUN;sinalizar;D10
FL_PROXY_OCDE_2017;MAPA_MUN;-;D10
FL_EAD_SEM_TERRITORIO;MAPA_MUN;sinalizar;D10
FL_VAGAS_REPETIDAS;PRESENCA;-;D03
FL_VAGAS_IES_ANO_SUSPEITO;PRESENCA;-;D03
FL_INSCRITO_IGUAL;PRESENCA;-;D04
FL_INSCRITO_ZERO;PRESENCA;-;D07
FL_MAT_ZERO_COM_ING;PRESENCA;-;D10
FL_MAT_CAI_A_ZERO;PRESENCA;-;D10
FL_ZERO_LACUNA_50;PRESENCA;-;D10
FL_SALTO_MAT;PRESENCA;-;D10
FL_EAD_DISTRIB_ATIPICA;PRESENCA;excluir;D02
FL_MUDANCA_DISTRIBUICAO;PRESENCA;sinalizar;D10
FL_NOME_ROTULO_DIVERGENTE;PRESENCA;-;D10
FL_ROTULO_EM_DEFINICAO;PRESENCA;-;D10
FL_EAD_MUNICIPIOS_ZERADOS_AMPLA;PRESENCA;sinalizar;D02
FL_EAD_TODOS_MUN_ZERO;PRESENCA;sinalizar;D10
FL_TUDO_ZERO;PRESENCA;-;D10
FL_BAIXA_ATIVIDADE;PRESENCA;-;D10
FL_INTERDISCIPLINAR;PRESENCA;-;D10
FL_ROTULO_MUDA_NA_SERIE;PRESENCA;-;D10
FL_CO_CURSO_EM_VARIAS_IES;PRESENCA;-;D10
FL_MUN_ZERO_3_ANOS;PRESENCA;sinalizar;D10
FL_PROXY_OCDE_2017;PRESENCA;-;D10
FL_EAD_SEM_TERRITORIO;PRESENCA;sinalizar;D10
FL_VAGAS_REPETIDAS;VAGAS;sinalizar;D03
FL_VAGAS_IES_ANO_SUSPEITO;VAGAS;excluir;D03
FL_INSCRITO_IGUAL;VAGAS;-;D04
FL_INSCRITO_ZERO;VAGAS;-;D07
FL_MAT_ZERO_COM_ING;VAGAS;-;D10
FL_MAT_CAI_A_ZERO;VAGAS;-;D10
FL_ZERO_LACUNA_50;VAGAS;-;D10
FL_SALTO_MAT;VAGAS;-;D10
FL_EAD_DISTRIB_ATIPICA;VAGAS;-;D02
FL_MUDANCA_DISTRIBUICAO;VAGAS;-;D10
FL_NOME_ROTULO_DIVERGENTE;VAGAS;-;D10
FL_ROTULO_EM_DEFINICAO;VAGAS;-;D10
FL_EAD_MUNICIPIOS_ZERADOS_AMPLA;VAGAS;-;D02
FL_EAD_TODOS_MUN_ZERO;VAGAS;-;D10
FL_TUDO_ZERO;VAGAS;-;D10
FL_BAIXA_ATIVIDADE;VAGAS;-;D10
FL_INTERDISCIPLINAR;VAGAS;-;D10
FL_ROTULO_MUDA_NA_SERIE;VAGAS;-;D10
FL_CO_CURSO_EM_VARIAS_IES;VAGAS;-;D10
FL_MUN_ZERO_3_ANOS;VAGAS;-;D10
FL_PROXY_OCDE_2017;VAGAS;-;D10
FL_EAD_SEM_TERRITORIO;VAGAS;-;D10
FL_VAGAS_REPETIDAS;INSCRITOS;-;D03
FL_VAGAS_IES_ANO_SUSPEITO;INSCRITOS;-;D03
FL_INSCRITO_IGUAL;INSCRITOS;sinalizar;D04
FL_INSCRITO_ZERO;INSCRITOS;excluir;D07
FL_MAT_ZERO_COM_ING;INSCRITOS;-;D10
FL_MAT_CAI_A_ZERO;INSCRITOS;-;D10
FL_ZERO_LACUNA_50;INSCRITOS;-;D10
FL_SALTO_MAT;INSCRITOS;-;D10
FL_EAD_DISTRIB_ATIPICA;INSCRITOS;-;D02
FL_MUDANCA_DISTRIBUICAO;INSCRITOS;-;D10
FL_NOME_ROTULO_DIVERGENTE;INSCRITOS;-;D10
FL_ROTULO_EM_DEFINICAO;INSCRITOS;-;D10
FL_EAD_MUNICIPIOS_ZERADOS_AMPLA;INSCRITOS;-;D02
FL_EAD_TODOS_MUN_ZERO;INSCRITOS;-;D10
FL_TUDO_ZERO;INSCRITOS;-;D10
FL_BAIXA_ATIVIDADE;INSCRITOS;-;D10
FL_INTERDISCIPLINAR;INSCRITOS;-;D10
FL_ROTULO_MUDA_NA_SERIE;INSCRITOS;-;D10
FL_CO_CURSO_EM_VARIAS_IES;INSCRITOS;-;D10
FL_MUN_ZERO_3_ANOS;INSCRITOS;-;D10
FL_PROXY_OCDE_2017;INSCRITOS;-;D10
FL_EAD_SEM_TERRITORIO;INSCRITOS;-;D10
FL_VAGAS_REPETIDAS;EVASAO_SIT;-;D03
FL_VAGAS_IES_ANO_SUSPEITO;EVASAO_SIT;-;D03
FL_INSCRITO_IGUAL;EVASAO_SIT;-;D04
FL_INSCRITO_ZERO;EVASAO_SIT;-;D07
FL_MAT_ZERO_COM_ING;EVASAO_SIT;excluir;D10
FL_MAT_CAI_A_ZERO;EVASAO_SIT;excluir;D10
FL_ZERO_LACUNA_50;EVASAO_SIT;excluir;D10
FL_SALTO_MAT;EVASAO_SIT;sinalizar;D10
FL_EAD_DISTRIB_ATIPICA;EVASAO_SIT;-;D02
FL_MUDANCA_DISTRIBUICAO;EVASAO_SIT;-;D10
FL_NOME_ROTULO_DIVERGENTE;EVASAO_SIT;-;D10
FL_ROTULO_EM_DEFINICAO;EVASAO_SIT;-;D10
FL_EAD_MUNICIPIOS_ZERADOS_AMPLA;EVASAO_SIT;-;D02
FL_EAD_TODOS_MUN_ZERO;EVASAO_SIT;-;D10
FL_TUDO_ZERO;EVASAO_SIT;excluir;D10
FL_BAIXA_ATIVIDADE;EVASAO_SIT;-;D10
FL_INTERDISCIPLINAR;EVASAO_SIT;-;D10
FL_ROTULO_MUDA_NA_SERIE;EVASAO_SIT;-;D10
FL_CO_CURSO_EM_VARIAS_IES;EVASAO_SIT;-;D10
FL_MUN_ZERO_3_ANOS;EVASAO_SIT;-;D10
FL_PROXY_OCDE_2017;EVASAO_SIT;-;D10
FL_EAD_SEM_TERRITORIO;EVASAO_SIT;-;D10
FL_VAGAS_REPETIDAS;AREA_TIPO;-;D03
FL_VAGAS_IES_ANO_SUSPEITO;AREA_TIPO;-;D03
FL_INSCRITO_IGUAL;AREA_TIPO;-;D04
FL_INSCRITO_ZERO;AREA_TIPO;-;D07
FL_MAT_ZERO_COM_ING;AREA_TIPO;-;D10
FL_MAT_CAI_A_ZERO;AREA_TIPO;-;D10
FL_ZERO_LACUNA_50;AREA_TIPO;-;D10
FL_SALTO_MAT;AREA_TIPO;-;D10
FL_EAD_DISTRIB_ATIPICA;AREA_TIPO;-;D02
FL_MUDANCA_DISTRIBUICAO;AREA_TIPO;-;D10
FL_NOME_ROTULO_DIVERGENTE;AREA_TIPO;sinalizar;D10
FL_ROTULO_EM_DEFINICAO;AREA_TIPO;sinalizar;D10
FL_EAD_MUNICIPIOS_ZERADOS_AMPLA;AREA_TIPO;-;D02
FL_EAD_TODOS_MUN_ZERO;AREA_TIPO;-;D10
FL_TUDO_ZERO;AREA_TIPO;-;D10
FL_BAIXA_ATIVIDADE;AREA_TIPO;-;D10
FL_INTERDISCIPLINAR;AREA_TIPO;sinalizar;D10
FL_ROTULO_MUDA_NA_SERIE;AREA_TIPO;sinalizar;D10
FL_CO_CURSO_EM_VARIAS_IES;AREA_TIPO;-;D10
FL_MUN_ZERO_3_ANOS;AREA_TIPO;-;D10
FL_PROXY_OCDE_2017;AREA_TIPO;sinalizar;D10
FL_EAD_SEM_TERRITORIO;AREA_TIPO;-;D10
FL_VAGAS_REPETIDAS;SERIE_CURSO;-;D03
FL_VAGAS_IES_ANO_SUSPEITO;SERIE_CURSO;-;D03
FL_INSCRITO_IGUAL;SERIE_CURSO;-;D04
FL_INSCRITO_ZERO;SERIE_CURSO;-;D07
FL_MAT_ZERO_COM_ING;SERIE_CURSO;excluir;D10
FL_MAT_CAI_A_ZERO;SERIE_CURSO;excluir;D10
FL_ZERO_LACUNA_50;SERIE_CURSO;excluir;D10
FL_SALTO_MAT;SERIE_CURSO;sinalizar;D10
FL_EAD_DISTRIB_ATIPICA;SERIE_CURSO;-;D02
FL_MUDANCA_DISTRIBUICAO;SERIE_CURSO;-;D10
FL_NOME_ROTULO_DIVERGENTE;SERIE_CURSO;-;D10
FL_ROTULO_EM_DEFINICAO;SERIE_CURSO;-;D10
FL_EAD_MUNICIPIOS_ZERADOS_AMPLA;SERIE_CURSO;-;D02
FL_EAD_TODOS_MUN_ZERO;SERIE_CURSO;-;D10
FL_TUDO_ZERO;SERIE_CURSO;sinalizar;D10
FL_BAIXA_ATIVIDADE;SERIE_CURSO;sinalizar;D10
FL_INTERDISCIPLINAR;SERIE_CURSO;-;D10
FL_ROTULO_MUDA_NA_SERIE;SERIE_CURSO;sinalizar;D10
FL_CO_CURSO_EM_VARIAS_IES;SERIE_CURSO;sinalizar;D10
FL_MUN_ZERO_3_ANOS;SERIE_CURSO;-;D10
FL_PROXY_OCDE_2017;SERIE_CURSO;-;D10
FL_EAD_SEM_TERRITORIO;SERIE_CURSO;-;D10
