MOTIVO_CURADORIA;CO_IES;CO_CURSO;ANO_INICIAL;ANO_FINAL;NO_IES_LISTA;NO_CURSO_LISTA;ROTULOS_CINE_NA_SERIE;ROTULOS_CANONICOS;DECISAO_CURADORIA;STATUS_VERIFICACAO_FONTE
mudancas reais apos unificar as tres descricoes de Engenharia de Computacao;571;1126727;2011;2024;UNIVERSIDADE FEDERAL DO PARANÁ;INFORMÁTICA BIOMÉDICA | Informática Biomédica;Computação e Tecnologias da Informação e Comunicação (TIC) em biociências e saúde | Programas interdisciplinares abrangendo computação e Tecnologias da Informação e Comunicação (TIC);COMPUTACAO E TECNOLOGIAS DA INFORMACAO E COMUNICACAO TIC EM BIOCIENCIAS E SAUDE | PROGRAMAS INTERDISCIPLINARES ABRANGENDO COMPUTACAO E TECNOLOGIAS DA INFORMACAO E COMUNICACAO TIC;"manter; a classificacao declarada em cada ano pode mudar sem alterar o recorte";"pendente; triagem automatica nao confirma preenchimento da IES"
mudancas reais apos unificar as tres descricoes de Engenharia de Computacao;717;1265544;2015;2024;FUNDAÇÃO UNIVERSIDADE FEDERAL DE CIÊNCIAS DA SAÚDE DE PORTO ALEGRE;INFORMÁTICA BIOMÉDICA | Informática Biomédica;Computação e Tecnologias da Informação e Comunicação (TIC) em biociências e saúde | Programas interdisciplinares abrangendo computação e Tecnologias da Informação e Comunicação (TIC);COMPUTACAO E TECNOLOGIAS DA INFORMACAO E COMUNICACAO TIC EM BIOCIENCIAS E SAUDE | PROGRAMAS INTERDISCIPLINARES ABRANGENDO COMPUTACAO E TECNOLOGIAS DA INFORMACAO E COMUNICACAO TIC;"manter; a classificacao declarada em cada ano pode mudar sem alterar o recorte";"pendente; triagem automatica nao confirma preenchimento da IES"
mudancas reais apos unificar as tres descricoes de Engenharia de Computacao;19476;1292285;2019;2021;EMGE - ESCOLA DE ENGENHARIA;CIÊNCIA DA COMPUTAÇÃO | Ciência Da Computação;Ciência da computação | Engenharia de computação (DCN Engenharia);CIENCIA DA COMPUTACAO | ENGENHARIA DE COMPUTACAO;"manter; a classificacao declarada em cada ano pode mudar sem alterar o recorte";"pendente; triagem automatica nao confirma preenchimento da IES"
mudancas reais apos unificar as tres descricoes de Engenharia de Computacao;583;1304876;2015;2024;UNIVERSIDADE FEDERAL DO CEARÁ;DESIGN DIGITAL | Design Digital;Criação digital | Programas interdisciplinares abrangendo computação e Tecnologias da Informação e Comunicação (TIC);CRIACAO DIGITAL | PROGRAMAS INTERDISCIPLINARES ABRANGENDO COMPUTACAO E TECNOLOGIAS DA INFORMACAO E COMUNICACAO TIC;"manter; a classificacao declarada em cada ano pode mudar sem alterar o recorte";"pendente; triagem automatica nao confirma preenchimento da IES"
mudancas reais apos unificar as tres descricoes de Engenharia de Computacao;605;1313209;2019;2024;UNIVERSIDADE MUNICIPAL DE SÃO CAETANO DO SUL;SEGURANÇA DA INFORMAÇÃO | Segurança Cibernética | Segurança Da Informação;Defesa cibernética | Segurança da informação;DEFESA CIBERNETICA | SEGURANCA DA INFORMACAO;"manter; a classificacao declarada em cada ano pode mudar sem alterar o recorte";"pendente; triagem automatica nao confirma preenchimento da IES"
mudancas reais apos unificar as tres descricoes de Engenharia de Computacao;583;1330754;2015;2024;UNIVERSIDADE FEDERAL DO CEARÁ;SISTEMAS E MÍDIAS DIGITAIS | Sistemas E Mídias Digitais;Criação digital | Programas interdisciplinares abrangendo computação e Tecnologias da Informação e Comunicação (TIC);CRIACAO DIGITAL | PROGRAMAS INTERDISCIPLINARES ABRANGENDO COMPUTACAO E TECNOLOGIAS DA INFORMACAO E COMUNICACAO TIC;"manter; a classificacao declarada em cada ano pode mudar sem alterar o recorte";"pendente; triagem automatica nao confirma preenchimento da IES"
mudancas reais apos unificar as tres descricoes de Engenharia de Computacao;534;1333348;2018;2024;ESCOLA BAHIANA DE MEDICINA E SAÚDE PÚBLICA;INFORMÁTICA EM SAÚDE | Informática Em Saúde;Computação e Tecnologias da Informação e Comunicação (TIC) em biociências e saúde | Programas interdisciplinares abrangendo computação e Tecnologias da Informação e Comunicação (TIC);COMPUTACAO E TECNOLOGIAS DA INFORMACAO E COMUNICACAO TIC EM BIOCIENCIAS E SAUDE | PROGRAMAS INTERDISCIPLINARES ABRANGENDO COMPUTACAO E TECNOLOGIAS DA INFORMACAO E COMUNICACAO TIC;"manter; a classificacao declarada em cada ano pode mudar sem alterar o recorte";"pendente; triagem automatica nao confirma preenchimento da IES"
mudancas reais apos unificar as tres descricoes de Engenharia de Computacao;10;1428437;2018;2024;PONTIFÍCIA UNIVERSIDADE CATÓLICA DO PARANÁ;BIG DATA E INTELIGÊNCIA ANALÍTICA | Big Data E Inteligência Analítica;Ciência de dados | Programas interdisciplinares abrangendo computação e Tecnologias da Informação e Comunicação (TIC);CIENCIA DE DADOS | PROGRAMAS INTERDISCIPLINARES ABRANGENDO COMPUTACAO E TECNOLOGIAS DA INFORMACAO E COMUNICACAO TIC;"manter; a classificacao declarada em cada ano pode mudar sem alterar o recorte";"pendente; triagem automatica nao confirma preenchimento da IES"
mudancas reais apos unificar as tres descricoes de Engenharia de Computacao;1060;1438794;2018;2024;CENTRO UNIVERSITÁRIO DO INSTITUTO DE EDUCAÇÃO SUPERIOR DE BRASÍLIA - IESB;CIÊNCIA DE DADOS E INTELIGÊNCIA ARTIFICIAL | Ciência De Dados E Inteligência Artificial;Ciência de dados | Programas interdisciplinares abrangendo computação e Tecnologias da Informação e Comunicação (TIC);CIENCIA DE DADOS | PROGRAMAS INTERDISCIPLINARES ABRANGENDO COMPUTACAO E TECNOLOGIAS DA INFORMACAO E COMUNICACAO TIC;"manter; a classificacao declarada em cada ano pode mudar sem alterar o recorte";"pendente; triagem automatica nao confirma preenchimento da IES"
mudancas reais apos unificar as tres descricoes de Engenharia de Computacao;17953;1441975;2018;2024;Faculdade de Tecnologia de Pompeia - Shunji Nishimura;BIG DATA NO AGRONEGÓCIO | Big Data No Agronegócio;Agrocomputação | Programas interdisciplinares abrangendo computação e Tecnologias da Informação e Comunicação (TIC);AGROCOMPUTACAO | PROGRAMAS INTERDISCIPLINARES ABRANGENDO COMPUTACAO E TECNOLOGIAS DA INFORMACAO E COMUNICACAO TIC;"manter; a classificacao declarada em cada ano pode mudar sem alterar o recorte";"pendente; triagem automatica nao confirma preenchimento da IES"
mudancas reais apos unificar as tres descricoes de Engenharia de Computacao;221;1445438;2018;2024;UNIVERSIDADE CRUZEIRO DO SUL;INTERNET DAS COISAS | Internet Das Coisas;Internet das coisas | Programas interdisciplinares abrangendo computação e Tecnologias da Informação e Comunicação (TIC);INTERNET DAS COISAS | PROGRAMAS INTERDISCIPLINARES ABRANGENDO COMPUTACAO E TECNOLOGIAS DA INFORMACAO E COMUNICACAO TIC;"manter; a classificacao declarada em cada ano pode mudar sem alterar o recorte";"pendente; triagem automatica nao confirma preenchimento da IES"
mudancas reais apos unificar as tres descricoes de Engenharia de Computacao;496;1445540;2018;2024;UNIVERSIDADE DE FRANCA;INTERNET DAS COISAS | Internet Das Coisas;Internet das coisas | Programas interdisciplinares abrangendo computação e Tecnologias da Informação e Comunicação (TIC);INTERNET DAS COISAS | PROGRAMAS INTERDISCIPLINARES ABRANGENDO COMPUTACAO E TECNOLOGIAS DA INFORMACAO E COMUNICACAO TIC;"manter; a classificacao declarada em cada ano pode mudar sem alterar o recorte";"pendente; triagem automatica nao confirma preenchimento da IES"
mudancas reais apos unificar as tres descricoes de Engenharia de Computacao;417;1445598;2018;2024;UNIVERSIDADE CIDADE DE SÃO PAULO;INTERNET DAS COISAS | Internet Das Coisas;Internet das coisas | Programas interdisciplinares abrangendo computação e Tecnologias da Informação e Comunicação (TIC);INTERNET DAS COISAS | PROGRAMAS INTERDISCIPLINARES ABRANGENDO COMPUTACAO E TECNOLOGIAS DA INFORMACAO E COMUNICACAO TIC;"manter; a classificacao declarada em cada ano pode mudar sem alterar o recorte";"pendente; triagem automatica nao confirma preenchimento da IES"
mudancas reais apos unificar as tres descricoes de Engenharia de Computacao;216;1446761;2018;2024;CENTRO UNIVERSITÁRIO METODISTA IZABELA HENDRIX;CIÊNCIAS DE DADOS | Ciências De Dados;Ciência de dados | Programas interdisciplinares abrangendo computação e Tecnologias da Informação e Comunicação (TIC);CIENCIA DE DADOS | PROGRAMAS INTERDISCIPLINARES ABRANGENDO COMPUTACAO E TECNOLOGIAS DA INFORMACAO E COMUNICACAO TIC;"manter; a classificacao declarada em cada ano pode mudar sem alterar o recorte";"pendente; triagem automatica nao confirma preenchimento da IES"
mudancas reais apos unificar as tres descricoes de Engenharia de Computacao;216;1446763;2018;2024;CENTRO UNIVERSITÁRIO METODISTA IZABELA HENDRIX;BIOINFORMÁTICA | Bioinformática;Computação e Tecnologias da Informação e Comunicação (TIC) em biociências e saúde | Programas interdisciplinares abrangendo computação e Tecnologias da Informação e Comunicação (TIC);COMPUTACAO E TECNOLOGIAS DA INFORMACAO E COMUNICACAO TIC EM BIOCIENCIAS E SAUDE | PROGRAMAS INTERDISCIPLINARES ABRANGENDO COMPUTACAO E TECNOLOGIAS DA INFORMACAO E COMUNICACAO TIC;"manter; a classificacao declarada em cada ano pode mudar sem alterar o recorte";"pendente; triagem automatica nao confirma preenchimento da IES"
mudancas reais apos unificar as tres descricoes de Engenharia de Computacao;1427;1447929;2019;2024;CENTRO UNIVERSITÁRIO DA SERRA GAÚCHA;INTERNET DAS COISAS | Internet Das Coisas;Internet das coisas | Programas interdisciplinares abrangendo computação e Tecnologias da Informação e Comunicação (TIC);INTERNET DAS COISAS | PROGRAMAS INTERDISCIPLINARES ABRANGENDO COMPUTACAO E TECNOLOGIAS DA INFORMACAO E COMUNICACAO TIC;"manter; a classificacao declarada em cada ano pode mudar sem alterar o recorte";"pendente; triagem automatica nao confirma preenchimento da IES"
mudancas reais apos unificar as tres descricoes de Engenharia de Computacao;448;1457682;2019;2024;CENTRO UNIVERSITÁRIO RITTER DOS REIS;BIG DATA E INTELIGÊNCIA ANALÍTICA | Big Data E Inteligência Analítica;Ciência de dados | Programas interdisciplinares abrangendo computação e Tecnologias da Informação e Comunicação (TIC);CIENCIA DE DADOS | PROGRAMAS INTERDISCIPLINARES ABRANGENDO COMPUTACAO E TECNOLOGIAS DA INFORMACAO E COMUNICACAO TIC;"manter; a classificacao declarada em cada ano pode mudar sem alterar o recorte";"pendente; triagem automatica nao confirma preenchimento da IES"
mudancas reais apos unificar as tres descricoes de Engenharia de Computacao;221;1473088;2019;2024;UNIVERSIDADE CRUZEIRO DO SUL;CIÊNCIA DE DADOS | Ciência De Dados;Ciência de dados | Programas interdisciplinares abrangendo computação e Tecnologias da Informação e Comunicação (TIC);CIENCIA DE DADOS | PROGRAMAS INTERDISCIPLINARES ABRANGENDO COMPUTACAO E TECNOLOGIAS DA INFORMACAO E COMUNICACAO TIC;"manter; a classificacao declarada em cada ano pode mudar sem alterar o recorte";"pendente; triagem automatica nao confirma preenchimento da IES"
mudancas reais apos unificar as tres descricoes de Engenharia de Computacao;417;1473184;2019;2024;UNIVERSIDADE CIDADE DE SÃO PAULO;CIÊNCIA DE DADOS | Ciência De Dados;Ciência de dados | Programas interdisciplinares abrangendo computação e Tecnologias da Informação e Comunicação (TIC);CIENCIA DE DADOS | PROGRAMAS INTERDISCIPLINARES ABRANGENDO COMPUTACAO E TECNOLOGIAS DA INFORMACAO E COMUNICACAO TIC;"manter; a classificacao declarada em cada ano pode mudar sem alterar o recorte";"pendente; triagem automatica nao confirma preenchimento da IES"
mudancas reais apos unificar as tres descricoes de Engenharia de Computacao;496;1481978;2019;2024;UNIVERSIDADE DE FRANCA;CIÊNCIA DE DADOS | Ciência De Dados;Ciência de dados | Programas interdisciplinares abrangendo computação e Tecnologias da Informação e Comunicação (TIC);CIENCIA DE DADOS | PROGRAMAS INTERDISCIPLINARES ABRANGENDO COMPUTACAO E TECNOLOGIAS DA INFORMACAO E COMUNICACAO TIC;"manter; a classificacao declarada em cada ano pode mudar sem alterar o recorte";"pendente; triagem automatica nao confirma preenchimento da IES"
mudancas reais apos unificar as tres descricoes de Engenharia de Computacao;1487;1483485;2019;2024;CENTRO UNIVERSITÁRIO UNIDOM - BOSCO;CIÊNCIA DE DADOS E INTELIGÊNCIA ARTIFICIAL | Ciência De Dados E Inteligência Artificial;Ciência de dados | Programas interdisciplinares abrangendo computação e Tecnologias da Informação e Comunicação (TIC);CIENCIA DE DADOS | PROGRAMAS INTERDISCIPLINARES ABRANGENDO COMPUTACAO E TECNOLOGIAS DA INFORMACAO E COMUNICACAO TIC;"manter; a classificacao declarada em cada ano pode mudar sem alterar o recorte";"pendente; triagem automatica nao confirma preenchimento da IES"
mudancas reais apos unificar as tres descricoes de Engenharia de Computacao;1472;1484102;2019;2024;CENTRO UNIVERSITÁRIO LEONARDO DA VINCI;BIG DATA E INTELIGÊNCIA ANALÍTICA | Big Data E Inteligência Analítica;Ciência de dados | Programas interdisciplinares abrangendo computação e Tecnologias da Informação e Comunicação (TIC);CIENCIA DE DADOS | PROGRAMAS INTERDISCIPLINARES ABRANGENDO COMPUTACAO E TECNOLOGIAS DA INFORMACAO E COMUNICACAO TIC;"manter; a classificacao declarada em cada ano pode mudar sem alterar o recorte";"pendente; triagem automatica nao confirma preenchimento da IES"
mudancas reais apos unificar as tres descricoes de Engenharia de Computacao;527;1484619;2019;2024;PONTIFÍCIA UNIVERSIDADE CATÓLICA DE GOIÁS;BIG DATA E INTELIGÊNCIA ARTIFICIAL | Big Data E Inteligência Artificial;Ciência de dados | Programas interdisciplinares abrangendo computação e Tecnologias da Informação e Comunicação (TIC);CIENCIA DE DADOS | PROGRAMAS INTERDISCIPLINARES ABRANGENDO COMPUTACAO E TECNOLOGIAS DA INFORMACAO E COMUNICACAO TIC;"manter; a classificacao declarada em cada ano pode mudar sem alterar o recorte";"pendente; triagem automatica nao confirma preenchimento da IES"
mudancas reais apos unificar as tres descricoes de Engenharia de Computacao;712;1484892;2019;2024;CENTRO UNIVERSITÁRIO IBMR;BIG DATA E INTELIGÊNCIA ANALÍTICA | Big Data E Inteligência Analítica;Ciência de dados | Programas interdisciplinares abrangendo computação e Tecnologias da Informação e Comunicação (TIC);CIENCIA DE DADOS | PROGRAMAS INTERDISCIPLINARES ABRANGENDO COMPUTACAO E TECNOLOGIAS DA INFORMACAO E COMUNICACAO TIC;"manter; a classificacao declarada em cada ano pode mudar sem alterar o recorte";"pendente; triagem automatica nao confirma preenchimento da IES"
mudancas reais apos unificar as tres descricoes de Engenharia de Computacao;385;1485004;2019;2024;UNIVERSIDADE SALVADOR;BIG DATA E INTELIGÊNCIA ANALÍTICA | Big Data E Inteligência Analítica;Ciência de dados | Programas interdisciplinares abrangendo computação e Tecnologias da Informação e Comunicação (TIC);CIENCIA DE DADOS | PROGRAMAS INTERDISCIPLINARES ABRANGENDO COMPUTACAO E TECNOLOGIAS DA INFORMACAO E COMUNICACAO TIC;"manter; a classificacao declarada em cada ano pode mudar sem alterar o recorte";"pendente; triagem automatica nao confirma preenchimento da IES"
mudancas reais apos unificar as tres descricoes de Engenharia de Computacao;135;1485065;2019;2024;CENTRO UNIVERSITÁRIO CLARETIANO | Claretiano - Centro Universitário;ANÁLISE DE DADOS | Análise De Dados;Ciência de dados | Programas interdisciplinares abrangendo computação e Tecnologias da Informação e Comunicação (TIC);CIENCIA DE DADOS | PROGRAMAS INTERDISCIPLINARES ABRANGENDO COMPUTACAO E TECNOLOGIAS DA INFORMACAO E COMUNICACAO TIC;"manter; a classificacao declarada em cada ano pode mudar sem alterar o recorte";"pendente; triagem automatica nao confirma preenchimento da IES"
mudancas reais apos unificar as tres descricoes de Engenharia de Computacao;1427;1486877;2019;2024;CENTRO UNIVERSITÁRIO DA SERRA GAÚCHA;CIÊNCIA DE DADOS | Ciência De Dados;Ciência de dados | Programas interdisciplinares abrangendo computação e Tecnologias da Informação e Comunicação (TIC);CIENCIA DE DADOS | PROGRAMAS INTERDISCIPLINARES ABRANGENDO COMPUTACAO E TECNOLOGIAS DA INFORMACAO E COMUNICACAO TIC;"manter; a classificacao declarada em cada ano pode mudar sem alterar o recorte";"pendente; triagem automatica nao confirma preenchimento da IES"
mudancas reais apos unificar as tres descricoes de Engenharia de Computacao;718;1487232;2019;2024;UNIVERSIDADE POTIGUAR;BIG DATA E INTELIGÊNCIA ANALÍTICA | Big Data E Inteligência Analítica;Ciência de dados | Programas interdisciplinares abrangendo computação e Tecnologias da Informação e Comunicação (TIC);CIENCIA DE DADOS | PROGRAMAS INTERDISCIPLINARES ABRANGENDO COMPUTACAO E TECNOLOGIAS DA INFORMACAO E COMUNICACAO TIC;"manter; a classificacao declarada em cada ano pode mudar sem alterar o recorte";"pendente; triagem automatica nao confirma preenchimento da IES"
mudancas reais apos unificar as tres descricoes de Engenharia de Computacao;466;1496067;2019;2024;UNIVERSIDADE ANHEMBI MORUMBI;BIG DATA E INTELIGÊNCIA ANALÍTICA | Big Data E Inteligência Analítica;Ciência de dados | Programas interdisciplinares abrangendo computação e Tecnologias da Informação e Comunicação (TIC);CIENCIA DE DADOS | PROGRAMAS INTERDISCIPLINARES ABRANGENDO COMPUTACAO E TECNOLOGIAS DA INFORMACAO E COMUNICACAO TIC;"manter; a classificacao declarada em cada ano pode mudar sem alterar o recorte";"pendente; triagem automatica nao confirma preenchimento da IES"
mudancas reais apos unificar as tres descricoes de Engenharia de Computacao;2950;1516444;2019;2024;Centro Universitário FADERGS;BIG DATA E INTELIGÊNCIA ANALÍTICA | Big Data E Inteligência Analítica;Ciência de dados | Programas interdisciplinares abrangendo computação e Tecnologias da Informação e Comunicação (TIC);CIENCIA DE DADOS | PROGRAMAS INTERDISCIPLINARES ABRANGENDO COMPUTACAO E TECNOLOGIAS DA INFORMACAO E COMUNICACAO TIC;"manter; a classificacao declarada em cada ano pode mudar sem alterar o recorte";"pendente; triagem automatica nao confirma preenchimento da IES"
mudancas reais apos unificar as tres descricoes de Engenharia de Computacao;15757;1516546;2019;2024;Faculdade de Tecnologia de Barueri;DESIGN DE MÍDIAS DIGITAIS | Design De Mídias Digitais;Criação digital | Programas interdisciplinares abrangendo computação e Tecnologias da Informação e Comunicação (TIC);CRIACAO DIGITAL | PROGRAMAS INTERDISCIPLINARES ABRANGENDO COMPUTACAO E TECNOLOGIAS DA INFORMACAO E COMUNICACAO TIC;"manter; a classificacao declarada em cada ano pode mudar sem alterar o recorte";"pendente; triagem automatica nao confirma preenchimento da IES"
mudancas reais apos unificar as tres descricoes de Engenharia de Computacao;16395;1516871;2019;2024;Faculdade de Tecnologia de Carapicuiba;DESIGN DE MÍDIAS DIGITAIS | Design De Mídias Digitais;Criação digital | Programas interdisciplinares abrangendo computação e Tecnologias da Informação e Comunicação (TIC);CRIACAO DIGITAL | PROGRAMAS INTERDISCIPLINARES ABRANGENDO COMPUTACAO E TECNOLOGIAS DA INFORMACAO E COMUNICACAO TIC;"manter; a classificacao declarada em cada ano pode mudar sem alterar o recorte";"pendente; triagem automatica nao confirma preenchimento da IES"
mudancas reais apos unificar as tres descricoes de Engenharia de Computacao;1491;1517110;2020;2024;CENTRO UNIVERSITÁRIO INTERNACIONAL;DESENVOLVIMENTO DE APLICATIVOS PARA DISPOSITIVOS MÓVEIS | Desenvolvimento De Aplicativos Para Dispositivos Móveis | Desenvolvimento Mobile;Programas abrangendo Computação e Tecnologias da Informação e Comunicação (TIC) em processo de definição da classificação | Sistemas de informação;PROGRAMAS ABRANGENDO COMPUTACAO E TECNOLOGIAS DA INFORMACAO E COMUNICACAO TIC EM PROCESSO DE DEFINICAO DA CLASSIFICACAO | SISTEMAS DE INFORMACAO;"manter; a classificacao declarada em cada ano pode mudar sem alterar o recorte";"pendente; triagem automatica nao confirma preenchimento da IES"
mudancas reais apos unificar as tres descricoes de Engenharia de Computacao;374;1519848;2019;2024;CENTRO UNIVERSITÁRIO DAS FACULDADES METROPOLITANAS UNIDAS;BIG DATA E INTELIGÊNCIA ANALÍTICA | Big Data E Inteligência Analítica;Ciência de dados | Programas interdisciplinares abrangendo computação e Tecnologias da Informação e Comunicação (TIC);CIENCIA DE DADOS | PROGRAMAS INTERDISCIPLINARES ABRANGENDO COMPUTACAO E TECNOLOGIAS DA INFORMACAO E COMUNICACAO TIC;"manter; a classificacao declarada em cada ano pode mudar sem alterar o recorte";"pendente; triagem automatica nao confirma preenchimento da IES"
mudancas reais apos unificar as tres descricoes de Engenharia de Computacao;298;1537353;2020;2024;UNIVERSIDADE PITÁGORAS UNOPAR | Universidade Pitágoras Unopar Anhanguera;DESENVOLVIMENTO MOBILE | Desenvolvimento Mobile;Engenharia de software | Programas abrangendo Computação e Tecnologias da Informação e Comunicação (TIC) em processo de definição da classificação;ENGENHARIA DE SOFTWARE | PROGRAMAS ABRANGENDO COMPUTACAO E TECNOLOGIAS DA INFORMACAO E COMUNICACAO TIC EM PROCESSO DE DEFINICAO DA CLASSIFICACAO;"manter; a classificacao declarada em cada ano pode mudar sem alterar o recorte";"pendente; triagem automatica nao confirma preenchimento da IES"
mudancas reais apos unificar as tres descricoes de Engenharia de Computacao;671;1537675;2020;2024;UNIVERSIDADE ANHANGUERA;DESENVOLVIMENTO MOBILE | Desenvolvimento Mobile;Engenharia de software | Programas abrangendo Computação e Tecnologias da Informação e Comunicação (TIC) em processo de definição da classificação;ENGENHARIA DE SOFTWARE | PROGRAMAS ABRANGENDO COMPUTACAO E TECNOLOGIAS DA INFORMACAO E COMUNICACAO TIC EM PROCESSO DE DEFINICAO DA CLASSIFICACAO;"manter; a classificacao declarada em cada ano pode mudar sem alterar o recorte";"pendente; triagem automatica nao confirma preenchimento da IES"
mudancas reais apos unificar as tres descricoes de Engenharia de Computacao;437;1565359;2021;2024;UNIVERSIDADE PARANAENSE;Desenvolvimento Mobile;Engenharia de software | Programas abrangendo Computação e Tecnologias da Informação e Comunicação (TIC) em processo de definição da classificação;ENGENHARIA DE SOFTWARE | PROGRAMAS ABRANGENDO COMPUTACAO E TECNOLOGIAS DA INFORMACAO E COMUNICACAO TIC EM PROCESSO DE DEFINICAO DA CLASSIFICACAO;"manter; a classificacao declarada em cada ano pode mudar sem alterar o recorte";"pendente; triagem automatica nao confirma preenchimento da IES"
mudancas reais apos unificar as tres descricoes de Engenharia de Computacao;16543;1570707;2023;2024;Faculdade Metropolitana do Estado de São Paulo;Big Data E Inteligência Analítica;Banco de dados | Ciência de dados;BANCO DE DADOS | CIENCIA DE DADOS;"manter; a classificacao declarada em cada ano pode mudar sem alterar o recorte";"pendente; triagem automatica nao confirma preenchimento da IES"
mudancas reais apos unificar as tres descricoes de Engenharia de Computacao;12916;1572272;2023;2024;IPOG - INSTITUTO DE PÓS-GRADUAÇÃO & GRADUAÇÃO;Banco De Dados | Data Science;Banco de dados | Ciência de dados;BANCO DE DADOS | CIENCIA DE DADOS;"manter; a classificacao declarada em cada ano pode mudar sem alterar o recorte";"pendente; triagem automatica nao confirma preenchimento da IES"
mudancas reais apos unificar as tres descricoes de Engenharia de Computacao;515;1576418;2022;2024;Centro Universitário Anhanguera Pitágoras Unopar de Niterói;Desenvolvimento Mobile;Engenharia de software | Programas abrangendo Computação e Tecnologias da Informação e Comunicação (TIC) em processo de definição da classificação;ENGENHARIA DE SOFTWARE | PROGRAMAS ABRANGENDO COMPUTACAO E TECNOLOGIAS DA INFORMACAO E COMUNICACAO TIC EM PROCESSO DE DEFINICAO DA CLASSIFICACAO;"manter; a classificacao declarada em cada ano pode mudar sem alterar o recorte";"pendente; triagem automatica nao confirma preenchimento da IES"
mudancas reais apos unificar as tres descricoes de Engenharia de Computacao;926;1576591;2022;2024;Centro Universitário Anhanguera Pitágoras Unopar de Campo Grande;Desenvolvimento Mobile;Engenharia de software | Programas abrangendo Computação e Tecnologias da Informação e Comunicação (TIC) em processo de definição da classificação;ENGENHARIA DE SOFTWARE | PROGRAMAS ABRANGENDO COMPUTACAO E TECNOLOGIAS DA INFORMACAO E COMUNICACAO TIC EM PROCESSO DE DEFINICAO DA CLASSIFICACAO;"manter; a classificacao declarada em cada ano pode mudar sem alterar o recorte";"pendente; triagem automatica nao confirma preenchimento da IES"
mudancas reais apos unificar as tres descricoes de Engenharia de Computacao;242;1582586;2021;2024;CENTRO UNIVERSITÁRIO ANHANGUERA PITÁGORAS AMPLI;Desenvolvimento Mobile;Engenharia de software | Programas abrangendo Computação e Tecnologias da Informação e Comunicação (TIC) em processo de definição da classificação;ENGENHARIA DE SOFTWARE | PROGRAMAS ABRANGENDO COMPUTACAO E TECNOLOGIAS DA INFORMACAO E COMUNICACAO TIC EM PROCESSO DE DEFINICAO DA CLASSIFICACAO;"manter; a classificacao declarada em cada ano pode mudar sem alterar o recorte";"pendente; triagem automatica nao confirma preenchimento da IES"
mudancas reais apos unificar as tres descricoes de Engenharia de Computacao;19865;1585464;2023;2024;Faculdade Una de Pouso Alegre;Engenharia De Computação;Ciência da computação | Engenharia de computação;CIENCIA DA COMPUTACAO | ENGENHARIA DE COMPUTACAO;"manter; a classificacao declarada em cada ano pode mudar sem alterar o recorte";"pendente; triagem automatica nao confirma preenchimento da IES"
mudancas reais apos unificar as tres descricoes de Engenharia de Computacao;1900;1597150;2022;2024;Centro Universitário de Ensino, Ciência e Tecnologia do Paraná;Banco De Dados | Ciência De Dados;Banco de dados | Ciência de dados;BANCO DE DADOS | CIENCIA DE DADOS;"manter; a classificacao declarada em cada ano pode mudar sem alterar o recorte";"pendente; triagem automatica nao confirma preenchimento da IES"
mudancas reais apos unificar as tres descricoes de Engenharia de Computacao;526;1598852;2022;2024;CENTRO UNIVERSITÁRIO BRAZ CUBAS;Desenvolvimento Mobile;Engenharia de software | Programas abrangendo Computação e Tecnologias da Informação e Comunicação (TIC) em processo de definição da classificação;ENGENHARIA DE SOFTWARE | PROGRAMAS ABRANGENDO COMPUTACAO E TECNOLOGIAS DA INFORMACAO E COMUNICACAO TIC EM PROCESSO DE DEFINICAO DA CLASSIFICACAO;"manter; a classificacao declarada em cada ano pode mudar sem alterar o recorte";"pendente; triagem automatica nao confirma preenchimento da IES"
mudancas reais apos unificar as tres descricoes de Engenharia de Computacao;221;1598939;2022;2024;UNIVERSIDADE CRUZEIRO DO SUL;Desenvolvimento Mobile;Engenharia de software | Programas abrangendo Computação e Tecnologias da Informação e Comunicação (TIC) em processo de definição da classificação;ENGENHARIA DE SOFTWARE | PROGRAMAS ABRANGENDO COMPUTACAO E TECNOLOGIAS DA INFORMACAO E COMUNICACAO TIC EM PROCESSO DE DEFINICAO DA CLASSIFICACAO;"manter; a classificacao declarada em cada ano pode mudar sem alterar o recorte";"pendente; triagem automatica nao confirma preenchimento da IES"
mudancas reais apos unificar as tres descricoes de Engenharia de Computacao;417;1599014;2022;2024;UNIVERSIDADE CIDADE DE SÃO PAULO;Desenvolvimento Mobile;Engenharia de software | Programas abrangendo Computação e Tecnologias da Informação e Comunicação (TIC) em processo de definição da classificação;ENGENHARIA DE SOFTWARE | PROGRAMAS ABRANGENDO COMPUTACAO E TECNOLOGIAS DA INFORMACAO E COMUNICACAO TIC EM PROCESSO DE DEFINICAO DA CLASSIFICACAO;"manter; a classificacao declarada em cada ano pode mudar sem alterar o recorte";"pendente; triagem automatica nao confirma preenchimento da IES"
mudancas reais apos unificar as tres descricoes de Engenharia de Computacao;1042;1599115;2022;2024;UNIVERSIDADE POSITIVO;Desenvolvimento Mobile;Engenharia de software | Programas abrangendo Computação e Tecnologias da Informação e Comunicação (TIC) em processo de definição da classificação;ENGENHARIA DE SOFTWARE | PROGRAMAS ABRANGENDO COMPUTACAO E TECNOLOGIAS DA INFORMACAO E COMUNICACAO TIC EM PROCESSO DE DEFINICAO DA CLASSIFICACAO;"manter; a classificacao declarada em cada ano pode mudar sem alterar o recorte";"pendente; triagem automatica nao confirma preenchimento da IES"
mudancas reais apos unificar as tres descricoes de Engenharia de Computacao;496;1599256;2022;2024;UNIVERSIDADE DE FRANCA;Desenvolvimento Mobile;Engenharia de software | Programas abrangendo Computação e Tecnologias da Informação e Comunicação (TIC) em processo de definição da classificação;ENGENHARIA DE SOFTWARE | PROGRAMAS ABRANGENDO COMPUTACAO E TECNOLOGIAS DA INFORMACAO E COMUNICACAO TIC EM PROCESSO DE DEFINICAO DA CLASSIFICACAO;"manter; a classificacao declarada em cada ano pode mudar sem alterar o recorte";"pendente; triagem automatica nao confirma preenchimento da IES"
mudancas reais apos unificar as tres descricoes de Engenharia de Computacao;1427;1599297;2022;2024;CENTRO UNIVERSITÁRIO DA SERRA GAÚCHA;Desenvolvimento Mobile;Engenharia de software | Programas abrangendo Computação e Tecnologias da Informação e Comunicação (TIC) em processo de definição da classificação;ENGENHARIA DE SOFTWARE | PROGRAMAS ABRANGENDO COMPUTACAO E TECNOLOGIAS DA INFORMACAO E COMUNICACAO TIC EM PROCESSO DE DEFINICAO DA CLASSIFICACAO;"manter; a classificacao declarada em cada ano pode mudar sem alterar o recorte";"pendente; triagem automatica nao confirma preenchimento da IES"
mudancas reais apos unificar as tres descricoes de Engenharia de Computacao;352;1599563;2022;2024;CENTRO UNIVERSITÁRIO DE JOÃO PESSOA;Desenvolvimento Mobile;Engenharia de software | Programas abrangendo Computação e Tecnologias da Informação e Comunicação (TIC) em processo de definição da classificação;ENGENHARIA DE SOFTWARE | PROGRAMAS ABRANGENDO COMPUTACAO E TECNOLOGIAS DA INFORMACAO E COMUNICACAO TIC EM PROCESSO DE DEFINICAO DA CLASSIFICACAO;"manter; a classificacao declarada em cada ano pode mudar sem alterar o recorte";"pendente; triagem automatica nao confirma preenchimento da IES"
mudancas reais apos unificar as tres descricoes de Engenharia de Computacao;1270;1600249;2022;2024;CENTRO UNIVERSITÁRIO ESTÁCIO DE RIBEIRÃO PRETO;Desenvolvimento Full Stack;Engenharia de software | Sistemas para internet;ENGENHARIA DE SOFTWARE | SISTEMAS PARA INTERNET;"manter; a classificacao declarada em cada ano pode mudar sem alterar o recorte";"pendente; triagem automatica nao confirma preenchimento da IES"
mudancas reais apos unificar as tres descricoes de Engenharia de Computacao;1196;1615338;2023;2024;UNIVERSIDADE CESUMAR;Desenvolvimento De Aplicativos Móveis;Programas abrangendo Computação e Tecnologias da Informação e Comunicação (TIC) em processo de definição da classificação | Sistemas para internet;PROGRAMAS ABRANGENDO COMPUTACAO E TECNOLOGIAS DA INFORMACAO E COMUNICACAO TIC EM PROCESSO DE DEFINICAO DA CLASSIFICACAO | SISTEMAS PARA INTERNET;"manter; a classificacao declarada em cada ano pode mudar sem alterar o recorte";"pendente; triagem automatica nao confirma preenchimento da IES"
mudancas reais apos unificar as tres descricoes de Engenharia de Computacao;2625;1616602;2023;2024;CENTRO UNIVERSITÁRIO UFBRA;Engenharia De Computação;Ciência da computação | Engenharia de computação;CIENCIA DA COMPUTACAO | ENGENHARIA DE COMPUTACAO;"manter; a classificacao declarada em cada ano pode mudar sem alterar o recorte";"pendente; triagem automatica nao confirma preenchimento da IES"
mudancas reais apos unificar as tres descricoes de Engenharia de Computacao;1472;1617841;2023;2024;CENTRO UNIVERSITÁRIO LEONARDO DA VINCI;Desenvolvimento De Aplicativos Móveis;Programas abrangendo Computação e Tecnologias da Informação e Comunicação (TIC) em processo de definição da classificação | Sistemas para internet;PROGRAMAS ABRANGENDO COMPUTACAO E TECNOLOGIAS DA INFORMACAO E COMUNICACAO TIC EM PROCESSO DE DEFINICAO DA CLASSIFICACAO | SISTEMAS PARA INTERNET;"manter; a classificacao declarada em cada ano pode mudar sem alterar o recorte";"pendente; triagem automatica nao confirma preenchimento da IES"
mudancas reais apos unificar as tres descricoes de Engenharia de Computacao;3294;1618022;2023;2024;CENTRO UNIVERSITÁRIO FAVENI;Cibersegurança;Defesa cibernética | Segurança da informação;DEFESA CIBERNETICA | SEGURANCA DA INFORMACAO;"manter; a classificacao declarada em cada ano pode mudar sem alterar o recorte";"pendente; triagem automatica nao confirma preenchimento da IES"
mudancas reais apos unificar as tres descricoes de Engenharia de Computacao;3294;1619434;2023;2024;CENTRO UNIVERSITÁRIO FAVENI;Desenvolvimento De Aplicativos Para Dispositivos Móveis;Internet das coisas | Programas abrangendo Computação e Tecnologias da Informação e Comunicação (TIC) em processo de definição da classificação;INTERNET DAS COISAS | PROGRAMAS ABRANGENDO COMPUTACAO E TECNOLOGIAS DA INFORMACAO E COMUNICACAO TIC EM PROCESSO DE DEFINICAO DA CLASSIFICACAO;"manter; a classificacao declarada em cada ano pode mudar sem alterar o recorte";"pendente; triagem automatica nao confirma preenchimento da IES"
mudancas reais apos unificar as tres descricoes de Engenharia de Computacao;3294;1620561;2023;2024;CENTRO UNIVERSITÁRIO FAVENI;Desenvolvimento Mobile;Engenharia de software | Programas abrangendo Computação e Tecnologias da Informação e Comunicação (TIC) em processo de definição da classificação;ENGENHARIA DE SOFTWARE | PROGRAMAS ABRANGENDO COMPUTACAO E TECNOLOGIAS DA INFORMACAO E COMUNICACAO TIC EM PROCESSO DE DEFINICAO DA CLASSIFICACAO;"manter; a classificacao declarada em cada ano pode mudar sem alterar o recorte";"pendente; triagem automatica nao confirma preenchimento da IES"
mudancas reais apos unificar as tres descricoes de Engenharia de Computacao;670;1655025;2023;2024;UNIVERSIDADE SÃO FRANCISCO;Banco De Dados | Ciência De Dados;Banco de dados | Ciência de dados;BANCO DE DADOS | CIENCIA DE DADOS;"manter; a classificacao declarada em cada ano pode mudar sem alterar o recorte";"pendente; triagem automatica nao confirma preenchimento da IES"
mudancas reais apos unificar as tres descricoes de Engenharia de Computacao;40;18671;2009;2024;UNIVERSIDADE DO ESTADO DA BAHIA;ANALISE DE SISTEMAS | Engenharia De Software | SISTEMAS DE INFORMAÇÃO | Sistemas De Informação;Engenharia de software | Sistemas de informação;ENGENHARIA DE SOFTWARE | SISTEMAS DE INFORMACAO;"manter; a classificacao declarada em cada ano pode mudar sem alterar o recorte";"pendente; triagem automatica nao confirma preenchimento da IES"
mudancas reais apos unificar as tres descricoes de Engenharia de Computacao;583;5000499;2010;2024;UNIVERSIDADE FEDERAL DO CEARÁ;SISTEMAS E MÍDIAS DIGITAIS | Sistemas E Mídias Digitais;Criação digital | Programas interdisciplinares abrangendo computação e Tecnologias da Informação e Comunicação (TIC);CRIACAO DIGITAL | PROGRAMAS INTERDISCIPLINARES ABRANGENDO COMPUTACAO E TECNOLOGIAS DA INFORMACAO E COMUNICACAO TIC;"manter; a classificacao declarada em cada ano pode mudar sem alterar o recorte";"pendente; triagem automatica nao confirma preenchimento da IES"
mudancas reais apos unificar as tres descricoes de Engenharia de Computacao;10116;5001522;2019;2024;FACULDADE DE TECNOLOGIA SENAI MATO GROSSO;AGROCOMPUTAÇÃO | Agrocomputação;Agrocomputação | Programas interdisciplinares abrangendo computação e Tecnologias da Informação e Comunicação (TIC);AGROCOMPUTACAO | PROGRAMAS INTERDISCIPLINARES ABRANGENDO COMPUTACAO E TECNOLOGIAS DA INFORMACAO E COMUNICACAO TIC;"manter; a classificacao declarada em cada ano pode mudar sem alterar o recorte";"pendente; triagem automatica nao confirma preenchimento da IES"
mudancas reais apos unificar as tres descricoes de Engenharia de Computacao;55;60188;2009;2024;UNIVERSIDADE DE SAO PAULO | UNIVERSIDADE DE SÃO PAULO;INFORMATICA BIOMEDICA | INFORMÁTICA BIOMÉDICA | Informática Biomédica;Computação e Tecnologias da Informação e Comunicação (TIC) em biociências e saúde | Programas interdisciplinares abrangendo computação e Tecnologias da Informação e Comunicação (TIC);COMPUTACAO E TECNOLOGIAS DA INFORMACAO E COMUNICACAO TIC EM BIOCIENCIAS E SAUDE | PROGRAMAS INTERDISCIPLINARES ABRANGENDO COMPUTACAO E TECNOLOGIAS DA INFORMACAO E COMUNICACAO TIC;"manter; a classificacao declarada em cada ano pode mudar sem alterar o recorte";"pendente; triagem automatica nao confirma preenchimento da IES"
mudancas reais apos unificar as tres descricoes de Engenharia de Computacao;4522;79418;2009;2024;CENTRO UNIVERSITARIO CATOLICO SALESIANO AUXILIUM | CENTRO UNIVERSITÁRIO CATÓLICO SALESIANO AUXILIUM;CURSO SUPERIOR DE TECNOLOGIA EM DESENVOLVIMENTO DE SISTEMAS AREA PROFISSIONAL INFORMATICA | DESENVOLVIMENTO DE SISTEMAS | Desenvolvimento De Sistemas;Engenharia de software | Sistemas de informação;ENGENHARIA DE SOFTWARE | SISTEMAS DE INFORMACAO;"manter; a classificacao declarada em cada ano pode mudar sem alterar o recorte";"pendente; triagem automatica nao confirma preenchimento da IES"
mudancas reais apos unificar as tres descricoes de Engenharia de Computacao;22015;91868;2018;2024;Faculdade Municipal de Educação e Meio Ambiente;Análise E Desenvolvimento De Sistemas | INFORMÁTICA | Informática;Ciência da computação | Sistemas de informação;CIENCIA DA COMPUTACAO | SISTEMAS DE INFORMACAO;"manter; a classificacao declarada em cada ano pode mudar sem alterar o recorte";"pendente; triagem automatica nao confirma preenchimento da IES"
