MOTIVO_CURADORIA;CO_CURSO;ANO_INICIAL;ANO_FINAL;QT_IES;CO_IES_LISTA;NO_IES_LISTA;NO_CURSO_LISTA;DECISAO_CURADORIA;STATUS_VERIFICACAO_FONTE
o mesmo numero de CO_CURSO aparece em IES diferentes ao longo da serie, sem sobreposicao anual;101161;2009;2016;2;2451 | 3310;FACULDADE DE TECNOLOGIA DA AMAZONIA | FACULDADES INTEGRADAS IPIRANGA;ANÁLISE E DESENVOLVIMENTO DE SISTEMAS | CURSO SUPERIOR DE TECNOLOGIA EM ANALISE E DESENVOLVIMENTO DE SISTEMASAGRUPAMENTO DE AREAS PROFISSIONAIS INFORMATICA E TELECOMUNICACOES;"nao relacionar anos apenas por CO_CURSO; usar CO_IES + CO_CURSO";"pendente; triagem automatica nao confirma preenchimento da IES"
o mesmo numero de CO_CURSO aparece em IES diferentes ao longo da serie, sem sobreposicao anual;1011836;2010;2020;2;11563 | 1427;CENTRO UNIVERSITÁRIO DA SERRA GAÚCHA | FACULDADE DE TECNOLOGIA DA SERRA GAÚCHA - CAXIAS DO SUL;SEGURANÇA DA INFORMAÇÃO;"nao relacionar anos apenas por CO_CURSO; usar CO_IES + CO_CURSO";"pendente; triagem automatica nao confirma preenchimento da IES"
o mesmo numero de CO_CURSO aparece em IES diferentes ao longo da serie, sem sobreposicao anual;101710;2009;2024;2;15450 | 308;Centro Universitário Única | Faculdade Presidente Antônio Carlos de Ipatinga | Faculdade Única de Ipatinga | UNIVERSIDADE PRESIDENTE ANTONIO CARLOS;CIENCIA DA COMPUTACAO | CIÊNCIA DA COMPUTAÇÃO | Ciência Da Computação;"nao relacionar anos apenas por CO_CURSO; usar CO_IES + CO_CURSO";"pendente; triagem automatica nao confirma preenchimento da IES"
o mesmo numero de CO_CURSO aparece em IES diferentes ao longo da serie, sem sobreposicao anual;102276;2009;2022;2;14161 | 308;Faculdade Presidente Antônio Carlos de Contagem | Faculdade Única de Contagem | UNIVERSIDADE PRESIDENTE ANTONIO CARLOS;ANÁLISE E DESENVOLVIMENTO DE SISTEMAS | Análise E Desenvolvimento De Sistemas | CURSO SUPERIOR DE TECNOLOGIA EM ANALISE E DESENVOLVIMENTO DE SISTEMAS;"nao relacionar anos apenas por CO_CURSO; usar CO_IES + CO_CURSO";"pendente; triagem automatica nao confirma preenchimento da IES"
o mesmo numero de CO_CURSO aparece em IES diferentes ao longo da serie, sem sobreposicao anual;1050053;2010;2024;2;12847 | 1657;CENTRO UNIVERSITÁRIO UNISEP | FACULDADE EDUCACIONAL DE FRANCISCO BELTRÃO;SISTEMAS DE INFORMAÇÃO | Sistemas De Informação;"nao relacionar anos apenas por CO_CURSO; usar CO_IES + CO_CURSO";"pendente; triagem automatica nao confirma preenchimento da IES"
o mesmo numero de CO_CURSO aparece em IES diferentes ao longo da serie, sem sobreposicao anual;105302;2009;2024;3;215 | 376 | 457;CENTRO UNIVERSITÁRIO ANHANGUERA DE SÃO PAULO | UNIVERSIDADE ANHANGUERA DE SÃO PAULO | UNIVERSIDADE ANHANGUERA DE SÃO PAULO - UNIAN-SP | UNIVERSIDADE DO GRANDE ABC;ANÁLISE E DESENVOLVIMENTO DE SISTEMAS | Análise E Desenvolvimento De Sistemas | CURSO SUPERIOR DE TECNOLOGIA EM ANALISE E DESENVOLVIMENTO DE SISTEMAS;"nao relacionar anos apenas por CO_CURSO; usar CO_IES + CO_CURSO";"pendente; triagem automatica nao confirma preenchimento da IES"
o mesmo numero de CO_CURSO aparece em IES diferentes ao longo da serie, sem sobreposicao anual;105688;2009;2020;2;1198 | 880;FACULDADE DE CIENCIAS E TECNOLOGIA DO PARANA | FACULDADE DE CIÊNCIAS E TECNOLOGIA DO PARANÁ | FACULDADE DE CIÊNCIAS SOCIAIS E APLICADAS DO PARANÁ;SISTEMA DE INFORMAÇÃO | SISTEMAS DE INFORMACAO;"nao relacionar anos apenas por CO_CURSO; usar CO_IES + CO_CURSO";"pendente; triagem automatica nao confirma preenchimento da IES"
o mesmo numero de CO_CURSO aparece em IES diferentes ao longo da serie, sem sobreposicao anual;106134;2009;2021;2;1437 | 707;CENTRO UNIVERSITÁRIO CENTRAL PAULISTA | ESCOLA SUPERIOR DE TECNOLOGIA E EDUCACAO DE RIO CLARO | ESCOLA SUPERIOR DE TECNOLOGIA E EDUCAÇÃO DE RIO CLARO;SISTEMAS DE INFORMACAO | SISTEMAS DE INFORMAÇÃO | Sistemas De Informação;"nao relacionar anos apenas por CO_CURSO; usar CO_IES + CO_CURSO";"pendente; triagem automatica nao confirma preenchimento da IES"
o mesmo numero de CO_CURSO aparece em IES diferentes ao longo da serie, sem sobreposicao anual;107574;2009;2022;2;3768 | 3772;FACULDADE DE TECNOLOGIA PASTOR DOHMS | Faculdade IBGEN;CURSO SUPERIOR DE TECNOLOGIA EM REDES DE COMPUTADORESEIXO TECNOLOGICOINFORMACAO E COMUNICACAO | REDES DE COMPUTADORES | Redes De Computadores;"nao relacionar anos apenas por CO_CURSO; usar CO_IES + CO_CURSO";"pendente; triagem automatica nao confirma preenchimento da IES"
o mesmo numero de CO_CURSO aparece em IES diferentes ao longo da serie, sem sobreposicao anual;107576;2009;2022;2;3768 | 3772;FACULDADE DE TECNOLOGIA PASTOR DOHMS | Faculdade IBGEN;CURSO SUPERIOR DE TECNOLOGIA EM SISTEMAS PARA INTERNETEIXO TECNOLOGICO INFORMACAO E COMUNICACAO | SISTEMAS PARA INTERNET | Sistemas Para Internet;"nao relacionar anos apenas por CO_CURSO; usar CO_IES + CO_CURSO";"pendente; triagem automatica nao confirma preenchimento da IES"
o mesmo numero de CO_CURSO aparece em IES diferentes ao longo da serie, sem sobreposicao anual;107920;2009;2024;2;1452 | 4865;FACULDADE ANHANGUERA DE SÃO LUIZ | FACULDADE ANHANGUERA DO MARANHÃO | FACULDADE PITAGORAS DE SAO LUIZ | FACULDADE PITÁGORAS DE SÃO LUIZ;CIENCIA DA COMPUTACAO | CIÊNCIA DA COMPUTAÇÃO | Ciência Da Computação;"nao relacionar anos apenas por CO_CURSO; usar CO_IES + CO_CURSO";"pendente; triagem automatica nao confirma preenchimento da IES"
o mesmo numero de CO_CURSO aparece em IES diferentes ao longo da serie, sem sobreposicao anual;107964;2009;2023;2;1228 | 396;Centro Universitário Ruy Barbosa Wyden | FACULDADE DE TECNOLOGIA EMPRESARIAL | FACULDADE RUY BARBOSA;CURSO SUPERIOR DE TECNOLOGIA EM GESTAO DA TECNOLOGIA DA INFORMACAO EIXOTECNOLOGICO INFORMACAO E COMUNICACAO | GESTÃO DA TECNOLOGIA DA INFORMAÇÃO | Gestão Da Tecnologia Da Informação;"nao relacionar anos apenas por CO_CURSO; usar CO_IES + CO_CURSO";"pendente; triagem automatica nao confirma preenchimento da IES"
o mesmo numero de CO_CURSO aparece em IES diferentes ao longo da serie, sem sobreposicao anual;109638;2009;2022;2;1491 | 3309;CENTRO UNIVERSITÁRIO INTERNACIONAL | FACULDADE DE TECNOLOGIA INTERNACIONAL;ANÁLISE E DESENVOLVIMENTO DE SISTEMAS | Análise E Desenvolvimento De Sistemas | CURSO SUPERIOR DE TECNOLOGIA EM ANALISE E DESENVOLVIMENTO DE SISTEMAS EIXO TECNOLOGICO INFORMACAO E COMUNICACAO;"nao relacionar anos apenas por CO_CURSO; usar CO_IES + CO_CURSO";"pendente; triagem automatica nao confirma preenchimento da IES"
o mesmo numero de CO_CURSO aparece em IES diferentes ao longo da serie, sem sobreposicao anual;110508;2009;2024;2;1958 | 3159;Centro Universitário SENAI Blumenau | Centro Universitário SENAI Santa Catarina | FACULDADE DE TECNOLOGIA SENAI FLORIANOPOLIS | FACULDADE DE TECNOLOGIA SENAI FLORIANÓPOLIS;ANÁLISE E DESENVOLVIMENTO DE SISTEMAS | Análise E Desenvolvimento De Sistemas | CURSO SUPERIOR DE TECNOLOGIA EM ANALISE E DESENVOLVIMENTO DE SISTEMAS EIXO TECNOLOGICO INFORMACAO E COMUNICACAO;"nao relacionar anos apenas por CO_CURSO; usar CO_IES + CO_CURSO";"pendente; triagem automatica nao confirma preenchimento da IES"
o mesmo numero de CO_CURSO aparece em IES diferentes ao longo da serie, sem sobreposicao anual;110570;2009;2021;2;2783 | 4823;FACULDADE DE TECNOLOGIA DO NORDESTE | FACULDADE DE TECNOLOGIA EVOLUCAO | FACULDADE DE TECNOLOGIA EVOLUÇÃO;CURSO SUPERIOR DE TECNOLOGIA EM SISTEMAS PARA INTERNET EIXO TECNOLOGICO INFORMACAO E COMUNICACAO | SISTEMAS PARA INTERNET | Sistemas Para Internet;"nao relacionar anos apenas por CO_CURSO; usar CO_IES + CO_CURSO";"pendente; triagem automatica nao confirma preenchimento da IES"
o mesmo numero de CO_CURSO aparece em IES diferentes ao longo da serie, sem sobreposicao anual;1118154;2012;2024;2;4655 | 5216;FACULDADE ANHANGUERA DE EDUCAÇÃO, CIÊNCIAS E TECNOLOGIA DE SOROCABA | FACULDADE ANHANGÜERA DE SOROCABA | FACULDADE UIRAPURU;ENGENHARIA DA COMPUTAÇÃO | Engenharia Da Computação;"nao relacionar anos apenas por CO_CURSO; usar CO_IES + CO_CURSO";"pendente; triagem automatica nao confirma preenchimento da IES"
o mesmo numero de CO_CURSO aparece em IES diferentes ao longo da serie, sem sobreposicao anual;112258;2009;2017;2;1491 | 3309;CENTRO UNIVERSITÁRIO INTERNACIONAL | FACULDADE DE TECNOLOGIA INTERNACIONAL;CURSO SUPERIOR DE TECNOLOGIA EM SISTEMAS PARA INTERNET EIXO TECNOLOGICO INFORMACAO E COMUNICACAO | SISTEMAS PARA INTERNET;"nao relacionar anos apenas por CO_CURSO; usar CO_IES + CO_CURSO";"pendente; triagem automatica nao confirma preenchimento da IES"
o mesmo numero de CO_CURSO aparece em IES diferentes ao longo da serie, sem sobreposicao anual;112272;2009;2021;2;2783 | 4823;FACULDADE DE TECNOLOGIA DO NORDESTE | FACULDADE DE TECNOLOGIA EVOLUCAO | FACULDADE DE TECNOLOGIA EVOLUÇÃO;CURSO SUPERIOR DE TECNOLOGIA EM REDES DE COMPUTADORES EIXO TECNOLOGICO INFORMACAO E COMUNICACAO | REDES DE COMPUTADORES | Redes De Computadores;"nao relacionar anos apenas por CO_CURSO; usar CO_IES + CO_CURSO";"pendente; triagem automatica nao confirma preenchimento da IES"
o mesmo numero de CO_CURSO aparece em IES diferentes ao longo da serie, sem sobreposicao anual;112630;2009;2024;2;12 | 601;FUNDACAO UNIVERSIDADE FEDERAL DO RIO GRANDE | INSTITUTO FEDERAL DE EDUCAÇÃO, CIÊNCIA E TECNOLOGIA DO RIO GRANDE DO SUL | UNIVERSIDADE FEDERAL DO RIO GRANDE;ANÁLISE E DESENVOLVIMENTO DE SISTEMAS | Análise E Desenvolvimento De Sistemas | CURSO SUPERIOR DE TECNOLOGIA EM ANALISE E DESENVOLVIMENTO DE SISTEMAS;"nao relacionar anos apenas por CO_CURSO; usar CO_IES + CO_CURSO";"pendente; triagem automatica nao confirma preenchimento da IES"
o mesmo numero de CO_CURSO aparece em IES diferentes ao longo da serie, sem sobreposicao anual;1128077;2011;2024;2;1 | 25352;UNIVERSIDADE FEDERAL DE MATO GROSSO | Universidade Federal de Rondonópolis;SISTEMAS DE INFORMAÇÃO | Sistemas De Informação;"nao relacionar anos apenas por CO_CURSO; usar CO_IES + CO_CURSO";"pendente; triagem automatica nao confirma preenchimento da IES"
o mesmo numero de CO_CURSO aparece em IES diferentes ao longo da serie, sem sobreposicao anual;112893;2009;2024;2;25282 | 584;UNIVERSIDADE FEDERAL DE GOIAS | UNIVERSIDADE FEDERAL DE GOIÁS | UNIVERSIDADE FEDERAL DE JATAÍ;CIENCIAS DA COMPUTACAO | CIÊNCIA DA COMPUTAÇÃO | Ciência Da Computação;"nao relacionar anos apenas por CO_CURSO; usar CO_IES + CO_CURSO";"pendente; triagem automatica nao confirma preenchimento da IES"
o mesmo numero de CO_CURSO aparece em IES diferentes ao longo da serie, sem sobreposicao anual;113328;2009;2024;2;13684 | 5066;FACULDADE ANHANGUERA DE CONTAGEM | FACULDADE DE TECNOLOGIA INED  UNIDADE CONTAGEM | FACULDADE DE TECNOLOGIA INED - UNIDADE CONTAGEM | FACULDADE PITÁGORAS DE CONTAGEM | FACULDADE PITÁGORAS DE TECNOLOGIA DE CONTAGEM;CURSO SUPERIOR DE TECNOLOGIA EM REDES DE COMPUTADORES EIXO TECNOLOGICO INFORMACAO E COMUNICACAO | REDES DE COMPUTADORES | Redes De Computadores;"nao relacionar anos apenas por CO_CURSO; usar CO_IES + CO_CURSO";"pendente; triagem automatica nao confirma preenchimento da IES"
o mesmo numero de CO_CURSO aparece em IES diferentes ao longo da serie, sem sobreposicao anual;114578;2009;2020;2;2206 | 715;FACULDADE FAE SÃO JOSÉ DOS PINHAIS | FACULDADE PILARES | FAE CENTRO UNIVERSITÁRIO;CURSO SUPERIOR DE TECNOLOGIA EM REDES DE COMPUTADORES EIXO TECNOLOGICO INFORMACAO E COMUNICACAO | REDES DE COMPUTADORES;"nao relacionar anos apenas por CO_CURSO; usar CO_IES + CO_CURSO";"pendente; triagem automatica nao confirma preenchimento da IES"
o mesmo numero de CO_CURSO aparece em IES diferentes ao longo da serie, sem sobreposicao anual;115009;2009;2014;2;18440 | 569;UNIVERSIDADE FEDERAL DO PARA | UNIVERSIDADE FEDERAL DO PARÁ | UNIVERSIDADE FEDERAL DO SUL E SUDESTE DO PARÁ;SISTEMA DE INFORMAÇÃO | SISTEMAS DE INFORMACAO XINGUARA;"nao relacionar anos apenas por CO_CURSO; usar CO_IES + CO_CURSO";"pendente; triagem automatica nao confirma preenchimento da IES"
o mesmo numero de CO_CURSO aparece em IES diferentes ao longo da serie, sem sobreposicao anual;1166126;2014;2024;2;1957 | 1958;Centro Universitário SENAI Blumenau | Centro Universitário SENAI Santa Catarina | FACULDADE DE TECNOLOGIA SENAI JOINVILLE;ANÁLISE E DESENVOLVIMENTO DE SISTEMAS | Análise E Desenvolvimento De Sistemas;"nao relacionar anos apenas por CO_CURSO; usar CO_IES + CO_CURSO";"pendente; triagem automatica nao confirma preenchimento da IES"
o mesmo numero de CO_CURSO aparece em IES diferentes ao longo da serie, sem sobreposicao anual;116900;2009;2024;2;5013 | 547;CENTRO UNIVERSITARIO ESTADUAL DA ZONA OESTE | CENTRO UNIVERSITÁRIO ESTADUAL DA ZONA OESTE | UNIVERSIDADE DO ESTADO DO RIO DE JANEIRO;ANALISE E DESENVOLVIMENTO DE SISTEMAS | ANÁLISE E DESENVOLVIMENTO DE SISTEMAS | Análise E Desenvolvimento De Sistemas;"nao relacionar anos apenas por CO_CURSO; usar CO_IES + CO_CURSO";"pendente; triagem automatica nao confirma preenchimento da IES"
o mesmo numero de CO_CURSO aparece em IES diferentes ao longo da serie, sem sobreposicao anual;118468;2009;2024;2;25275 | 587;UNIVERSIDADE FEDERAL DO AGRESTE DE PERNAMBUCO | UNIVERSIDADE FEDERAL RURAL DE PERNAMBUCO;CIENCIA DA COMPUTACAO | CIÊNCIA DA COMPUTAÇÃO | Ciência Da Computação;"nao relacionar anos apenas por CO_CURSO; usar CO_IES + CO_CURSO";"pendente; triagem automatica nao confirma preenchimento da IES"
o mesmo numero de CO_CURSO aparece em IES diferentes ao longo da serie, sem sobreposicao anual;1184727;2013;2024;3;215 | 376 | 457;CENTRO UNIVERSITÁRIO ANHANGUERA DE SÃO PAULO | UNIVERSIDADE ANHANGUERA DE SÃO PAULO | UNIVERSIDADE ANHANGUERA DE SÃO PAULO - UNIAN-SP | UNIVERSIDADE DO GRANDE ABC;GESTÃO DA TECNOLOGIA DA INFORMAÇÃO | Gestão Da Tecnologia Da Informação;"nao relacionar anos apenas por CO_CURSO; usar CO_IES + CO_CURSO";"pendente; triagem automatica nao confirma preenchimento da IES"
o mesmo numero de CO_CURSO aparece em IES diferentes ao longo da serie, sem sobreposicao anual;1190854;2016;2022;2;1066 | 2148;FACULDADE DE PALMAS | INSTITUTO DE ENSINO E PESQUISA OBJETIVO;ANÁLISE E DESENVOLVIMENTO DE SISTEMAS | Análise E Desenvolvimento De Sistemas;"nao relacionar anos apenas por CO_CURSO; usar CO_IES + CO_CURSO";"pendente; triagem automatica nao confirma preenchimento da IES"
o mesmo numero de CO_CURSO aparece em IES diferentes ao longo da serie, sem sobreposicao anual;119321;2010;2024;2;2279 | 3169;Centro Universitário Metrocamp Wyden | FACULDADE DE TECNOLOGIA IBTA CAMPINAS | Faculdade METROCAMP;CIÊNCIA DA COMPUTAÇÃO | Ciência Da Computação;"nao relacionar anos apenas por CO_CURSO; usar CO_IES + CO_CURSO";"pendente; triagem automatica nao confirma preenchimento da IES"
o mesmo numero de CO_CURSO aparece em IES diferentes ao longo da serie, sem sobreposicao anual;120682;2009;2024;2;3804 | 4006;Centro Universitário Senac RS | FACULDADE DE TECNOLOGIA SENAC PELOTAS;CURSO SUPERIOR DE TECNOLOGIA EM REDES DE COMPUTADORES EIXO TECNOLOGICO INFORMACAO E COMUNICACAO | REDES DE COMPUTADORES | Redes De Computadores;"nao relacionar anos apenas por CO_CURSO; usar CO_IES + CO_CURSO";"pendente; triagem automatica nao confirma preenchimento da IES"
o mesmo numero de CO_CURSO aparece em IES diferentes ao longo da serie, sem sobreposicao anual;1206881;2013;2024;2;18492 | 46;FACULDADE ESTADUAL DE CIÊNCIAS ECONÔMICAS DE APUCARANA | Universidade Estadual do Paraná;CIÊNCIA DA COMPUTAÇÃO | Ciência Da Computação;"nao relacionar anos apenas por CO_CURSO; usar CO_IES + CO_CURSO";"pendente; triagem automatica nao confirma preenchimento da IES"
o mesmo numero de CO_CURSO aparece em IES diferentes ao longo da serie, sem sobreposicao anual;1259028;2015;2020;2;11563 | 1427;CENTRO UNIVERSITÁRIO DA SERRA GAÚCHA | FACULDADE DE TECNOLOGIA DA SERRA GAÚCHA - CAXIAS DO SUL;GESTÃO DA TECNOLOGIA DA INFORMAÇÃO;"nao relacionar anos apenas por CO_CURSO; usar CO_IES + CO_CURSO";"pendente; triagem automatica nao confirma preenchimento da IES"
o mesmo numero de CO_CURSO aparece em IES diferentes ao longo da serie, sem sobreposicao anual;1260461;2015;2024;2;1818 | 891;FACULDADE  PITÁGORAS | FACULDADE ANHANGUERA DE BELO HORIZONTE | FACULDADE PITÁGORAS DE BELO HORIZONTE;SISTEMAS DE INFORMAÇÃO | Sistemas De Informação;"nao relacionar anos apenas por CO_CURSO; usar CO_IES + CO_CURSO";"pendente; triagem automatica nao confirma preenchimento da IES"
o mesmo numero de CO_CURSO aparece em IES diferentes ao longo da serie, sem sobreposicao anual;1260462;2015;2024;2;1818 | 891;FACULDADE  PITÁGORAS | FACULDADE ANHANGUERA DE BELO HORIZONTE | FACULDADE PITÁGORAS DE BELO HORIZONTE;ANÁLISE E DESENVOLVIMENTO DE SISTEMAS | Análise E Desenvolvimento De Sistemas;"nao relacionar anos apenas por CO_CURSO; usar CO_IES + CO_CURSO";"pendente; triagem automatica nao confirma preenchimento da IES"
o mesmo numero de CO_CURSO aparece em IES diferentes ao longo da serie, sem sobreposicao anual;1262814;2019;2024;2;1958 | 3159;Centro Universitário SENAI Blumenau | Centro Universitário SENAI Santa Catarina | FACULDADE DE TECNOLOGIA SENAI FLORIANÓPOLIS;ANÁLISE E DESENVOLVIMENTO DE SISTEMAS | Análise E Desenvolvimento De Sistemas;"nao relacionar anos apenas por CO_CURSO; usar CO_IES + CO_CURSO";"pendente; triagem automatica nao confirma preenchimento da IES"
o mesmo numero de CO_CURSO aparece em IES diferentes ao longo da serie, sem sobreposicao anual;1280504;2016;2024;2;1818 | 891;FACULDADE  PITÁGORAS | FACULDADE ANHANGUERA DE BELO HORIZONTE | FACULDADE PITÁGORAS DE BELO HORIZONTE;ENGENHARIA DE COMPUTAÇÃO | Engenharia De Computação;"nao relacionar anos apenas por CO_CURSO; usar CO_IES + CO_CURSO";"pendente; triagem automatica nao confirma preenchimento da IES"
o mesmo numero de CO_CURSO aparece em IES diferentes ao longo da serie, sem sobreposicao anual;1281009;2015;2024;2;1632 | 298;FACULDADE PITÁGORAS DE LONDRINA | Faculdade Pitágoras Unopar Anhanguera de Londrina | Universidade Pitágoras Unopar Anhanguera;ENGENHARIA DE COMPUTAÇÃO | Engenharia De Computação;"nao relacionar anos apenas por CO_CURSO; usar CO_IES + CO_CURSO";"pendente; triagem automatica nao confirma preenchimento da IES"
o mesmo numero de CO_CURSO aparece em IES diferentes ao longo da serie, sem sobreposicao anual;1292285;2019;2024;2;19476 | 2849;EMGE - ESCOLA DE ENGENHARIA | ESCOLA SUPERIOR DOM HELDER CÂMARA;CIÊNCIA DA COMPUTAÇÃO | Ciência Da Computação;"nao relacionar anos apenas por CO_CURSO; usar CO_IES + CO_CURSO";"pendente; triagem automatica nao confirma preenchimento da IES"
o mesmo numero de CO_CURSO aparece em IES diferentes ao longo da serie, sem sobreposicao anual;1307547;2018;2024;2;19943 | 19945;Escola Superior de Engenharia de Porto Velho | Faculdade Sapiens | Faculdade Unisapiens;ENGENHARIA DE COMPUTAÇÃO | Engenharia De Computação;"nao relacionar anos apenas por CO_CURSO; usar CO_IES + CO_CURSO";"pendente; triagem automatica nao confirma preenchimento da IES"
o mesmo numero de CO_CURSO aparece em IES diferentes ao longo da serie, sem sobreposicao anual;1322106;2016;2024;2;1883 | 2037;CENTRO UNIVERSITÁRIO UNIME | FACULDADE UNIME DE CIÊNCIAS EXATAS E TECNOLÓGICAS;ENGENHARIA DE COMPUTAÇÃO | Engenharia De Computação;"nao relacionar anos apenas por CO_CURSO; usar CO_IES + CO_CURSO";"pendente; triagem automatica nao confirma preenchimento da IES"
o mesmo numero de CO_CURSO aparece em IES diferentes ao longo da serie, sem sobreposicao anual;1322136;2017;2024;2;1452 | 4865;FACULDADE ANHANGUERA DE SÃO LUIZ | FACULDADE ANHANGUERA DO MARANHÃO | FACULDADE PITÁGORAS DE SÃO LUIZ;ENGENHARIA DE COMPUTAÇÃO | Engenharia De Computação;"nao relacionar anos apenas por CO_CURSO; usar CO_IES + CO_CURSO";"pendente; triagem automatica nao confirma preenchimento da IES"
o mesmo numero de CO_CURSO aparece em IES diferentes ao longo da serie, sem sobreposicao anual;1322390;2017;2024;2;14002 | 1805;CENTRO UNIVERSITÁRIO DOS GUARARAPES | Faculdade dos Guararapes;CIÊNCIA DA COMPUTAÇÃO | Ciência Da Computação;"nao relacionar anos apenas por CO_CURSO; usar CO_IES + CO_CURSO";"pendente; triagem automatica nao confirma preenchimento da IES"
o mesmo numero de CO_CURSO aparece em IES diferentes ao longo da serie, sem sobreposicao anual;1332810;2018;2024;2;1400 | 14786;Centro Universitário SENAI Paraná | FACULDADE DE TECNOLOGIA SENAI LONDRINA;ENGENHARIA DE SOFTWARE | Engenharia De Software;"nao relacionar anos apenas por CO_CURSO; usar CO_IES + CO_CURSO";"pendente; triagem automatica nao confirma preenchimento da IES"
o mesmo numero de CO_CURSO aparece em IES diferentes ao longo da serie, sem sobreposicao anual;1385528;2018;2024;2;1365 | 5593;CENTRO UNIVERSITÁRIO ADVENTISTA DE SÃO PAULO | FACULDADE ADVENTISTA DE HORTOLÂNDIA - UNASP HORTOLÂNDIA;ENGENHARIA DE COMPUTAÇÃO | Engenharia De Computação;"nao relacionar anos apenas por CO_CURSO; usar CO_IES + CO_CURSO";"pendente; triagem automatica nao confirma preenchimento da IES"
o mesmo numero de CO_CURSO aparece em IES diferentes ao longo da serie, sem sobreposicao anual;14137;2009;2024;2;25274 | 584;UNIVERSIDADE FEDERAL DE CATALÃO | UNIVERSIDADE FEDERAL DE GOIAS | UNIVERSIDADE FEDERAL DE GOIÁS;CIENCIAS DA COMPUTACAO | CIÊNCIA DA COMPUTAÇÃO | Ciência Da Computação;"nao relacionar anos apenas por CO_CURSO; usar CO_IES + CO_CURSO";"pendente; triagem automatica nao confirma preenchimento da IES"
o mesmo numero de CO_CURSO aparece em IES diferentes ao longo da serie, sem sobreposicao anual;1469294;2021;2024;2;13677 | 1400;Centro Universitário SENAI Paraná | FACULDADE DE TECNOLOGIA SENAI CIC;Engenharia De Software;"nao relacionar anos apenas por CO_CURSO; usar CO_IES + CO_CURSO";"pendente; triagem automatica nao confirma preenchimento da IES"
o mesmo numero de CO_CURSO aparece em IES diferentes ao longo da serie, sem sobreposicao anual;1477087;2022;2024;2;24287 | 25452;FACULDADE BIOPARK;Análise E Desenvolvimento De Sistemas;"nao relacionar anos apenas por CO_CURSO; usar CO_IES + CO_CURSO";"pendente; triagem automatica nao confirma preenchimento da IES"
o mesmo numero de CO_CURSO aparece em IES diferentes ao longo da serie, sem sobreposicao anual;150086;2010;2024;2;5013 | 547;CENTRO UNIVERSITÁRIO ESTADUAL DA ZONA OESTE | UNIVERSIDADE DO ESTADO DO RIO DE JANEIRO;CIÊNCIA DA COMPUTAÇÃO | Ciência Da Computação;"nao relacionar anos apenas por CO_CURSO; usar CO_IES + CO_CURSO";"pendente; triagem automatica nao confirma preenchimento da IES"
o mesmo numero de CO_CURSO aparece em IES diferentes ao longo da serie, sem sobreposicao anual;18267;2009;2024;2;1158 | 396;Centro Universitário Ruy Barbosa Wyden | FACULDADE RUY BARBOSA | FACULDADE RUY BARBOSA DE CIENCIA DA COMPUTACAO;CIENCIA DA COMPUTACAO | CIÊNCIA DA COMPUTAÇÃO | Ciência Da Computação;"nao relacionar anos apenas por CO_CURSO; usar CO_IES + CO_CURSO";"pendente; triagem automatica nao confirma preenchimento da IES"
o mesmo numero de CO_CURSO aparece em IES diferentes ao longo da serie, sem sobreposicao anual;18280;2009;2024;2;2407 | 3840;CENTRO UNIVERSITÁRIO FACVEST | FACULDADES INTEGRADAS FACVEST;CIENCIA DA COMPUTACAO | CIÊNCIA DA COMPUTAÇÃO | Ciência Da Computação;"nao relacionar anos apenas por CO_CURSO; usar CO_IES + CO_CURSO";"pendente; triagem automatica nao confirma preenchimento da IES"
o mesmo numero de CO_CURSO aparece em IES diferentes ao longo da serie, sem sobreposicao anual;18957;2009;2024;2;14724 | 1855;CENTRO UNIVERSITARIO CATOLICO DO SUDOESTE DO PARANA | INSTITUTO FEDERAL DE EDUCAÇÃO, CIÊNCIA E TECNOLOGIA DO PARANÁ;SISTEMA DE INFORMAÇÃO | SISTEMAS DE INFORMACAO | Sistema De Informação;"nao relacionar anos apenas por CO_CURSO; usar CO_IES + CO_CURSO";"pendente; triagem automatica nao confirma preenchimento da IES"
o mesmo numero de CO_CURSO aparece em IES diferentes ao longo da serie, sem sobreposicao anual;20355;2009;2024;3;215 | 376 | 457;CENTRO UNIVERSITÁRIO ANHANGUERA DE SÃO PAULO | UNIVERSIDADE ANHANGUERA DE SÃO PAULO | UNIVERSIDADE ANHANGUERA DE SÃO PAULO - UNIAN-SP | UNIVERSIDADE DO GRANDE ABC;CIENCIA DA COMPUTACAO | CIÊNCIA DA COMPUTAÇÃO | Ciência Da Computação;"nao relacionar anos apenas por CO_CURSO; usar CO_IES + CO_CURSO";"pendente; triagem automatica nao confirma preenchimento da IES"
o mesmo numero de CO_CURSO aparece em IES diferentes ao longo da serie, sem sobreposicao anual;20856;2009;2024;2;1036 | 3460;INSTITUTO SUPERIOR DE ENSINO E PESQUISA DE ITUIUTABA | UNIVERSIDADE DO ESTADO DE MINAS GERAIS;ENGENHARIA DE COMPUTACAO | ENGENHARIA DE COMPUTAÇÃO | Engenharia De Computação;"nao relacionar anos apenas por CO_CURSO; usar CO_IES + CO_CURSO";"pendente; triagem automatica nao confirma preenchimento da IES"
o mesmo numero de CO_CURSO aparece em IES diferentes ao longo da serie, sem sobreposicao anual;21017;2009;2023;2;15032 | 441;UNIVERSIDADE ALTO VALE DO RIO DO PEIXE | UNIVERSIDADE DO CONTESTADO;SISTEMAS DE INFORMACAO CDR | SISTEMAS DE INFORMAÇÃO | Sistemas De Informação;"nao relacionar anos apenas por CO_CURSO; usar CO_IES + CO_CURSO";"pendente; triagem automatica nao confirma preenchimento da IES"
o mesmo numero de CO_CURSO aparece em IES diferentes ao longo da serie, sem sobreposicao anual;40689;2009;2012;2;4218 | 680;FACULDADE PEDRO LEOPOLDO | FACULDADES INTEGRADAS DE PEDRO LEOPOLDO;CIENCIA DA COMPUTACAO | CIÊNCIA DA COMPUTAÇÃO;"nao relacionar anos apenas por CO_CURSO; usar CO_IES + CO_CURSO";"pendente; triagem automatica nao confirma preenchimento da IES"
o mesmo numero de CO_CURSO aparece em IES diferentes ao longo da serie, sem sobreposicao anual;46176;2009;2018;2;1630 | 545;FACULDADE DE CIÊNCIAS ADMINISTRATIVAS E CONTÁBEIS DE ITABIRA | FACULDADE ITABIRANA DE DESENVOLVIMENTO DAS CIENCIAS E TECNOLOGIAS | FACULDADE ITABIRANA DE DESENVOLVIMENTO DAS CIÊNCIAS E TECNOLOGIAS;SISTEMAS DE INFORMACAO | SISTEMAS DE INFORMAÇÃO;"nao relacionar anos apenas por CO_CURSO; usar CO_IES + CO_CURSO";"pendente; triagem automatica nao confirma preenchimento da IES"
o mesmo numero de CO_CURSO aparece em IES diferentes ao longo da serie, sem sobreposicao anual;46771;2009;2014;2;1093 | 1307;FACULDADE DE CIENCIAS JURIDICAS E GERENCIAIS DE GARCA | FACULDADE DE CIÊNCIAS JURÍDICAS E GERENCIAIS DE GARÇA | FACULDADE DE ENSINO SUPERIOR E FORMAÇÃO INTEGRAL;SISTEMAS DE INFORMACAO | SISTEMAS DE INFORMAÇÃO;"nao relacionar anos apenas por CO_CURSO; usar CO_IES + CO_CURSO";"pendente; triagem automatica nao confirma preenchimento da IES"
o mesmo numero de CO_CURSO aparece em IES diferentes ao longo da serie, sem sobreposicao anual;47607;2009;2019;2;416 | 459;FACULDADE DE SÃO PAULO | FACULDADE RENASCENCA;CIENCIA DA COMPUTACAO | CIÊNCIA DA COMPUTAÇÃO;"nao relacionar anos apenas por CO_CURSO; usar CO_IES + CO_CURSO";"pendente; triagem automatica nao confirma preenchimento da IES"
o mesmo numero de CO_CURSO aparece em IES diferentes ao longo da serie, sem sobreposicao anual;47798;2009;2024;2;1706 | 2566;FACULDADE DE INFORMATICA DO RECIFE | FACULDADE DE INFORMÁTICA DO RECIFE | INSTITUTO DE ENSINO SUPERIOR DE OLINDA;ANÁLISE E DESENVOLVIMENTO DE SISTEMAS | Análise E Desenvolvimento De Sistemas | CURSO SUPERIOR DE TECNOLOGIA EM SISTEMAS DE INFORMACAO | SISTEMA DE INFORMAÇÃO;"nao relacionar anos apenas por CO_CURSO; usar CO_IES + CO_CURSO";"pendente; triagem automatica nao confirma preenchimento da IES"
o mesmo numero de CO_CURSO aparece em IES diferentes ao longo da serie, sem sobreposicao anual;48169;2009;2023;2;1793 | 1927;CENTRO UNIVERSITÁRIO DO VALE DO IGUAÇU | FACULDADE DE CIENCIAS EXATAS E TECNOLOGICAS DE UNIAO DA VITORIA | FACULDADES INTEGRADAS DO VALE DO IGUAÇU | Ugv Centro Universitário;SISTEMAS DE INFORMACAO | SISTEMAS DE INFORMAÇÃO | Sistemas De Informação;"nao relacionar anos apenas por CO_CURSO; usar CO_IES + CO_CURSO";"pendente; triagem automatica nao confirma preenchimento da IES"
o mesmo numero de CO_CURSO aparece em IES diferentes ao longo da serie, sem sobreposicao anual;48677;2009;2024;2;1173 | 1710;FACULDADE ANHANGUERA DE BRASÍLIA | FACULDADE ANHANGUERA DE NEGÓCIOS E TECNOLOGIAS DA INFORMAÇÃO | FACULDADE DE NEGOCIOS E TECNOLOGIAS DA INFORMACAO | FACULDADE DE NEGÓCIOS E TECNOLOGIAS DA INFORMAÇÃO;SISTEMAS DE INFORMACAO | SISTEMAS DE INFORMAÇÃO | Sistemas De Informação;"nao relacionar anos apenas por CO_CURSO; usar CO_IES + CO_CURSO";"pendente; triagem automatica nao confirma preenchimento da IES"
o mesmo numero de CO_CURSO aparece em IES diferentes ao longo da serie, sem sobreposicao anual;49482;2009;2014;2;15453 | 308;Faculdade Presidente Antônio Carlos de Conselheiro Lafaiete | UNIVERSIDADE PRESIDENTE ANTONIO CARLOS;SISTEMAS DE INFORMACAO | SISTEMAS DE INFORMAÇÃO;"nao relacionar anos apenas por CO_CURSO; usar CO_IES + CO_CURSO";"pendente; triagem automatica nao confirma preenchimento da IES"
o mesmo numero de CO_CURSO aparece em IES diferentes ao longo da serie, sem sobreposicao anual;5000324;2011;2024;2;1036 | 3459;INSTITUTO DE ENSINO SUPERIOR E PESQUISA | UNIVERSIDADE DO ESTADO DE MINAS GERAIS;ENGENHARIA DE COMPUTAÇÃO | Engenharia De Computação;"nao relacionar anos apenas por CO_CURSO; usar CO_IES + CO_CURSO";"pendente; triagem automatica nao confirma preenchimento da IES"
o mesmo numero de CO_CURSO aparece em IES diferentes ao longo da serie, sem sobreposicao anual;5001339;2016;2024;2;1958 | 3155;Centro Universitário SENAI Blumenau | Centro Universitário SENAI Santa Catarina | FACULDADE DE TECNOLOGIA SENAI JARAGUÁ DO SUL;SISTEMAS PARA INTERNET | Sistemas Para Internet;"nao relacionar anos apenas por CO_CURSO; usar CO_IES + CO_CURSO";"pendente; triagem automatica nao confirma preenchimento da IES"
o mesmo numero de CO_CURSO aparece em IES diferentes ao longo da serie, sem sobreposicao anual;5001436;2019;2023;2;1957 | 1958;Centro Universitário SENAI Blumenau | FACULDADE DE TECNOLOGIA SENAI JOINVILLE;SEGURANÇA DA INFORMAÇÃO | Segurança Da Informação;"nao relacionar anos apenas por CO_CURSO; usar CO_IES + CO_CURSO";"pendente; triagem automatica nao confirma preenchimento da IES"
o mesmo numero de CO_CURSO aparece em IES diferentes ao longo da serie, sem sobreposicao anual;5001507;2020;2024;2;1763 | 1958;Centro Universitário SENAI Blumenau | Centro Universitário SENAI Santa Catarina | FACULDADE DE TECNOLOGIA SENAI CHAPECÓ;ANÁLISE E DESENVOLVIMENTO DE SISTEMAS | Análise E Desenvolvimento De Sistemas;"nao relacionar anos apenas por CO_CURSO; usar CO_IES + CO_CURSO";"pendente; triagem automatica nao confirma preenchimento da IES"
o mesmo numero de CO_CURSO aparece em IES diferentes ao longo da serie, sem sobreposicao anual;5001645;2022;2024;2;3804 | 4006;Centro Universitário Senac RS | FACULDADE DE TECNOLOGIA SENAC PELOTAS;Sistemas Para Internet;"nao relacionar anos apenas por CO_CURSO; usar CO_IES + CO_CURSO";"pendente; triagem automatica nao confirma preenchimento da IES"
o mesmo numero de CO_CURSO aparece em IES diferentes ao longo da serie, sem sobreposicao anual;50017039;2022;2024;2;1958 | 3155;Centro Universitário SENAI Blumenau | Centro Universitário SENAI Santa Catarina | FACULDADE DE TECNOLOGIA SENAI JARAGUÁ DO SUL;Análise E Desenvolvimento De Sistemas;"nao relacionar anos apenas por CO_CURSO; usar CO_IES + CO_CURSO";"pendente; triagem automatica nao confirma preenchimento da IES"
o mesmo numero de CO_CURSO aparece em IES diferentes ao longo da serie, sem sobreposicao anual;51020;2009;2024;2;396 | 397;Centro Universitário Ruy Barbosa Wyden | FACULDADE RUY BARBOSA | FACULDADE RUY BARBOSA DE TECNOLOGIA EM PROCESSAMENTO DE DADOS;SISTEMAS DE INFORMACAO | SISTEMAS DE INFORMAÇÃO | Sistemas De Informação;"nao relacionar anos apenas por CO_CURSO; usar CO_IES + CO_CURSO";"pendente; triagem automatica nao confirma preenchimento da IES"
o mesmo numero de CO_CURSO aparece em IES diferentes ao longo da serie, sem sobreposicao anual;51279;2009;2022;2;1919 | 2275;FACULDADE DE CIENCIAS EXATAS E TECNOLOGICAS SANTO AGOSTINHO  FACET | FACULDADE DE CIÊNCIAS EXATAS E TECNOLÓGICAS SANTO AGOSTINHO - FACET | FACULDADE SANTO AGOSTINHO;SISTEMAS DE INFORMACAO | SISTEMAS DE INFORMAÇÃO | Sistemas De Informação;"nao relacionar anos apenas por CO_CURSO; usar CO_IES + CO_CURSO";"pendente; triagem automatica nao confirma preenchimento da IES"
o mesmo numero de CO_CURSO aparece em IES diferentes ao longo da serie, sem sobreposicao anual;51307;2009;2024;2;15452 | 308;CENTRO UNIVERSITÁRIO UNA DE BOM DESPACHO | FACULDADE ÁLIS DE BOM DESPACHO | Faculdade Presidente Antônio Carlos de Bom Despacho | UNIVERSIDADE PRESIDENTE ANTONIO CARLOS;SISTEMAS DE INFORMACAO | SISTEMAS DE INFORMAÇÃO | Sistemas De Informação;"nao relacionar anos apenas por CO_CURSO; usar CO_IES + CO_CURSO";"pendente; triagem automatica nao confirma preenchimento da IES"
o mesmo numero de CO_CURSO aparece em IES diferentes ao longo da serie, sem sobreposicao anual;51331;2009;2017;2;15467 | 308;Faculdade Presidente Antônio Carlos de Visconde do Rio Branco | UNIVERSIDADE PRESIDENTE ANTONIO CARLOS;SISTEMAS DE INFORMACAO | SISTEMAS DE INFORMAÇÃO;"nao relacionar anos apenas por CO_CURSO; usar CO_IES + CO_CURSO";"pendente; triagem automatica nao confirma preenchimento da IES"
o mesmo numero de CO_CURSO aparece em IES diferentes ao longo da serie, sem sobreposicao anual;51364;2009;2010;2;15468 | 308;Faculdade Presidente Antônio Carlos de Leopoldina | UNIVERSIDADE PRESIDENTE ANTONIO CARLOS;SISTEMAS DE INFORMACAO | SISTEMAS DE INFORMAÇÃO;"nao relacionar anos apenas por CO_CURSO; usar CO_IES + CO_CURSO";"pendente; triagem automatica nao confirma preenchimento da IES"
o mesmo numero de CO_CURSO aparece em IES diferentes ao longo da serie, sem sobreposicao anual;51527;2009;2024;2;15450 | 308;Centro Universitário Única | Faculdade Presidente Antônio Carlos de Ipatinga | Faculdade Única de Ipatinga | UNIVERSIDADE PRESIDENTE ANTONIO CARLOS;SISTEMAS DE INFORMACAO | SISTEMAS DE INFORMAÇÃO | Sistemas De Informação;"nao relacionar anos apenas por CO_CURSO; usar CO_IES + CO_CURSO";"pendente; triagem automatica nao confirma preenchimento da IES"
o mesmo numero de CO_CURSO aparece em IES diferentes ao longo da serie, sem sobreposicao anual;53420;2009;2013;2;2123 | 907;FACULDADE DE EDUCACAO E CIENCIAS GERENCIAIS DE INDAIATUBA | FACULDADE DE EDUCAÇÃO E CIÊNCIAS GERENCIAIS DE INDAIATUBA | FACULDADE MAX PLANCK;SISTEMAS DE INFORMACAO | SISTEMAS DE INFORMAÇÃO;"nao relacionar anos apenas por CO_CURSO; usar CO_IES + CO_CURSO";"pendente; triagem automatica nao confirma preenchimento da IES"
o mesmo numero de CO_CURSO aparece em IES diferentes ao longo da serie, sem sobreposicao anual;54934;2009;2024;2;1883 | 2037;CENTRO UNIVERSITÁRIO UNIME | FACULDADE UNIME DE CIENCIAS EXATAS E TECNOLOGICAS | FACULDADE UNIME DE CIÊNCIAS EXATAS E TECNOLÓGICAS;SISTEMAS DE INFORMAÇÃO | Sistemas De Informação | Sistemas da Informacao;"nao relacionar anos apenas por CO_CURSO; usar CO_IES + CO_CURSO";"pendente; triagem automatica nao confirma preenchimento da IES"
o mesmo numero de CO_CURSO aparece em IES diferentes ao longo da serie, sem sobreposicao anual;55173;2009;2024;2;1410 | 396;AREA  FACULDADE DE CIENCIA E TECNOLOGIA | Centro Universitário Ruy Barbosa Wyden | Faculdade Área1 Wyden | ÁREA1 - FACULDADE DE CIÊNCIA E TECNOLOGIA;ENGENHARIA - ENGENHARIA DA COMPUTACAO | ENGENHARIA DE COMPUTAÇÃO | Engenharia De Computação;"nao relacionar anos apenas por CO_CURSO; usar CO_IES + CO_CURSO";"pendente; triagem automatica nao confirma preenchimento da IES"
o mesmo numero de CO_CURSO aparece em IES diferentes ao longo da serie, sem sobreposicao anual;55569;2009;2024;2;1295 | 1971;FACULDADE DE EDUCAÇÃO E TECNOLOGIA IRACEMA | FACULDADE DE TECNOLOGIA MORUMBI SUL | FACULDADE MORUMBI SUL;CURSO SUPERIOR DE TECNOLOGIA EM REDES DE COMPUTADORES AREA PROFISSIONAL INFORMATICA | REDES DE COMPUTADORES | Redes De Computadores;"nao relacionar anos apenas por CO_CURSO; usar CO_IES + CO_CURSO";"pendente; triagem automatica nao confirma preenchimento da IES"
o mesmo numero de CO_CURSO aparece em IES diferentes ao longo da serie, sem sobreposicao anual;55777;2009;2024;2;1722 | 19943;FACULDADE DE PORTO VELHO | Faculdade Sapiens | Faculdade Unisapiens;SISTEMA DE INFORMAÇÃO | SISTEMAS DE INFORMACAO | SISTEMAS DE INFORMAÇÃO | Sistemas De Informação;"nao relacionar anos apenas por CO_CURSO; usar CO_IES + CO_CURSO";"pendente; triagem automatica nao confirma preenchimento da IES"
o mesmo numero de CO_CURSO aparece em IES diferentes ao longo da serie, sem sobreposicao anual;57066;2009;2024;2;2279 | 3169;Centro Universitário Metrocamp Wyden | FACULDADE DE TECNOLOGIA IBTA CAMPINAS | Faculdade METROCAMP;CURSO SUPERIOR DE TECNOLOGIA EM REDE DE COMPUTADORES AREA PROFISSIONAL INFORMATICA | REDES DE COMPUTADORES | Redes De Computadores;"nao relacionar anos apenas por CO_CURSO; usar CO_IES + CO_CURSO";"pendente; triagem automatica nao confirma preenchimento da IES"
o mesmo numero de CO_CURSO aparece em IES diferentes ao longo da serie, sem sobreposicao anual;57458;2009;2024;2;1365 | 5593;CENTRO UNIVERSITÁRIO ADVENTISTA DE SÃO PAULO | FACULDADE ADVENTISTA DE HORTOLANDIA | FACULDADE ADVENTISTA DE HORTOLÂNDIA | FACULDADE ADVENTISTA DE HORTOLÂNDIA - UNASP HORTOLÂNDIA;SISTEMAS DE INFORMACAO | SISTEMAS DE INFORMAÇÃO | Sistemas De Informação;"nao relacionar anos apenas por CO_CURSO; usar CO_IES + CO_CURSO";"pendente; triagem automatica nao confirma preenchimento da IES"
o mesmo numero de CO_CURSO aparece em IES diferentes ao longo da serie, sem sobreposicao anual;57820;2009;2024;3;215 | 376 | 457;CENTRO UNIVERSITÁRIO ANHANGUERA DE SÃO PAULO | UNIVERSIDADE ANHANGUERA DE SÃO PAULO | UNIVERSIDADE ANHANGUERA DE SÃO PAULO - UNIAN-SP | UNIVERSIDADE DO GRANDE ABC;SISTEMAS DE INFORMACAO | SISTEMAS DE INFORMAÇÃO | Sistemas De Informação;"nao relacionar anos apenas por CO_CURSO; usar CO_IES + CO_CURSO";"pendente; triagem automatica nao confirma preenchimento da IES"
o mesmo numero de CO_CURSO aparece em IES diferentes ao longo da serie, sem sobreposicao anual;58808;2009;2024;2;1066 | 2148;FACULDADE DE PALMAS | INSTITUTO DE ENSINO E PESQUISA OBJETIVO;CIENCIA DA COMPUTACAO | CIÊNCIA DA COMPUTAÇÃO | Ciência Da Computação;"nao relacionar anos apenas por CO_CURSO; usar CO_IES + CO_CURSO";"pendente; triagem automatica nao confirma preenchimento da IES"
o mesmo numero de CO_CURSO aparece em IES diferentes ao longo da serie, sem sobreposicao anual;59382;2009;2024;2;15453 | 308;Faculdade Presidente Antônio Carlos de Conselheiro Lafaiete | UNIVERSIDADE PRESIDENTE ANTONIO CARLOS;ENGENHARIA DA COMPUTACAO | ENGENHARIA DE COMPUTAÇÃO | Engenharia De Computação;"nao relacionar anos apenas por CO_CURSO; usar CO_IES + CO_CURSO";"pendente; triagem automatica nao confirma preenchimento da IES"
o mesmo numero de CO_CURSO aparece em IES diferentes ao longo da serie, sem sobreposicao anual;60406;2009;2024;2;1036 | 3465;FACULDADE DE INFORMATICA DE PASSOS | FACULDADE DE INFORMÁTICA DE PASSOS | UNIVERSIDADE DO ESTADO DE MINAS GERAIS;SISTEMA DE INFORMACAO | SISTEMAS DE INFORMAÇÃO | Sistemas De Informação;"nao relacionar anos apenas por CO_CURSO; usar CO_IES + CO_CURSO";"pendente; triagem automatica nao confirma preenchimento da IES"
o mesmo numero de CO_CURSO aparece em IES diferentes ao longo da serie, sem sobreposicao anual;60560;2009;2024;2;1036 | 3460;INSTITUTO SUPERIOR DE ENSINO E PESQUISA DE ITUIUTABA | UNIVERSIDADE DO ESTADO DE MINAS GERAIS;SISTEMA DE INFORMAÇÃO | SISTEMAS DE INFORMACAO | Sistema De Informação;"nao relacionar anos apenas por CO_CURSO; usar CO_IES + CO_CURSO";"pendente; triagem automatica nao confirma preenchimento da IES"
o mesmo numero de CO_CURSO aparece em IES diferentes ao longo da serie, sem sobreposicao anual;62074;2009;2022;2;19512 | 308;Centro Universitário Imepac - Araguari | INSTITUTO MASTER DE ENSINO PRESIDENTE ANTÔNIO CARLOS | UNIVERSIDADE PRESIDENTE ANTONIO CARLOS | UNIVERSIDADE PRESIDENTE ANTÔNIO CARLOS;SISTEMAS DE INFORMACAO | SISTEMAS DE INFORMAÇÃO | Sistemas De Informação;"nao relacionar anos apenas por CO_CURSO; usar CO_IES + CO_CURSO";"pendente; triagem automatica nao confirma preenchimento da IES"
o mesmo numero de CO_CURSO aparece em IES diferentes ao longo da serie, sem sobreposicao anual;62382;2009;2024;2;1036 | 5537;FACULDADES VALE DO CARANGOLA  FAVALE | FACULDADES VALE DO CARANGOLA - FAVALE | UNIVERSIDADE DO ESTADO DE MINAS GERAIS;SISTEMAS DE INFORMACAO | SISTEMAS DE INFORMAÇÃO | Sistemas De Informação;"nao relacionar anos apenas por CO_CURSO; usar CO_IES + CO_CURSO";"pendente; triagem automatica nao confirma preenchimento da IES"
o mesmo numero de CO_CURSO aparece em IES diferentes ao longo da serie, sem sobreposicao anual;63598;2010;2024;2;376 | 457;CENTRO UNIVERSITÁRIO ANHANGUERA DE SÃO PAULO | UNIVERSIDADE ANHANGUERA DE SÃO PAULO | UNIVERSIDADE ANHANGUERA DE SÃO PAULO - UNIAN-SP | UNIVERSIDADE BANDEIRANTE ANHANGUERA | UNIVERSIDADE BANDEIRANTE DE SÃO PAULO;GESTÃO DA TECNOLOGIA DA INFORMAÇÃO | Gestão Da Tecnologia Da Informação;"nao relacionar anos apenas por CO_CURSO; usar CO_IES + CO_CURSO";"pendente; triagem automatica nao confirma preenchimento da IES"
o mesmo numero de CO_CURSO aparece em IES diferentes ao longo da serie, sem sobreposicao anual;65440;2009;2024;2;15057 | 663;CENTRO UNIVERSITÁRIO UNIVERSO JUIZ DE FORA | UNIVERSIDADE SALGADO DE OLIVEIRA;ANALISE DE SISTEMAS SISTEMA DE INFORMACAO | SISTEMAS DE INFORMAÇÃO | Sistemas De Informação;"nao relacionar anos apenas por CO_CURSO; usar CO_IES + CO_CURSO";"pendente; triagem automatica nao confirma preenchimento da IES"
o mesmo numero de CO_CURSO aparece em IES diferentes ao longo da serie, sem sobreposicao anual;68612;2009;2020;2;1032 | 2844;CENTRO UNIVERSITÁRIO SALESIANO DE SÃO PAULO | FACULDADE SALESIANA DOM BOSCO DE PIRACICABA;SISTEMA DE INFORMAÇÃO | SISTEMAS DE INFORMACAO;"nao relacionar anos apenas por CO_CURSO; usar CO_IES + CO_CURSO";"pendente; triagem automatica nao confirma preenchimento da IES"
o mesmo numero de CO_CURSO aparece em IES diferentes ao longo da serie, sem sobreposicao anual;70520;2009;2023;2;15055 | 663;CENTRO UNIVERSITARIO UNIVERSO BELO HORIZONTE | UNIVERSIDADE SALGADO DE OLIVEIRA;ANALISE DE SISTEMAS | SISTEMAS DE INFORMAÇÃO | Sistemas De Informação;"nao relacionar anos apenas por CO_CURSO; usar CO_IES + CO_CURSO";"pendente; triagem automatica nao confirma preenchimento da IES"
o mesmo numero de CO_CURSO aparece em IES diferentes ao longo da serie, sem sobreposicao anual;71407;2009;2024;2;1818 | 891;FACULDADE  PITÁGORAS | FACULDADE ANHANGUERA DE BELO HORIZONTE | FACULDADE PITÁGORAS DE BELO HORIZONTE | Faculdade Anhanguera de Belo Horizonte;SISTEMA DE INFORMAÇÃO | SISTEMAS DE INFORMACAO | Sistema De Informação;"nao relacionar anos apenas por CO_CURSO; usar CO_IES + CO_CURSO";"pendente; triagem automatica nao confirma preenchimento da IES"
o mesmo numero de CO_CURSO aparece em IES diferentes ao longo da serie, sem sobreposicao anual;71937;2009;2021;2;2973 | 2974;FACULDADE DE CIENCIAS JURIDICAS E SOCIAIS APLICADAS DE PRIMAVERA DO LESTE | FACULDADE DE CIÊNCIAS JURÍDICAS E SOCIAIS APLICADAS DE PRIMAVERA DO LESTE | FACULDADES INTEGRADAS DE PRIMAVERA DO LESTE;ANÁLISE E DESENVOLVIMENTO DE SISTEMAS | Análise E Desenvolvimento De Sistemas | CST em Analise e Desenv de Sistema;"nao relacionar anos apenas por CO_CURSO; usar CO_IES + CO_CURSO";"pendente; triagem automatica nao confirma preenchimento da IES"
o mesmo numero de CO_CURSO aparece em IES diferentes ao longo da serie, sem sobreposicao anual;72088;2009;2022;2;1066 | 2148;FACULDADE DE PALMAS | INSTITUTO DE ENSINO E PESQUISA OBJETIVO;CURSO SUPERIOR DE TECNOLOGIA EM REDES DE COMPUTADORES AGRUPAMENTO DE AREAS PROFISSIONAIS INFORMATICA E TELECOMUNICACAO | REDES DE COMPUTADORES | Redes De Computadores;"nao relacionar anos apenas por CO_CURSO; usar CO_IES + CO_CURSO";"pendente; triagem automatica nao confirma preenchimento da IES"
o mesmo numero de CO_CURSO aparece em IES diferentes ao longo da serie, sem sobreposicao anual;72259;2018;2022;2;2149 | 2168;FACULDADE CAMPO GRANDE | FACULDADE MATO GROSSO DO SUL;Gestão Da Tecnologia Da Informação | SISTEMA DE INFORMAÇÃO;"nao relacionar anos apenas por CO_CURSO; usar CO_IES + CO_CURSO";"pendente; triagem automatica nao confirma preenchimento da IES"
o mesmo numero de CO_CURSO aparece em IES diferentes ao longo da serie, sem sobreposicao anual;72345;2009;2024;2;1464 | 17608;Centro Universitário Faep | FACULDADE MODULO PAULISTA | FACULDADE MÓDULO PAULISTA | Faculdade de Educação Paulistana;CURSO SUPERIOR DE TECNOLOGIA EM REDES DE COMPUTADORES EIXO TECNOLOGICO INFORMACAO E COMUNICACAO | REDES DE COMPUTADORES | Redes De Computadores;"nao relacionar anos apenas por CO_CURSO; usar CO_IES + CO_CURSO";"pendente; triagem automatica nao confirma preenchimento da IES"
o mesmo numero de CO_CURSO aparece em IES diferentes ao longo da serie, sem sobreposicao anual;72533;2010;2020;2;2149 | 2168;FACULDADE CAMPO GRANDE | FACULDADE MATO GROSSO DO SUL;GERENCIAMENTO DE REDES DE COMPUTADORES;"nao relacionar anos apenas por CO_CURSO; usar CO_IES + CO_CURSO";"pendente; triagem automatica nao confirma preenchimento da IES"
o mesmo numero de CO_CURSO aparece em IES diferentes ao longo da serie, sem sobreposicao anual;72607;2009;2017;2;1715 | 1790;FACULDADE DO SUL DA BAHIA;ANÁLISE E DESENVOLVIMENTO DE SISTEMAS | CURSO SUPERIOR DE TECNOLOGIA EM ANALISE E DESENVOLVIMENTO DE SISTEMAS AREA PROFISSIONAL INFORMATICA E TELECOMUNICACAO;"nao relacionar anos apenas por CO_CURSO; usar CO_IES + CO_CURSO";"pendente; triagem automatica nao confirma preenchimento da IES"
o mesmo numero de CO_CURSO aparece em IES diferentes ao longo da serie, sem sobreposicao anual;73889;2009;2014;2;1777 | 3982;FACULDADE DE TECNOLOGIA FAMEG  FAMETEC | FACULDADE METROPOLITANA DE GUARAMIRIM;CURSO SUPERIOR DE TECNOLOGIA EM REDES DE COMPUTADORES EIXO TECNOLOGICO INFORMACAO E COMUNICACAO | REDES DE COMPUTADORES;"nao relacionar anos apenas por CO_CURSO; usar CO_IES + CO_CURSO";"pendente; triagem automatica nao confirma preenchimento da IES"
o mesmo numero de CO_CURSO aparece em IES diferentes ao longo da serie, sem sobreposicao anual;73891;2009;2022;2;1777 | 3982;CENTRO UNIVERSITÁRIO LEONARDO DA VINCI | FACULDADE DE TECNOLOGIA FAMEG  FAMETEC | FACULDADE METROPOLITANA DE GUARAMIRIM;ANÁLISE E DESENVOLVIMENTO DE SISTEMAS | Análise E Desenvolvimento De Sistemas | CURSO SUPERIOR DE TECNOLOGIA EM ANALISE E DESENVOLVIMENTO DE SISTEMAS EIXO TECNOLOGICO INFORMACAO E COMUNICACAO;"nao relacionar anos apenas por CO_CURSO; usar CO_IES + CO_CURSO";"pendente; triagem automatica nao confirma preenchimento da IES"
o mesmo numero de CO_CURSO aparece em IES diferentes ao longo da serie, sem sobreposicao anual;74586;2009;2024;2;14156 | 308;Faculdade Presidente Antônio Carlos de Teófilo Otoni | UNIVERSIDADE PRESIDENTE ANTONIO CARLOS;SISTEMAS DE INFORMACAO | SISTEMAS DE INFORMAÇÃO | Sistemas De Informação;"nao relacionar anos apenas por CO_CURSO; usar CO_IES + CO_CURSO";"pendente; triagem automatica nao confirma preenchimento da IES"
o mesmo numero de CO_CURSO aparece em IES diferentes ao longo da serie, sem sobreposicao anual;74677;2009;2024;2;3804 | 4006;Centro Universitário Senac RS | FACULDADE DE TECNOLOGIA SENAC PELOTAS;ANÁLISE E DESENVOLVIMENTO DE SISTEMAS | Análise E Desenvolvimento De Sistemas | CURSO SUPERIOR DE TECNOLOGIA EM ANALISE E DESENVOLVIMENTO DE SISTEMASAGRUPAMENTO DE AREA PROFISSIONAL INFORMATICA E DE TELECOMUNICACOES;"nao relacionar anos apenas por CO_CURSO; usar CO_IES + CO_CURSO";"pendente; triagem automatica nao confirma preenchimento da IES"
o mesmo numero de CO_CURSO aparece em IES diferentes ao longo da serie, sem sobreposicao anual;75412;2009;2023;3;215 | 376 | 457;CENTRO UNIVERSITÁRIO ANHANGUERA DE SÃO PAULO | UNIVERSIDADE ANHANGUERA DE SÃO PAULO | UNIVERSIDADE ANHANGUERA DE SÃO PAULO - UNIAN-SP | UNIVERSIDADE DO GRANDE ABC;CURSO SUPERIOR DE TECNOLOGIA EM REDES DE COMPUTADORES | REDES DE COMPUTADORES | Redes De Computadores;"nao relacionar anos apenas por CO_CURSO; usar CO_IES + CO_CURSO";"pendente; triagem automatica nao confirma preenchimento da IES"
o mesmo numero de CO_CURSO aparece em IES diferentes ao longo da serie, sem sobreposicao anual;79537;2009;2024;2;1322 | 4043;FACULDADE EDUVALE DE AVARÉ | FACULDADE TECNOLOGIA EDUVALE  AVARE | FACULDADE TECNOLOGIA EDUVALE - AVARÉ;ANÁLISE E DESENVOLVIMENTO DE SISTEMAS | Análise E Desenvolvimento De Sistemas | CURSO SUPERIOR DE TECNOLOGIA EM DESENVOLVIMENTO DE SISTEMAS AREA PROFISSIONAL INFORMATICA | DESENVOLVIMENTO DE SISTEMAS;"nao relacionar anos apenas por CO_CURSO; usar CO_IES + CO_CURSO";"pendente; triagem automatica nao confirma preenchimento da IES"
o mesmo numero de CO_CURSO aparece em IES diferentes ao longo da serie, sem sobreposicao anual;79908;2009;2011;2;14183 | 308;Faculdade Presidente Antônio Carlos de São João Del Rei | UNIVERSIDADE PRESIDENTE ANTONIO CARLOS;SISTEMA DE INFORMAÇÃO | SISTEMAS DE INFORMACAO;"nao relacionar anos apenas por CO_CURSO; usar CO_IES + CO_CURSO";"pendente; triagem automatica nao confirma preenchimento da IES"
o mesmo numero de CO_CURSO aparece em IES diferentes ao longo da serie, sem sobreposicao anual;80982;2009;2016;2;2451 | 3310;FACULDADE DE TECNOLOGIA DA AMAZONIA | FACULDADES INTEGRADAS IPIRANGA;CURSO SUPERIOR DE TECNOLOGIA EM REDES DE COMPUTADORES AREA PROFISSIONAL INFORMATICA | REDES DE COMPUTADORES;"nao relacionar anos apenas por CO_CURSO; usar CO_IES + CO_CURSO";"pendente; triagem automatica nao confirma preenchimento da IES"
o mesmo numero de CO_CURSO aparece em IES diferentes ao longo da serie, sem sobreposicao anual;8248;2009;2013;2;396 | 397;FACULDADE RUY BARBOSA | FACULDADE RUY BARBOSA DE TECNOLOGIA EM PROCESSAMENTO DE DADOS;CURSO SUPERIOR DE TECNOLOGIA EM PROCESSAMENTO DE DADOS | PROCESSAMENTO DE DADOS;"nao relacionar anos apenas por CO_CURSO; usar CO_IES + CO_CURSO";"pendente; triagem automatica nao confirma preenchimento da IES"
o mesmo numero de CO_CURSO aparece em IES diferentes ao longo da serie, sem sobreposicao anual;84763;2009;2012;2;14127 | 308;Faculdade Presidente Antônio Carlos de Campo Belo | UNIVERSIDADE PRESIDENTE ANTONIO CARLOS;SISTEMAS DE INFORMACAO | SISTEMAS DE INFORMAÇÃO;"nao relacionar anos apenas por CO_CURSO; usar CO_IES + CO_CURSO";"pendente; triagem automatica nao confirma preenchimento da IES"
o mesmo numero de CO_CURSO aparece em IES diferentes ao longo da serie, sem sobreposicao anual;86318;2009;2024;2;18440 | 569;UNIVERSIDADE FEDERAL DO PARA | UNIVERSIDADE FEDERAL DO PARÁ | UNIVERSIDADE FEDERAL DO SUL E SUDESTE DO PARÁ;SISTEMA DE INFORMAÇÃO | SISTEMAS DE INFORMACAO MARABA | Sistema De Informação;"nao relacionar anos apenas por CO_CURSO; usar CO_IES + CO_CURSO";"pendente; triagem automatica nao confirma preenchimento da IES"
o mesmo numero de CO_CURSO aparece em IES diferentes ao longo da serie, sem sobreposicao anual;86326;2009;2024;2;15059 | 569;UNIVERSIDADE FEDERAL DO OESTE DO PARÁ | UNIVERSIDADE FEDERAL DO PARA;SISTEMAS DE INFORMACAO SANTAREM | SISTEMAS DE INFORMAÇÃO | Sistemas De Informação;"nao relacionar anos apenas por CO_CURSO; usar CO_IES + CO_CURSO";"pendente; triagem automatica nao confirma preenchimento da IES"
o mesmo numero de CO_CURSO aparece em IES diferentes ao longo da serie, sem sobreposicao anual;86792;2009;2024;2;1818 | 891;FACULDADE  PITÁGORAS | FACULDADE ANHANGUERA DE BELO HORIZONTE | FACULDADE PITÁGORAS DE BELO HORIZONTE | Faculdade Anhanguera de Belo Horizonte;ANÁLISE E DESENVOLVIMENTO DE SISTEMAS | Análise E Desenvolvimento De Sistemas | CURSO SUPERIOR DE TECNOLOGIA EM ANALISE E DESENVOLVIMENTO DE SISTEMAS AREA PROFISSIONAL INFORMATICA;"nao relacionar anos apenas por CO_CURSO; usar CO_IES + CO_CURSO";"pendente; triagem automatica nao confirma preenchimento da IES"
o mesmo numero de CO_CURSO aparece em IES diferentes ao longo da serie, sem sobreposicao anual;87858;2009;2010;2;15357 | 308;Faculdade Presidente Antônio Carlos de Ubá | UNIVERSIDADE PRESIDENTE ANTONIO CARLOS;CIENCIA DA COMPUTACAO | CIÊNCIA DA COMPUTAÇÃO;"nao relacionar anos apenas por CO_CURSO; usar CO_IES + CO_CURSO";"pendente; triagem automatica nao confirma preenchimento da IES"
o mesmo numero de CO_CURSO aparece em IES diferentes ao longo da serie, sem sobreposicao anual;91067;2009;2024;2;376 | 457;CENTRO UNIVERSITÁRIO ANHANGUERA DE SÃO PAULO | UNIVERSIDADE ANHANGUERA DE SÃO PAULO | UNIVERSIDADE ANHANGUERA DE SÃO PAULO - UNIAN-SP | UNIVERSIDADE BANDEIRANTE ANHANGUERA | UNIVERSIDADE BANDEIRANTE DE SAO PAULO | UNIVERSIDADE BANDEIRANTE DE SÃO PAULO;SISTEMAS DE INFORMACAO | SISTEMAS DE INFORMAÇÃO | Sistemas De Informação;"nao relacionar anos apenas por CO_CURSO; usar CO_IES + CO_CURSO";"pendente; triagem automatica nao confirma preenchimento da IES"
o mesmo numero de CO_CURSO aparece em IES diferentes ao longo da serie, sem sobreposicao anual;91195;2009;2024;2;1396 | 2077;Centro Universitário Dinâmica das Cataratas | FACULDADE ANGLO-AMERICANO | FACULDADE ANGLOAMERICANO;CIENCIA DA COMPUTACAO | CIÊNCIA DA COMPUTAÇÃO | Ciência Da Computação;"nao relacionar anos apenas por CO_CURSO; usar CO_IES + CO_CURSO";"pendente; triagem automatica nao confirma preenchimento da IES"
o mesmo numero de CO_CURSO aparece em IES diferentes ao longo da serie, sem sobreposicao anual;91868;2009;2024;2;22015 | 3684;FUNDACAO DE ENSINO SUPERIOR DE CLEVELANDIA | FUNDAÇÃO DE ENSINO SUPERIOR DE CLEVELÂNDIA | Faculdade Municipal de Educação e Meio Ambiente;Análise E Desenvolvimento De Sistemas | CURSO SUPERIOR DE TECNOLOGIA EM INFORMATICA SISTEMAS DE INFORMACAO | INFORMÁTICA | Informática;"nao relacionar anos apenas por CO_CURSO; usar CO_IES + CO_CURSO";"pendente; triagem automatica nao confirma preenchimento da IES"
o mesmo numero de CO_CURSO aparece em IES diferentes ao longo da serie, sem sobreposicao anual;91963;2009;2013;2;14156 | 308;Faculdade Presidente Antônio Carlos de Teófilo Otoni | UNIVERSIDADE PRESIDENTE ANTONIO CARLOS;CIENCIA DA COMPUTACAO | CIÊNCIA DA COMPUTAÇÃO;"nao relacionar anos apenas por CO_CURSO; usar CO_IES + CO_CURSO";"pendente; triagem automatica nao confirma preenchimento da IES"
o mesmo numero de CO_CURSO aparece em IES diferentes ao longo da serie, sem sobreposicao anual;92943;2009;2012;2;14029 | 308;Faculdade Presidente Antônio Carlos de Aimorés | UNIVERSIDADE PRESIDENTE ANTONIO CARLOS;ANÁLISE E DESENVOLVIMENTO DE SISTEMAS | CURSO SUPERIOR DE TECNOLOGIA EM ANALISE E DESENVOLVIMENTO DE SISTEMAS;"nao relacionar anos apenas por CO_CURSO; usar CO_IES + CO_CURSO";"pendente; triagem automatica nao confirma preenchimento da IES"
o mesmo numero de CO_CURSO aparece em IES diferentes ao longo da serie, sem sobreposicao anual;95381;2009;2012;2;14248 | 308;Faculdade Presidente Antônio Carlos de Uberlândia | UNIVERSIDADE PRESIDENTE ANTONIO CARLOS;ANÁLISE E DESENVOLVIMENTO DE SISTEMAS | CURSO SUPERIOR DE TECNOLOGIA EM ANALISE E DESENVOLVIMENTO DE SISTEMAS;"nao relacionar anos apenas por CO_CURSO; usar CO_IES + CO_CURSO";"pendente; triagem automatica nao confirma preenchimento da IES"
o mesmo numero de CO_CURSO aparece em IES diferentes ao longo da serie, sem sobreposicao anual;9586;2009;2019;2;416 | 459;FACULDADE DE SÃO PAULO | FACULDADE RENASCENCA;ANÁLISE E DESENVOLVIMENTO DE SISTEMAS | CURSO SUPERIOR DE TECNOLOGIA EM INFORMATICA | INFORMÁTICA;"nao relacionar anos apenas por CO_CURSO; usar CO_IES + CO_CURSO";"pendente; triagem automatica nao confirma preenchimento da IES"
o mesmo numero de CO_CURSO aparece em IES diferentes ao longo da serie, sem sobreposicao anual;96938;2009;2024;2;2279 | 3169;Centro Universitário Metrocamp Wyden | FACULDADE DE TECNOLOGIA IBTA CAMPINAS | Faculdade METROCAMP;ANÁLISE E DESENVOLVIMENTO DE SISTEMAS | Análise E Desenvolvimento De Sistemas | CURSO SUPERIOR DE TECNOLOGIA EM ANALISE E DESENVOLVIMENTO DE SISTEMASAGRUPAMENTO DE AREA PROFISSIONAL INFORMATICA E DE TELECOMUNICACOES;"nao relacionar anos apenas por CO_CURSO; usar CO_IES + CO_CURSO";"pendente; triagem automatica nao confirma preenchimento da IES"
o mesmo numero de CO_CURSO aparece em IES diferentes ao longo da serie, sem sobreposicao anual;99954;2009;2024;2;1561 | 2010;FACULDADE DE CIENCIAS E LETRAS | FACULDADE DE CIÊNCIAS E LETRAS | FACULDADE ESAMC SOROCABA;ANÁLISE E DESENVOLVIMENTO DE SISTEMAS | Análise E Desenvolvimento De Sistemas | CURSO SUPERIOR DE TECNOLOGIA EM ANALISE E DESENVOLVIMENTO DE SISTEMASAGRUPAMENTO DE AREAS PROFISSIONAIS INFORMATICA E TELECOMUNICACAO;"nao relacionar anos apenas por CO_CURSO; usar CO_IES + CO_CURSO";"pendente; triagem automatica nao confirma preenchimento da IES"
o mesmo numero de CO_CURSO aparece em IES diferentes ao longo da serie, sem sobreposicao anual;99978;2009;2023;2;1561 | 2010;FACULDADE DE CIENCIAS E LETRAS | FACULDADE DE CIÊNCIAS E LETRAS | FACULDADE ESAMC SOROCABA;CURSO SUPERIOR DE TECNOLOGIA EM REDES DE COMPUTADORESAGRUPAMENTO DE AREAS PROFISSIONAIS INFORMATICA E TELECOMUNICACAO | REDES DE COMPUTADORES | Redes De Computadores;"nao relacionar anos apenas por CO_CURSO; usar CO_IES + CO_CURSO";"pendente; triagem automatica nao confirma preenchimento da IES"
