MOTIVO_CURADORIA;NU_ANO_CENSO;CO_IES;NO_IES;N_CURSOS_COMPUTACAO;VALOR_VAGAS;N_CURSOS_COM_ESSE_VALOR;TOTAL_DECLARADO_NESSES_CURSOS;DECISAO_CURADORIA;STATUS_VERIFICACAO_FONTE
mesmo valor de vagas aparece em pelo menos quatro cursos da IES;2009;322;UNIVERSIDADE PAULISTA;82;230;46;10580;manter: repeticao de capacidade planejada nao comprova duplicidade;"pendente; triagem automatica nao confirma preenchimento da IES"
mesmo valor de vagas aparece em pelo menos quatro cursos da IES;2009;1741;FACULDADE DE TECNOLOGIA INTERAMERICA;11;200;11;2200;manter: repeticao de capacidade planejada nao comprova duplicidade;"pendente; triagem automatica nao confirma preenchimento da IES"
mesmo valor de vagas aparece em pelo menos quatro cursos da IES;2009;47;UNIVERSIDADE ESTADUAL DE GOIAS;12;40;11;440;manter: repeticao de capacidade planejada nao comprova duplicidade;"pendente; triagem automatica nao confirma preenchimento da IES"
mesmo valor de vagas aparece em pelo menos quatro cursos da IES;2009;221;UNIVERSIDADE CRUZEIRO DO SUL;14;90;10;900;manter: repeticao de capacidade planejada nao comprova duplicidade;"pendente; triagem automatica nao confirma preenchimento da IES"
mesmo valor de vagas aparece em pelo menos quatro cursos da IES;2009;163;UNIVERSIDADE ESTACIO DE SA;36;80;8;640;manter: repeticao de capacidade planejada nao comprova duplicidade;"pendente; triagem automatica nao confirma preenchimento da IES"
mesmo valor de vagas aparece em pelo menos quatro cursos da IES;2009;308;UNIVERSIDADE PRESIDENTE ANTONIO CARLOS;18;60;7;420;manter: repeticao de capacidade planejada nao comprova duplicidade;"pendente; triagem automatica nao confirma preenchimento da IES"
mesmo valor de vagas aparece em pelo menos quatro cursos da IES;2009;521;UNIVERSIDADE DE MOGI DAS CRUZES;8;480;7;3360;manter: repeticao de capacidade planejada nao comprova duplicidade;"pendente; triagem automatica nao confirma preenchimento da IES"
mesmo valor de vagas aparece em pelo menos quatro cursos da IES;2009;663;UNIVERSIDADE SALGADO DE OLIVEIRA;11;600;7;4200;manter: repeticao de capacidade planejada nao comprova duplicidade;"pendente; triagem automatica nao confirma preenchimento da IES"
mesmo valor de vagas aparece em pelo menos quatro cursos da IES;2009;338;PONTIFICIA UNIVERSIDADE CATOLICA DE MINAS GERAIS;10;120;6;720;manter: repeticao de capacidade planejada nao comprova duplicidade;"pendente; triagem automatica nao confirma preenchimento da IES"
mesmo valor de vagas aparece em pelo menos quatro cursos da IES;2009;457;UNIVERSIDADE BANDEIRANTE DE SAO PAULO;18;90;6;540;manter: repeticao de capacidade planejada nao comprova duplicidade;"pendente; triagem automatica nao confirma preenchimento da IES"
mesmo valor de vagas aparece em pelo menos quatro cursos da IES;2009;802;CENTRO UNIVERSITARIO CARIOCA;8;50;6;300;manter: repeticao de capacidade planejada nao comprova duplicidade;"pendente; triagem automatica nao confirma preenchimento da IES"
mesmo valor de vagas aparece em pelo menos quatro cursos da IES;2009;20;UNIVERSIDADE DE PASSO FUNDO;11;40;5;200;manter: repeticao de capacidade planejada nao comprova duplicidade;"pendente; triagem automatica nao confirma preenchimento da IES"
mesmo valor de vagas aparece em pelo menos quatro cursos da IES;2009;374;CENTRO UNIVERSITARIO DAS FACULDADES METROPOLITANAS UNIDAS;7;100;5;500;manter: repeticao de capacidade planejada nao comprova duplicidade;"pendente; triagem automatica nao confirma preenchimento da IES"
mesmo valor de vagas aparece em pelo menos quatro cursos da IES;2009;423;UNIVERSIDADE REGIONAL INTEGRADA DO ALTO URUGUAI E DAS MISSOES;7;50;5;250;manter: repeticao de capacidade planejada nao comprova duplicidade;"pendente; triagem automatica nao confirma preenchimento da IES"
mesmo valor de vagas aparece em pelo menos quatro cursos da IES;2009;441;UNIVERSIDADE DO CONTESTADO;7;50;5;250;manter: repeticao de capacidade planejada nao comprova duplicidade;"pendente; triagem automatica nao confirma preenchimento da IES"
mesmo valor de vagas aparece em pelo menos quatro cursos da IES;2009;449;UNIVERSIDADE LUTERANA DO BRASIL;12;100;5;500;manter: repeticao de capacidade planejada nao comprova duplicidade;"pendente; triagem automatica nao confirma preenchimento da IES"
mesmo valor de vagas aparece em pelo menos quatro cursos da IES;2009;793;CENTRO UNIVERSITARIO RADIAL;11;300;5;1500;manter: repeticao de capacidade planejada nao comprova duplicidade;"pendente; triagem automatica nao confirma preenchimento da IES"
mesmo valor de vagas aparece em pelo menos quatro cursos da IES;2009;1422;CENTRO UNIVERSITARIO DO NORTE;6;100;4;400;manter: repeticao de capacidade planejada nao comprova duplicidade;"pendente; triagem automatica nao confirma preenchimento da IES"
mesmo valor de vagas aparece em pelo menos quatro cursos da IES;2009;1872;FACULDADES INTEGRADAS SANTA CRUZ DE CURITIBA;4;150;4;600;manter: repeticao de capacidade planejada nao comprova duplicidade;"pendente; triagem automatica nao confirma preenchimento da IES"
mesmo valor de vagas aparece em pelo menos quatro cursos da IES;2009;2145;FACULDADE INFORIUM DE TECNOLOGIA;5;200;4;800;manter: repeticao de capacidade planejada nao comprova duplicidade;"pendente; triagem automatica nao confirma preenchimento da IES"
mesmo valor de vagas aparece em pelo menos quatro cursos da IES;2009;267;FACULDADES INTEGRADAS ESPIRITO SANTENSES;5;100;4;400;manter: repeticao de capacidade planejada nao comprova duplicidade;"pendente; triagem automatica nao confirma preenchimento da IES"
mesmo valor de vagas aparece em pelo menos quatro cursos da IES;2009;417;UNIVERSIDADE CIDADE DE SAO PAULO;5;120;4;480;manter: repeticao de capacidade planejada nao comprova duplicidade;"pendente; triagem automatica nao confirma preenchimento da IES"
mesmo valor de vagas aparece em pelo menos quatro cursos da IES;2009;456;CENTRO UNIVERSITARIO SANTANNA;6;210;4;840;manter: repeticao de capacidade planejada nao comprova duplicidade;"pendente; triagem automatica nao confirma preenchimento da IES"
mesmo valor de vagas aparece em pelo menos quatro cursos da IES;2009;513;UNIVERSIDADE VALE DO RIO DOCE;4;40;4;160;manter: repeticao de capacidade planejada nao comprova duplicidade;"pendente; triagem automatica nao confirma preenchimento da IES"
mesmo valor de vagas aparece em pelo menos quatro cursos da IES;2009;5387;FACULDADE IMPACTA DE TECNOLOGIA;4;150;4;600;manter: repeticao de capacidade planejada nao comprova duplicidade;"pendente; triagem automatica nao confirma preenchimento da IES"
mesmo valor de vagas aparece em pelo menos quatro cursos da IES;2009;582;UNIVERSIDADE FEDERAL DE SANTA MARIA;5;40;4;160;manter: repeticao de capacidade planejada nao comprova duplicidade;"pendente; triagem automatica nao confirma preenchimento da IES"
mesmo valor de vagas aparece em pelo menos quatro cursos da IES;2009;588;UNIVERSIDADE TECNOLOGICA FEDERAL DO PARANA;17;88;4;352;manter: repeticao de capacidade planejada nao comprova duplicidade;"pendente; triagem automatica nao confirma preenchimento da IES"
mesmo valor de vagas aparece em pelo menos quatro cursos da IES;2009;82;UNIVERSIDADE DO OESTE DE SANTA CATARINA;11;40;4;160;manter: repeticao de capacidade planejada nao comprova duplicidade;"pendente; triagem automatica nao confirma preenchimento da IES"
mesmo valor de vagas aparece em pelo menos quatro cursos da IES;2009;852;FACULDADE DE INFORMATICA E ADMINISTRACAO PAULISTA;6;150;4;600;manter: repeticao de capacidade planejada nao comprova duplicidade;"pendente; triagem automatica nao confirma preenchimento da IES"
mesmo valor de vagas aparece em pelo menos quatro cursos da IES;2010;322;UNIVERSIDADE PAULISTA;80;115;43;4945;manter: repeticao de capacidade planejada nao comprova duplicidade;"pendente; triagem automatica nao confirma preenchimento da IES"
mesmo valor de vagas aparece em pelo menos quatro cursos da IES;2010;316;UNIVERSIDADE NOVE DE JULHO;34;140;14;1960;manter: repeticao de capacidade planejada nao comprova duplicidade;"pendente; triagem automatica nao confirma preenchimento da IES"
mesmo valor de vagas aparece em pelo menos quatro cursos da IES;2010;457;UNIVERSIDADE BANDEIRANTE DE SÃO PAULO;26;90;14;1260;manter: repeticao de capacidade planejada nao comprova duplicidade;"pendente; triagem automatica nao confirma preenchimento da IES"
mesmo valor de vagas aparece em pelo menos quatro cursos da IES;2010;1741;FACULDADE DE TECNOLOGIA INTERAMÉRICA;11;200;11;2200;manter: repeticao de capacidade planejada nao comprova duplicidade;"pendente; triagem automatica nao confirma preenchimento da IES"
mesmo valor de vagas aparece em pelo menos quatro cursos da IES;2010;163;UNIVERSIDADE ESTÁCIO DE SÁ;43;80;10;800;manter: repeticao de capacidade planejada nao comprova duplicidade;"pendente; triagem automatica nao confirma preenchimento da IES"
mesmo valor de vagas aparece em pelo menos quatro cursos da IES;2010;221;UNIVERSIDADE CRUZEIRO DO SUL;13;90;10;900;manter: repeticao de capacidade planejada nao comprova duplicidade;"pendente; triagem automatica nao confirma preenchimento da IES"
mesmo valor de vagas aparece em pelo menos quatro cursos da IES;2010;449;UNIVERSIDADE LUTERANA DO BRASIL;12;100;10;1000;manter: repeticao de capacidade planejada nao comprova duplicidade;"pendente; triagem automatica nao confirma preenchimento da IES"
mesmo valor de vagas aparece em pelo menos quatro cursos da IES;2010;47;UNIVERSIDADE ESTADUAL DE GOIÁS;12;40;10;400;manter: repeticao de capacidade planejada nao comprova duplicidade;"pendente; triagem automatica nao confirma preenchimento da IES"
mesmo valor de vagas aparece em pelo menos quatro cursos da IES;2010;338;PONTIFÍCIA UNIVERSIDADE CATÓLICA DE MINAS GERAIS;10;120;8;960;manter: repeticao de capacidade planejada nao comprova duplicidade;"pendente; triagem automatica nao confirma preenchimento da IES"
mesmo valor de vagas aparece em pelo menos quatro cursos da IES;2010;663;UNIVERSIDADE SALGADO DE OLIVEIRA;11;600;7;4200;manter: repeticao de capacidade planejada nao comprova duplicidade;"pendente; triagem automatica nao confirma preenchimento da IES"
mesmo valor de vagas aparece em pelo menos quatro cursos da IES;2010;441;UNIVERSIDADE DO CONTESTADO;6;50;6;300;manter: repeticao de capacidade planejada nao comprova duplicidade;"pendente; triagem automatica nao confirma preenchimento da IES"
mesmo valor de vagas aparece em pelo menos quatro cursos da IES;2010;582;UNIVERSIDADE FEDERAL DE SANTA MARIA;7;40;6;240;manter: repeticao de capacidade planejada nao comprova duplicidade;"pendente; triagem automatica nao confirma preenchimento da IES"
mesmo valor de vagas aparece em pelo menos quatro cursos da IES;2010;588;UNIVERSIDADE TECNOLÓGICA FEDERAL DO PARANÁ;19;88;6;528;manter: repeticao de capacidade planejada nao comprova duplicidade;"pendente; triagem automatica nao confirma preenchimento da IES"
mesmo valor de vagas aparece em pelo menos quatro cursos da IES;2010;267;FACULDADES INTEGRADAS ESPÍRITO SANTENSES;5;100;5;500;manter: repeticao de capacidade planejada nao comprova duplicidade;"pendente; triagem automatica nao confirma preenchimento da IES"
mesmo valor de vagas aparece em pelo menos quatro cursos da IES;2010;3985;CENTRO UNIVERSITÁRIO SENAC;5;100;5;500;manter: repeticao de capacidade planejada nao comprova duplicidade;"pendente; triagem automatica nao confirma preenchimento da IES"
mesmo valor de vagas aparece em pelo menos quatro cursos da IES;2010;521;UNIVERSIDADE DE MOGI DAS CRUZES;8;300;5;1500;manter: repeticao de capacidade planejada nao comprova duplicidade;"pendente; triagem automatica nao confirma preenchimento da IES"
mesmo valor de vagas aparece em pelo menos quatro cursos da IES;2010;694;UNIVERSIDADE FEDERAL DE MATO GROSSO DO SUL;9;50;5;250;manter: repeticao de capacidade planejada nao comprova duplicidade;"pendente; triagem automatica nao confirma preenchimento da IES"
mesmo valor de vagas aparece em pelo menos quatro cursos da IES;2010;793;Centro Universitário Estácio Radial de São Paulo - Estácio UNIRADIAL;12;300;5;1500;manter: repeticao de capacidade planejada nao comprova duplicidade;"pendente; triagem automatica nao confirma preenchimento da IES"
mesmo valor de vagas aparece em pelo menos quatro cursos da IES;2010;1385;FACULDADES INTEGRADAS IPEP;5;100;4;400;manter: repeticao de capacidade planejada nao comprova duplicidade;"pendente; triagem automatica nao confirma preenchimento da IES"
mesmo valor de vagas aparece em pelo menos quatro cursos da IES;2010;1853;FACULDADE DE TECNOLOGIA IBTA;7;200;4;800;manter: repeticao de capacidade planejada nao comprova duplicidade;"pendente; triagem automatica nao confirma preenchimento da IES"
mesmo valor de vagas aparece em pelo menos quatro cursos da IES;2010;1872;FACULDADES INTEGRADAS SANTA CRUZ DE CURITIBA;4;150;4;600;manter: repeticao de capacidade planejada nao comprova duplicidade;"pendente; triagem automatica nao confirma preenchimento da IES"
mesmo valor de vagas aparece em pelo menos quatro cursos da IES;2010;2835;FACULDADE MAURÍCIO DE NASSAU;4;240;4;960;manter: repeticao de capacidade planejada nao comprova duplicidade;"pendente; triagem automatica nao confirma preenchimento da IES"
mesmo valor de vagas aparece em pelo menos quatro cursos da IES;2010;403;UNIVERSIDADE CATÓLICA DE BRASÍLIA;9;200;4;800;manter: repeticao de capacidade planejada nao comprova duplicidade;"pendente; triagem automatica nao confirma preenchimento da IES"
mesmo valor de vagas aparece em pelo menos quatro cursos da IES;2010;456;CENTRO UNIVERSITÁRIO SANT'ANNA;6;210;4;840;manter: repeticao de capacidade planejada nao comprova duplicidade;"pendente; triagem automatica nao confirma preenchimento da IES"
mesmo valor de vagas aparece em pelo menos quatro cursos da IES;2010;5036;INSTITUTO FEDERAL DE EDUCAÇÃO, CIÊNCIA E TECNOLOGIA CATARINENSE;4;40;4;160;manter: repeticao de capacidade planejada nao comprova duplicidade;"pendente; triagem automatica nao confirma preenchimento da IES"
mesmo valor de vagas aparece em pelo menos quatro cursos da IES;2010;5387;FACULDADE IMPACTA DE TECNOLOGIA;4;150;4;600;manter: repeticao de capacidade planejada nao comprova duplicidade;"pendente; triagem automatica nao confirma preenchimento da IES"
mesmo valor de vagas aparece em pelo menos quatro cursos da IES;2010;583;UNIVERSIDADE FEDERAL DO CEARÁ;8;50;4;200;manter: repeticao de capacidade planejada nao comprova duplicidade;"pendente; triagem automatica nao confirma preenchimento da IES"
mesmo valor de vagas aparece em pelo menos quatro cursos da IES;2010;852;FACULDADE DE INFORMÁTICA E ADMINISTRAÇÃO PAULISTA;6;150;4;600;manter: repeticao de capacidade planejada nao comprova duplicidade;"pendente; triagem automatica nao confirma preenchimento da IES"
mesmo valor de vagas aparece em pelo menos quatro cursos da IES;2011;322;UNIVERSIDADE PAULISTA;86;460;31;14260;manter: repeticao de capacidade planejada nao comprova duplicidade;"pendente; triagem automatica nao confirma preenchimento da IES"
mesmo valor de vagas aparece em pelo menos quatro cursos da IES;2011;457;UNIVERSIDADE BANDEIRANTE DE SÃO PAULO;35;90;19;1710;manter: repeticao de capacidade planejada nao comprova duplicidade;"pendente; triagem automatica nao confirma preenchimento da IES"
mesmo valor de vagas aparece em pelo menos quatro cursos da IES;2011;316;UNIVERSIDADE NOVE DE JULHO;36;140;13;1820;manter: repeticao de capacidade planejada nao comprova duplicidade;"pendente; triagem automatica nao confirma preenchimento da IES"
mesmo valor de vagas aparece em pelo menos quatro cursos da IES;2011;1741;FACULDADE DE TECNOLOGIA INTERAMÉRICA;11;200;11;2200;manter: repeticao de capacidade planejada nao comprova duplicidade;"pendente; triagem automatica nao confirma preenchimento da IES"
mesmo valor de vagas aparece em pelo menos quatro cursos da IES;2011;163;UNIVERSIDADE ESTÁCIO DE SÁ;43;80;9;720;manter: repeticao de capacidade planejada nao comprova duplicidade;"pendente; triagem automatica nao confirma preenchimento da IES"
mesmo valor de vagas aparece em pelo menos quatro cursos da IES;2011;47;UNIVERSIDADE ESTADUAL DE GOIÁS;12;40;9;360;manter: repeticao de capacidade planejada nao comprova duplicidade;"pendente; triagem automatica nao confirma preenchimento da IES"
mesmo valor de vagas aparece em pelo menos quatro cursos da IES;2011;338;PONTIFÍCIA UNIVERSIDADE CATÓLICA DE MINAS GERAIS;10;120;8;960;manter: repeticao de capacidade planejada nao comprova duplicidade;"pendente; triagem automatica nao confirma preenchimento da IES"
mesmo valor de vagas aparece em pelo menos quatro cursos da IES;2011;449;UNIVERSIDADE LUTERANA DO BRASIL;12;100;8;800;manter: repeticao de capacidade planejada nao comprova duplicidade;"pendente; triagem automatica nao confirma preenchimento da IES"
mesmo valor de vagas aparece em pelo menos quatro cursos da IES;2011;221;UNIVERSIDADE CRUZEIRO DO SUL;15;90;7;630;manter: repeticao de capacidade planejada nao comprova duplicidade;"pendente; triagem automatica nao confirma preenchimento da IES"
mesmo valor de vagas aparece em pelo menos quatro cursos da IES;2011;5036;INSTITUTO FEDERAL DE EDUCAÇÃO, CIÊNCIA E TECNOLOGIA CATARINENSE;7;40;7;280;manter: repeticao de capacidade planejada nao comprova duplicidade;"pendente; triagem automatica nao confirma preenchimento da IES"
mesmo valor de vagas aparece em pelo menos quatro cursos da IES;2011;582;UNIVERSIDADE FEDERAL DE SANTA MARIA;7;40;6;240;manter: repeticao de capacidade planejada nao comprova duplicidade;"pendente; triagem automatica nao confirma preenchimento da IES"
mesmo valor de vagas aparece em pelo menos quatro cursos da IES;2011;588;UNIVERSIDADE TECNOLÓGICA FEDERAL DO PARANÁ;21;88;6;528;manter: repeticao de capacidade planejada nao comprova duplicidade;"pendente; triagem automatica nao confirma preenchimento da IES"
mesmo valor de vagas aparece em pelo menos quatro cursos da IES;2011;694;UNIVERSIDADE FEDERAL DE MATO GROSSO DO SUL;10;50;6;300;manter: repeticao de capacidade planejada nao comprova duplicidade;"pendente; triagem automatica nao confirma preenchimento da IES"
mesmo valor de vagas aparece em pelo menos quatro cursos da IES;2011;267;FACULDADES INTEGRADAS ESPÍRITO SANTENSES;6;100;5;500;manter: repeticao de capacidade planejada nao comprova duplicidade;"pendente; triagem automatica nao confirma preenchimento da IES"
mesmo valor de vagas aparece em pelo menos quatro cursos da IES;2011;3985;CENTRO UNIVERSITÁRIO SENAC;6;100;5;500;manter: repeticao de capacidade planejada nao comprova duplicidade;"pendente; triagem automatica nao confirma preenchimento da IES"
mesmo valor de vagas aparece em pelo menos quatro cursos da IES;2011;441;UNIVERSIDADE DO CONTESTADO;6;50;5;250;manter: repeticao de capacidade planejada nao comprova duplicidade;"pendente; triagem automatica nao confirma preenchimento da IES"
mesmo valor de vagas aparece em pelo menos quatro cursos da IES;2011;583;UNIVERSIDADE FEDERAL DO CEARÁ;8;50;5;250;manter: repeticao de capacidade planejada nao comprova duplicidade;"pendente; triagem automatica nao confirma preenchimento da IES"
mesmo valor de vagas aparece em pelo menos quatro cursos da IES;2011;663;UNIVERSIDADE SALGADO DE OLIVEIRA;10;600;5;3000;manter: repeticao de capacidade planejada nao comprova duplicidade;"pendente; triagem automatica nao confirma preenchimento da IES"
mesmo valor de vagas aparece em pelo menos quatro cursos da IES;2011;793;Centro Universitário Estácio Radial de São Paulo - Estácio UNIRADIAL;10;300;5;1500;manter: repeticao de capacidade planejada nao comprova duplicidade;"pendente; triagem automatica nao confirma preenchimento da IES"
mesmo valor de vagas aparece em pelo menos quatro cursos da IES;2011;13106;FACULDADE DE TECNOLOGIA LOURENÇO FILHO;4;80;4;320;manter: repeticao de capacidade planejada nao comprova duplicidade;"pendente; triagem automatica nao confirma preenchimento da IES"
mesmo valor de vagas aparece em pelo menos quatro cursos da IES;2011;15520;INSTITUTO FEDERAL DE EDUCAÇÃO, CIÊNCIA E TECNOLOGIA DE MATO GROSSO DO SUL;5;40;4;160;manter: repeticao de capacidade planejada nao comprova duplicidade;"pendente; triagem automatica nao confirma preenchimento da IES"
mesmo valor de vagas aparece em pelo menos quatro cursos da IES;2011;1872;FACULDADES INTEGRADAS SANTA CRUZ DE CURITIBA;4;150;4;600;manter: repeticao de capacidade planejada nao comprova duplicidade;"pendente; triagem automatica nao confirma preenchimento da IES"
mesmo valor de vagas aparece em pelo menos quatro cursos da IES;2011;3657;FACULDADE DE COMPUTAÇÃO DE MONTES CLAROS;4;90;4;360;manter: repeticao de capacidade planejada nao comprova duplicidade;"pendente; triagem automatica nao confirma preenchimento da IES"
mesmo valor de vagas aparece em pelo menos quatro cursos da IES;2011;374;CENTRO UNIVERSITÁRIO DAS FACULDADES METROPOLITANAS UNIDAS;8;300;4;1200;manter: repeticao de capacidade planejada nao comprova duplicidade;"pendente; triagem automatica nao confirma preenchimento da IES"
mesmo valor de vagas aparece em pelo menos quatro cursos da IES;2011;456;CENTRO UNIVERSITÁRIO SANT'ANNA;6;140;4;560;manter: repeticao de capacidade planejada nao comprova duplicidade;"pendente; triagem automatica nao confirma preenchimento da IES"
mesmo valor de vagas aparece em pelo menos quatro cursos da IES;2011;513;UNIVERSIDADE VALE DO RIO DOCE;4;50;4;200;manter: repeticao de capacidade planejada nao comprova duplicidade;"pendente; triagem automatica nao confirma preenchimento da IES"
mesmo valor de vagas aparece em pelo menos quatro cursos da IES;2011;5387;FACULDADE IMPACTA DE TECNOLOGIA;4;150;4;600;manter: repeticao de capacidade planejada nao comprova duplicidade;"pendente; triagem automatica nao confirma preenchimento da IES"
mesmo valor de vagas aparece em pelo menos quatro cursos da IES;2011;587;UNIVERSIDADE FEDERAL RURAL DE PERNAMBUCO;5;80;4;320;manter: repeticao de capacidade planejada nao comprova duplicidade;"pendente; triagem automatica nao confirma preenchimento da IES"
mesmo valor de vagas aparece em pelo menos quatro cursos da IES;2011;852;FACULDADE DE INFORMÁTICA E ADMINISTRAÇÃO PAULISTA;6;150;4;600;manter: repeticao de capacidade planejada nao comprova duplicidade;"pendente; triagem automatica nao confirma preenchimento da IES"
mesmo valor de vagas aparece em pelo menos quatro cursos da IES;2012;322;UNIVERSIDADE PAULISTA;90;230;42;9660;manter: repeticao de capacidade planejada nao comprova duplicidade;"pendente; triagem automatica nao confirma preenchimento da IES"
mesmo valor de vagas aparece em pelo menos quatro cursos da IES;2012;457;UNIVERSIDADE BANDEIRANTE DE SÃO PAULO;34;90;19;1710;manter: repeticao de capacidade planejada nao comprova duplicidade;"pendente; triagem automatica nao confirma preenchimento da IES"
mesmo valor de vagas aparece em pelo menos quatro cursos da IES;2012;1741;FACULDADE DE TECNOLOGIA INTERAMÉRICA;10;200;10;2000;manter: repeticao de capacidade planejada nao comprova duplicidade;"pendente; triagem automatica nao confirma preenchimento da IES"
mesmo valor de vagas aparece em pelo menos quatro cursos da IES;2012;449;UNIVERSIDADE LUTERANA DO BRASIL;12;100;10;1000;manter: repeticao de capacidade planejada nao comprova duplicidade;"pendente; triagem automatica nao confirma preenchimento da IES"
mesmo valor de vagas aparece em pelo menos quatro cursos da IES;2012;163;UNIVERSIDADE ESTÁCIO DE SÁ;46;80;9;720;manter: repeticao de capacidade planejada nao comprova duplicidade;"pendente; triagem automatica nao confirma preenchimento da IES"
mesmo valor de vagas aparece em pelo menos quatro cursos da IES;2012;376;CENTRO UNIVERSITÁRIO ANHANGUERA DE SÃO PAULO;13;270;9;2430;manter: repeticao de capacidade planejada nao comprova duplicidade;"pendente; triagem automatica nao confirma preenchimento da IES"
mesmo valor de vagas aparece em pelo menos quatro cursos da IES;2012;47;UNIVERSIDADE ESTADUAL DE GOIÁS;12;40;9;360;manter: repeticao de capacidade planejada nao comprova duplicidade;"pendente; triagem automatica nao confirma preenchimento da IES"
mesmo valor de vagas aparece em pelo menos quatro cursos da IES;2012;338;PONTIFÍCIA UNIVERSIDADE CATÓLICA DE MINAS GERAIS;10;120;8;960;manter: repeticao de capacidade planejada nao comprova duplicidade;"pendente; triagem automatica nao confirma preenchimento da IES"
mesmo valor de vagas aparece em pelo menos quatro cursos da IES;2012;588;UNIVERSIDADE TECNOLÓGICA FEDERAL DO PARANÁ;22;88;8;704;manter: repeticao de capacidade planejada nao comprova duplicidade;"pendente; triagem automatica nao confirma preenchimento da IES"
mesmo valor de vagas aparece em pelo menos quatro cursos da IES;2012;1810;INSTITUTO FEDERAL DE EDUCAÇÃO, CIÊNCIA E TECNOLOGIA DE SÃO PAULO;12;40;7;280;manter: repeticao de capacidade planejada nao comprova duplicidade;"pendente; triagem automatica nao confirma preenchimento da IES"
mesmo valor de vagas aparece em pelo menos quatro cursos da IES;2012;316;UNIVERSIDADE NOVE DE JULHO;44;140;7;980;manter: repeticao de capacidade planejada nao comprova duplicidade;"pendente; triagem automatica nao confirma preenchimento da IES"
mesmo valor de vagas aparece em pelo menos quatro cursos da IES;2012;5036;INSTITUTO FEDERAL DE EDUCAÇÃO, CIÊNCIA E TECNOLOGIA CATARINENSE;7;40;7;280;manter: repeticao de capacidade planejada nao comprova duplicidade;"pendente; triagem automatica nao confirma preenchimento da IES"
mesmo valor de vagas aparece em pelo menos quatro cursos da IES;2012;437;UNIVERSIDADE PARANAENSE;8;80;6;480;manter: repeticao de capacidade planejada nao comprova duplicidade;"pendente; triagem automatica nao confirma preenchimento da IES"
mesmo valor de vagas aparece em pelo menos quatro cursos da IES;2012;582;UNIVERSIDADE FEDERAL DE SANTA MARIA;7;40;6;240;manter: repeticao de capacidade planejada nao comprova duplicidade;"pendente; triagem automatica nao confirma preenchimento da IES"
mesmo valor de vagas aparece em pelo menos quatro cursos da IES;2012;267;FACULDADES INTEGRADAS ESPÍRITO SANTENSES;6;100;5;500;manter: repeticao de capacidade planejada nao comprova duplicidade;"pendente; triagem automatica nao confirma preenchimento da IES"
mesmo valor de vagas aparece em pelo menos quatro cursos da IES;2012;3985;CENTRO UNIVERSITÁRIO SENAC;8;100;5;500;manter: repeticao de capacidade planejada nao comprova duplicidade;"pendente; triagem automatica nao confirma preenchimento da IES"
mesmo valor de vagas aparece em pelo menos quatro cursos da IES;2012;583;UNIVERSIDADE FEDERAL DO CEARÁ;8;50;5;250;manter: repeticao de capacidade planejada nao comprova duplicidade;"pendente; triagem automatica nao confirma preenchimento da IES"
mesmo valor de vagas aparece em pelo menos quatro cursos da IES;2012;663;UNIVERSIDADE SALGADO DE OLIVEIRA;9;600;5;3000;manter: repeticao de capacidade planejada nao comprova duplicidade;"pendente; triagem automatica nao confirma preenchimento da IES"
mesmo valor de vagas aparece em pelo menos quatro cursos da IES;2012;694;UNIVERSIDADE FEDERAL DE MATO GROSSO DO SUL;10;50;5;250;manter: repeticao de capacidade planejada nao comprova duplicidade;"pendente; triagem automatica nao confirma preenchimento da IES"
mesmo valor de vagas aparece em pelo menos quatro cursos da IES;2012;793;Centro Universitário Estácio Radial de São Paulo - Estácio UNIRADIAL;9;300;5;1500;manter: repeticao de capacidade planejada nao comprova duplicidade;"pendente; triagem automatica nao confirma preenchimento da IES"
mesmo valor de vagas aparece em pelo menos quatro cursos da IES;2012;1129;CENTRO UNIVERSITÁRIO DO NORTE PAULISTA;4;80;4;320;manter: repeticao de capacidade planejada nao comprova duplicidade;"pendente; triagem automatica nao confirma preenchimento da IES"
mesmo valor de vagas aparece em pelo menos quatro cursos da IES;2012;13106;FACULDADE DE TECNOLOGIA LOURENÇO FILHO;4;80;4;320;manter: repeticao de capacidade planejada nao comprova duplicidade;"pendente; triagem automatica nao confirma preenchimento da IES"
mesmo valor de vagas aparece em pelo menos quatro cursos da IES;2012;1385;FACULDADES INTEGRADAS IPEP;4;150;4;600;manter: repeticao de capacidade planejada nao comprova duplicidade;"pendente; triagem automatica nao confirma preenchimento da IES"
mesmo valor de vagas aparece em pelo menos quatro cursos da IES;2012;1805;FACULDADE DOS GUARARAPES;4;120;4;480;manter: repeticao de capacidade planejada nao comprova duplicidade;"pendente; triagem automatica nao confirma preenchimento da IES"
mesmo valor de vagas aparece em pelo menos quatro cursos da IES;2012;221;UNIVERSIDADE CRUZEIRO DO SUL;15;90;4;360;manter: repeticao de capacidade planejada nao comprova duplicidade;"pendente; triagem automatica nao confirma preenchimento da IES"
mesmo valor de vagas aparece em pelo menos quatro cursos da IES;2012;2835;CENTRO UNIVERSITÁRIO MAURÍCIO DE NASSAU;4;240;4;960;manter: repeticao de capacidade planejada nao comprova duplicidade;"pendente; triagem automatica nao confirma preenchimento da IES"
mesmo valor de vagas aparece em pelo menos quatro cursos da IES;2012;3165;INSTITUTO FEDERAL DE EDUCAÇÃO, CIÊNCIA E TECNOLOGIA  DO TRIÂNGULO MINEIRO;5;30;4;120;manter: repeticao de capacidade planejada nao comprova duplicidade;"pendente; triagem automatica nao confirma preenchimento da IES"
mesmo valor de vagas aparece em pelo menos quatro cursos da IES;2012;3657;FACULDADE DE COMPUTAÇÃO DE MONTES CLAROS;4;90;4;360;manter: repeticao de capacidade planejada nao comprova duplicidade;"pendente; triagem automatica nao confirma preenchimento da IES"
mesmo valor de vagas aparece em pelo menos quatro cursos da IES;2012;417;UNIVERSIDADE CIDADE DE SÃO PAULO;7;70;4;280;manter: repeticao de capacidade planejada nao comprova duplicidade;"pendente; triagem automatica nao confirma preenchimento da IES"
mesmo valor de vagas aparece em pelo menos quatro cursos da IES;2012;441;UNIVERSIDADE DO CONTESTADO;5;50;4;200;manter: repeticao de capacidade planejada nao comprova duplicidade;"pendente; triagem automatica nao confirma preenchimento da IES"
mesmo valor de vagas aparece em pelo menos quatro cursos da IES;2012;456;CENTRO UNIVERSITÁRIO SANT'ANNA;6;140;4;560;manter: repeticao de capacidade planejada nao comprova duplicidade;"pendente; triagem automatica nao confirma preenchimento da IES"
mesmo valor de vagas aparece em pelo menos quatro cursos da IES;2012;513;UNIVERSIDADE VALE DO RIO DOCE;4;40;4;160;manter: repeticao de capacidade planejada nao comprova duplicidade;"pendente; triagem automatica nao confirma preenchimento da IES"
mesmo valor de vagas aparece em pelo menos quatro cursos da IES;2012;5387;FACULDADE IMPACTA DE TECNOLOGIA;4;150;4;600;manter: repeticao de capacidade planejada nao comprova duplicidade;"pendente; triagem automatica nao confirma preenchimento da IES"
mesmo valor de vagas aparece em pelo menos quatro cursos da IES;2012;587;UNIVERSIDADE FEDERAL RURAL DE PERNAMBUCO;5;80;4;320;manter: repeticao de capacidade planejada nao comprova duplicidade;"pendente; triagem automatica nao confirma preenchimento da IES"
mesmo valor de vagas aparece em pelo menos quatro cursos da IES;2012;802;CENTRO UNIVERSITÁRIO CARIOCA;8;80;4;320;manter: repeticao de capacidade planejada nao comprova duplicidade;"pendente; triagem automatica nao confirma preenchimento da IES"
mesmo valor de vagas aparece em pelo menos quatro cursos da IES;2012;852;FACULDADE DE INFORMÁTICA E ADMINISTRAÇÃO PAULISTA;6;150;4;600;manter: repeticao de capacidade planejada nao comprova duplicidade;"pendente; triagem automatica nao confirma preenchimento da IES"
mesmo valor de vagas aparece em pelo menos quatro cursos da IES;2013;322;UNIVERSIDADE PAULISTA;97;230;52;11960;manter: repeticao de capacidade planejada nao comprova duplicidade;"pendente; triagem automatica nao confirma preenchimento da IES"
mesmo valor de vagas aparece em pelo menos quatro cursos da IES;2013;457;UNIVERSIDADE BANDEIRANTE ANHANGUERA;34;90;19;1710;manter: repeticao de capacidade planejada nao comprova duplicidade;"pendente; triagem automatica nao confirma preenchimento da IES"
mesmo valor de vagas aparece em pelo menos quatro cursos da IES;2013;376;CENTRO UNIVERSITÁRIO ANHANGUERA DE SÃO PAULO;13;270;12;3240;manter: repeticao de capacidade planejada nao comprova duplicidade;"pendente; triagem automatica nao confirma preenchimento da IES"
mesmo valor de vagas aparece em pelo menos quatro cursos da IES;2013;1810;INSTITUTO FEDERAL DE EDUCAÇÃO, CIÊNCIA E TECNOLOGIA DE SÃO PAULO;18;40;11;440;manter: repeticao de capacidade planejada nao comprova duplicidade;"pendente; triagem automatica nao confirma preenchimento da IES"
mesmo valor de vagas aparece em pelo menos quatro cursos da IES;2013;163;UNIVERSIDADE ESTÁCIO DE SÁ;44;100;8;800;manter: repeticao de capacidade planejada nao comprova duplicidade;"pendente; triagem automatica nao confirma preenchimento da IES"
mesmo valor de vagas aparece em pelo menos quatro cursos da IES;2013;437;UNIVERSIDADE PARANAENSE;8;80;8;640;manter: repeticao de capacidade planejada nao comprova duplicidade;"pendente; triagem automatica nao confirma preenchimento da IES"
mesmo valor de vagas aparece em pelo menos quatro cursos da IES;2013;588;UNIVERSIDADE TECNOLÓGICA FEDERAL DO PARANÁ;22;88;8;704;manter: repeticao de capacidade planejada nao comprova duplicidade;"pendente; triagem automatica nao confirma preenchimento da IES"
mesmo valor de vagas aparece em pelo menos quatro cursos da IES;2013;316;UNIVERSIDADE NOVE DE JULHO;48;280;7;1960;manter: repeticao de capacidade planejada nao comprova duplicidade;"pendente; triagem automatica nao confirma preenchimento da IES"
mesmo valor de vagas aparece em pelo menos quatro cursos da IES;2013;5036;INSTITUTO FEDERAL DE EDUCAÇÃO, CIÊNCIA E TECNOLOGIA CATARINENSE;8;40;7;280;manter: repeticao de capacidade planejada nao comprova duplicidade;"pendente; triagem automatica nao confirma preenchimento da IES"
mesmo valor de vagas aparece em pelo menos quatro cursos da IES;2013;267;FACULDADES INTEGRADAS ESPÍRITO SANTENSES;6;100;6;600;manter: repeticao de capacidade planejada nao comprova duplicidade;"pendente; triagem automatica nao confirma preenchimento da IES"
mesmo valor de vagas aparece em pelo menos quatro cursos da IES;2013;663;UNIVERSIDADE SALGADO DE OLIVEIRA;9;120;6;720;manter: repeticao de capacidade planejada nao comprova duplicidade;"pendente; triagem automatica nao confirma preenchimento da IES"
mesmo valor de vagas aparece em pelo menos quatro cursos da IES;2013;221;UNIVERSIDADE CRUZEIRO DO SUL;17;90;5;450;manter: repeticao de capacidade planejada nao comprova duplicidade;"pendente; triagem automatica nao confirma preenchimento da IES"
mesmo valor de vagas aparece em pelo menos quatro cursos da IES;2013;338;PONTIFÍCIA UNIVERSIDADE CATÓLICA DE MINAS GERAIS;10;180;5;900;manter: repeticao de capacidade planejada nao comprova duplicidade;"pendente; triagem automatica nao confirma preenchimento da IES"
mesmo valor de vagas aparece em pelo menos quatro cursos da IES;2013;466;UNIVERSIDADE ANHEMBI MORUMBI;11;88;5;440;manter: repeticao de capacidade planejada nao comprova duplicidade;"pendente; triagem automatica nao confirma preenchimento da IES"
mesmo valor de vagas aparece em pelo menos quatro cursos da IES;2013;793;Centro Universitário Estácio Radial de São Paulo - Estácio UNIRADIAL;9;300;5;1500;manter: repeticao de capacidade planejada nao comprova duplicidade;"pendente; triagem automatica nao confirma preenchimento da IES"
mesmo valor de vagas aparece em pelo menos quatro cursos da IES;2013;1129;CENTRO UNIVERSITÁRIO DO NORTE PAULISTA;4;80;4;320;manter: repeticao de capacidade planejada nao comprova duplicidade;"pendente; triagem automatica nao confirma preenchimento da IES"
mesmo valor de vagas aparece em pelo menos quatro cursos da IES;2013;3657;FACULDADE DE COMPUTAÇÃO DE MONTES CLAROS;4;90;4;360;manter: repeticao de capacidade planejada nao comprova duplicidade;"pendente; triagem automatica nao confirma preenchimento da IES"
mesmo valor de vagas aparece em pelo menos quatro cursos da IES;2013;3998;INSTITUTO INFNET RIO DE JANEIRO;4;100;4;400;manter: repeticao de capacidade planejada nao comprova duplicidade;"pendente; triagem automatica nao confirma preenchimento da IES"
mesmo valor de vagas aparece em pelo menos quatro cursos da IES;2013;456;CENTRO UNIVERSITÁRIO SANT'ANNA;5;140;4;560;manter: repeticao de capacidade planejada nao comprova duplicidade;"pendente; triagem automatica nao confirma preenchimento da IES"
mesmo valor de vagas aparece em pelo menos quatro cursos da IES;2013;852;FACULDADE DE INFORMÁTICA E ADMINISTRAÇÃO PAULISTA;6;150;4;600;manter: repeticao de capacidade planejada nao comprova duplicidade;"pendente; triagem automatica nao confirma preenchimento da IES"
mesmo valor de vagas aparece em pelo menos quatro cursos da IES;2014;1810;INSTITUTO FEDERAL DE EDUCAÇÃO, CIÊNCIA E TECNOLOGIA DE SÃO PAULO;20;40;12;480;manter: repeticao de capacidade planejada nao comprova duplicidade;"pendente; triagem automatica nao confirma preenchimento da IES"
mesmo valor de vagas aparece em pelo menos quatro cursos da IES;2014;376;CENTRO UNIVERSITÁRIO ANHANGUERA DE SÃO PAULO;13;270;9;2430;manter: repeticao de capacidade planejada nao comprova duplicidade;"pendente; triagem automatica nao confirma preenchimento da IES"
mesmo valor de vagas aparece em pelo menos quatro cursos da IES;2014;316;UNIVERSIDADE NOVE DE JULHO;43;400;7;2800;manter: repeticao de capacidade planejada nao comprova duplicidade;"pendente; triagem automatica nao confirma preenchimento da IES"
mesmo valor de vagas aparece em pelo menos quatro cursos da IES;2014;588;UNIVERSIDADE TECNOLÓGICA FEDERAL DO PARANÁ;23;88;7;616;manter: repeticao de capacidade planejada nao comprova duplicidade;"pendente; triagem automatica nao confirma preenchimento da IES"
mesmo valor de vagas aparece em pelo menos quatro cursos da IES;2014;5387;FACULDADE IMPACTA DE TECNOLOGIA;6;150;6;900;manter: repeticao de capacidade planejada nao comprova duplicidade;"pendente; triagem automatica nao confirma preenchimento da IES"
mesmo valor de vagas aparece em pelo menos quatro cursos da IES;2014;322;UNIVERSIDADE PAULISTA;99;115;5;575;manter: repeticao de capacidade planejada nao comprova duplicidade;"pendente; triagem automatica nao confirma preenchimento da IES"
mesmo valor de vagas aparece em pelo menos quatro cursos da IES;2014;15520;INSTITUTO FEDERAL DE EDUCAÇÃO, CIÊNCIA E TECNOLOGIA DE MATO GROSSO DO SUL;6;80;4;320;manter: repeticao de capacidade planejada nao comprova duplicidade;"pendente; triagem automatica nao confirma preenchimento da IES"
mesmo valor de vagas aparece em pelo menos quatro cursos da IES;2014;3998;INSTITUTO INFNET RIO DE JANEIRO;5;100;4;400;manter: repeticao de capacidade planejada nao comprova duplicidade;"pendente; triagem automatica nao confirma preenchimento da IES"
mesmo valor de vagas aparece em pelo menos quatro cursos da IES;2014;437;UNIVERSIDADE PARANAENSE;8;120;4;480;manter: repeticao de capacidade planejada nao comprova duplicidade;"pendente; triagem automatica nao confirma preenchimento da IES"
mesmo valor de vagas aparece em pelo menos quatro cursos da IES;2014;719;UNIVERSIDADE DO ESTADO DE MATO GROSSO;4;80;4;320;manter: repeticao de capacidade planejada nao comprova duplicidade;"pendente; triagem automatica nao confirma preenchimento da IES"
mesmo valor de vagas aparece em pelo menos quatro cursos da IES;2015;1810;INSTITUTO FEDERAL DE EDUCAÇÃO, CIÊNCIA E TECNOLOGIA DE SÃO PAULO;20;40;15;600;manter: repeticao de capacidade planejada nao comprova duplicidade;"pendente; triagem automatica nao confirma preenchimento da IES"
mesmo valor de vagas aparece em pelo menos quatro cursos da IES;2015;588;UNIVERSIDADE TECNOLÓGICA FEDERAL DO PARANÁ;22;88;9;792;manter: repeticao de capacidade planejada nao comprova duplicidade;"pendente; triagem automatica nao confirma preenchimento da IES"
mesmo valor de vagas aparece em pelo menos quatro cursos da IES;2015;322;UNIVERSIDADE PAULISTA;97;235;8;1880;manter: repeticao de capacidade planejada nao comprova duplicidade;"pendente; triagem automatica nao confirma preenchimento da IES"
mesmo valor de vagas aparece em pelo menos quatro cursos da IES;2015;437;UNIVERSIDADE PARANAENSE;7;100;6;600;manter: repeticao de capacidade planejada nao comprova duplicidade;"pendente; triagem automatica nao confirma preenchimento da IES"
mesmo valor de vagas aparece em pelo menos quatro cursos da IES;2015;5387;FACULDADE IMPACTA DE TECNOLOGIA;6;150;6;900;manter: repeticao de capacidade planejada nao comprova duplicidade;"pendente; triagem automatica nao confirma preenchimento da IES"
mesmo valor de vagas aparece em pelo menos quatro cursos da IES;2015;14724;INSTITUTO FEDERAL DE EDUCAÇÃO, CIÊNCIA E TECNOLOGIA DO PARANÁ;8;40;5;200;manter: repeticao de capacidade planejada nao comprova duplicidade;"pendente; triagem automatica nao confirma preenchimento da IES"
mesmo valor de vagas aparece em pelo menos quatro cursos da IES;2015;163;UNIVERSIDADE ESTÁCIO DE SÁ;39;300;4;1200;manter: repeticao de capacidade planejada nao comprova duplicidade;"pendente; triagem automatica nao confirma preenchimento da IES"
mesmo valor de vagas aparece em pelo menos quatro cursos da IES;2015;316;UNIVERSIDADE NOVE DE JULHO;53;560;4;2240;manter: repeticao de capacidade planejada nao comprova duplicidade;"pendente; triagem automatica nao confirma preenchimento da IES"
mesmo valor de vagas aparece em pelo menos quatro cursos da IES;2015;457;UNIVERSIDADE ANHANGUERA DE SÃO PAULO - UNIAN-SP;39;90;4;360;manter: repeticao de capacidade planejada nao comprova duplicidade;"pendente; triagem automatica nao confirma preenchimento da IES"
mesmo valor de vagas aparece em pelo menos quatro cursos da IES;2015;576;UNIVERSIDADE FEDERAL DE JUIZ DE FORA;4;40;4;160;manter: repeticao de capacidade planejada nao comprova duplicidade;"pendente; triagem automatica nao confirma preenchimento da IES"
mesmo valor de vagas aparece em pelo menos quatro cursos da IES;2015;583;UNIVERSIDADE FEDERAL DO CEARÁ;16;50;4;200;manter: repeticao de capacidade planejada nao comprova duplicidade;"pendente; triagem automatica nao confirma preenchimento da IES"
mesmo valor de vagas aparece em pelo menos quatro cursos da IES;2015;719;UNIVERSIDADE DO ESTADO DE MATO GROSSO;4;160;4;640;manter: repeticao de capacidade planejada nao comprova duplicidade;"pendente; triagem automatica nao confirma preenchimento da IES"
mesmo valor de vagas aparece em pelo menos quatro cursos da IES;2015;793;Centro Universitário Estácio Radial de São Paulo - Estácio UNIRADIAL;8;360;4;1440;manter: repeticao de capacidade planejada nao comprova duplicidade;"pendente; triagem automatica nao confirma preenchimento da IES"
mesmo valor de vagas aparece em pelo menos quatro cursos da IES;2016;457;UNIVERSIDADE ANHANGUERA DE SÃO PAULO - UNIAN-SP;37;90;16;1440;manter: repeticao de capacidade planejada nao comprova duplicidade;"pendente; triagem automatica nao confirma preenchimento da IES"
mesmo valor de vagas aparece em pelo menos quatro cursos da IES;2016;322;UNIVERSIDADE PAULISTA;98;115;11;1265;manter: repeticao de capacidade planejada nao comprova duplicidade;"pendente; triagem automatica nao confirma preenchimento da IES"
mesmo valor de vagas aparece em pelo menos quatro cursos da IES;2016;1810;INSTITUTO FEDERAL DE EDUCAÇÃO, CIÊNCIA E TECNOLOGIA DE SÃO PAULO;20;40;8;320;manter: repeticao de capacidade planejada nao comprova duplicidade;"pendente; triagem automatica nao confirma preenchimento da IES"
mesmo valor de vagas aparece em pelo menos quatro cursos da IES;2016;163;UNIVERSIDADE ESTÁCIO DE SÁ;35;400;6;2400;manter: repeticao de capacidade planejada nao comprova duplicidade;"pendente; triagem automatica nao confirma preenchimento da IES"
mesmo valor de vagas aparece em pelo menos quatro cursos da IES;2016;3998;INSTITUTO INFNET RIO DE JANEIRO;12;25;5;125;manter: repeticao de capacidade planejada nao comprova duplicidade;"pendente; triagem automatica nao confirma preenchimento da IES"
mesmo valor de vagas aparece em pelo menos quatro cursos da IES;2016;437;UNIVERSIDADE PARANAENSE;7;100;5;500;manter: repeticao de capacidade planejada nao comprova duplicidade;"pendente; triagem automatica nao confirma preenchimento da IES"
mesmo valor de vagas aparece em pelo menos quatro cursos da IES;2016;376;CENTRO UNIVERSITÁRIO ANHANGUERA DE SÃO PAULO;12;270;4;1080;manter: repeticao de capacidade planejada nao comprova duplicidade;"pendente; triagem automatica nao confirma preenchimento da IES"
mesmo valor de vagas aparece em pelo menos quatro cursos da IES;2016;583;UNIVERSIDADE FEDERAL DO CEARÁ;16;50;4;200;manter: repeticao de capacidade planejada nao comprova duplicidade;"pendente; triagem automatica nao confirma preenchimento da IES"
mesmo valor de vagas aparece em pelo menos quatro cursos da IES;2016;793;Centro Universitário Estácio Radial de São Paulo - Estácio UNIRADIAL;6;480;4;1920;manter: repeticao de capacidade planejada nao comprova duplicidade;"pendente; triagem automatica nao confirma preenchimento da IES"
mesmo valor de vagas aparece em pelo menos quatro cursos da IES;2016;852;FACULDADE DE INFORMÁTICA E ADMINISTRAÇÃO PAULISTA;13;120;4;480;manter: repeticao de capacidade planejada nao comprova duplicidade;"pendente; triagem automatica nao confirma preenchimento da IES"
mesmo valor de vagas aparece em pelo menos quatro cursos da IES;2017;1810;INSTITUTO FEDERAL DE EDUCAÇÃO, CIÊNCIA E TECNOLOGIA DE SÃO PAULO;21;40;6;240;manter: repeticao de capacidade planejada nao comprova duplicidade;"pendente; triagem automatica nao confirma preenchimento da IES"
mesmo valor de vagas aparece em pelo menos quatro cursos da IES;2017;322;UNIVERSIDADE PAULISTA;84;237;6;1422;manter: repeticao de capacidade planejada nao comprova duplicidade;"pendente; triagem automatica nao confirma preenchimento da IES"
mesmo valor de vagas aparece em pelo menos quatro cursos da IES;2017;588;UNIVERSIDADE TECNOLÓGICA FEDERAL DO PARANÁ;19;88;5;440;manter: repeticao de capacidade planejada nao comprova duplicidade;"pendente; triagem automatica nao confirma preenchimento da IES"
mesmo valor de vagas aparece em pelo menos quatro cursos da IES;2017;176;UNIVERSIDADE CASTELO BRANCO;6;120;4;480;manter: repeticao de capacidade planejada nao comprova duplicidade;"pendente; triagem automatica nao confirma preenchimento da IES"
mesmo valor de vagas aparece em pelo menos quatro cursos da IES;2017;437;UNIVERSIDADE PARANAENSE;10;100;4;400;manter: repeticao de capacidade planejada nao comprova duplicidade;"pendente; triagem automatica nao confirma preenchimento da IES"
mesmo valor de vagas aparece em pelo menos quatro cursos da IES;2017;852;FACULDADE DE INFORMÁTICA E ADMINISTRAÇÃO PAULISTA;11;150;4;600;manter: repeticao de capacidade planejada nao comprova duplicidade;"pendente; triagem automatica nao confirma preenchimento da IES"
mesmo valor de vagas aparece em pelo menos quatro cursos da IES;2018;322;UNIVERSIDADE PAULISTA;100;115;11;1265;manter: repeticao de capacidade planejada nao comprova duplicidade;"pendente; triagem automatica nao confirma preenchimento da IES"
mesmo valor de vagas aparece em pelo menos quatro cursos da IES;2018;3998;INSTITUTO INFNET RIO DE JANEIRO;15;100;11;1100;manter: repeticao de capacidade planejada nao comprova duplicidade;"pendente; triagem automatica nao confirma preenchimento da IES"
mesmo valor de vagas aparece em pelo menos quatro cursos da IES;2018;1810;INSTITUTO FEDERAL DE EDUCAÇÃO, CIÊNCIA E TECNOLOGIA DE SÃO PAULO;25;42;7;294;manter: repeticao de capacidade planejada nao comprova duplicidade;"pendente; triagem automatica nao confirma preenchimento da IES"
mesmo valor de vagas aparece em pelo menos quatro cursos da IES;2018;852;FACULDADE DE INFORMÁTICA E ADMINISTRAÇÃO PAULISTA;20;150;5;750;manter: repeticao de capacidade planejada nao comprova duplicidade;"pendente; triagem automatica nao confirma preenchimento da IES"
mesmo valor de vagas aparece em pelo menos quatro cursos da IES;2018;1427;CENTRO UNIVERSITÁRIO DA SERRA GAÚCHA;8;500;4;2000;manter: repeticao de capacidade planejada nao comprova duplicidade;"pendente; triagem automatica nao confirma preenchimento da IES"
mesmo valor de vagas aparece em pelo menos quatro cursos da IES;2018;176;UNIVERSIDADE CASTELO BRANCO;7;120;4;480;manter: repeticao de capacidade planejada nao comprova duplicidade;"pendente; triagem automatica nao confirma preenchimento da IES"
mesmo valor de vagas aparece em pelo menos quatro cursos da IES;2018;2076;Centro Universitário Regional do Brasil;6;200;4;800;manter: repeticao de capacidade planejada nao comprova duplicidade;"pendente; triagem automatica nao confirma preenchimento da IES"
mesmo valor de vagas aparece em pelo menos quatro cursos da IES;2018;396;Centro Universitário Ruy Barbosa Wyden;10;80;4;320;manter: repeticao de capacidade planejada nao comprova duplicidade;"pendente; triagem automatica nao confirma preenchimento da IES"
mesmo valor de vagas aparece em pelo menos quatro cursos da IES;2018;719;UNIVERSIDADE DO ESTADO DE MATO GROSSO;6;80;4;320;manter: repeticao de capacidade planejada nao comprova duplicidade;"pendente; triagem automatica nao confirma preenchimento da IES"
mesmo valor de vagas aparece em pelo menos quatro cursos da IES;2019;3998;INSTITUTO INFNET RIO DE JANEIRO;15;100;10;1000;manter: repeticao de capacidade planejada nao comprova duplicidade;"pendente; triagem automatica nao confirma preenchimento da IES"
mesmo valor de vagas aparece em pelo menos quatro cursos da IES;2019;2950;Centro Universitário FADERGS;16;200;6;1200;manter: repeticao de capacidade planejada nao comprova duplicidade;"pendente; triagem automatica nao confirma preenchimento da IES"
mesmo valor de vagas aparece em pelo menos quatro cursos da IES;2019;852;FACULDADE DE INFORMÁTICA E ADMINISTRAÇÃO PAULISTA;19;300;6;1800;manter: repeticao de capacidade planejada nao comprova duplicidade;"pendente; triagem automatica nao confirma preenchimento da IES"
mesmo valor de vagas aparece em pelo menos quatro cursos da IES;2019;1427;CENTRO UNIVERSITÁRIO DA SERRA GAÚCHA;17;500;5;2500;manter: repeticao de capacidade planejada nao comprova duplicidade;"pendente; triagem automatica nao confirma preenchimento da IES"
mesmo valor de vagas aparece em pelo menos quatro cursos da IES;2019;322;UNIVERSIDADE PAULISTA;91;230;5;1150;manter: repeticao de capacidade planejada nao comprova duplicidade;"pendente; triagem automatica nao confirma preenchimento da IES"
mesmo valor de vagas aparece em pelo menos quatro cursos da IES;2019;1082;INSTITUTO FEDERAL DE EDUCAÇÃO, CIÊNCIA E TECNOLOGIA DO RIO GRANDE DO NORTE;7;40;4;160;manter: repeticao de capacidade planejada nao comprova duplicidade;"pendente; triagem automatica nao confirma preenchimento da IES"
mesmo valor de vagas aparece em pelo menos quatro cursos da IES;2019;14724;INSTITUTO FEDERAL DE EDUCAÇÃO, CIÊNCIA E TECNOLOGIA DO PARANÁ;15;40;4;160;manter: repeticao de capacidade planejada nao comprova duplicidade;"pendente; triagem automatica nao confirma preenchimento da IES"
mesmo valor de vagas aparece em pelo menos quatro cursos da IES;2019;176;UNIVERSIDADE CASTELO BRANCO;7;80;4;320;manter: repeticao de capacidade planejada nao comprova duplicidade;"pendente; triagem automatica nao confirma preenchimento da IES"
mesmo valor de vagas aparece em pelo menos quatro cursos da IES;2019;2076;CENTRO UNIVERSITÁRIO UNIRB;7;200;4;800;manter: repeticao de capacidade planejada nao comprova duplicidade;"pendente; triagem automatica nao confirma preenchimento da IES"
mesmo valor de vagas aparece em pelo menos quatro cursos da IES;2019;221;UNIVERSIDADE CRUZEIRO DO SUL;23;1000;4;4000;manter: repeticao de capacidade planejada nao comprova duplicidade;"pendente; triagem automatica nao confirma preenchimento da IES"
mesmo valor de vagas aparece em pelo menos quatro cursos da IES;2019;316;UNIVERSIDADE NOVE DE JULHO;50;300;4;1200;manter: repeticao de capacidade planejada nao comprova duplicidade;"pendente; triagem automatica nao confirma preenchimento da IES"
mesmo valor de vagas aparece em pelo menos quatro cursos da IES;2019;417;UNIVERSIDADE CIDADE DE SÃO PAULO;16;1000;4;4000;manter: repeticao de capacidade planejada nao comprova duplicidade;"pendente; triagem automatica nao confirma preenchimento da IES"
mesmo valor de vagas aparece em pelo menos quatro cursos da IES;2019;583;UNIVERSIDADE FEDERAL DO CEARÁ;16;68;4;272;manter: repeticao de capacidade planejada nao comprova duplicidade;"pendente; triagem automatica nao confirma preenchimento da IES"
mesmo valor de vagas aparece em pelo menos quatro cursos da IES;2019;718;UNIVERSIDADE POTIGUAR;17;10;4;40;manter: repeticao de capacidade planejada nao comprova duplicidade;"pendente; triagem automatica nao confirma preenchimento da IES"
mesmo valor de vagas aparece em pelo menos quatro cursos da IES;2020;322;UNIVERSIDADE PAULISTA;103;230;10;2300;manter: repeticao de capacidade planejada nao comprova duplicidade;"pendente; triagem automatica nao confirma preenchimento da IES"
mesmo valor de vagas aparece em pelo menos quatro cursos da IES;2020;1082;INSTITUTO FEDERAL DE EDUCAÇÃO, CIÊNCIA E TECNOLOGIA DO RIO GRANDE DO NORTE;8;40;6;240;manter: repeticao de capacidade planejada nao comprova duplicidade;"pendente; triagem automatica nao confirma preenchimento da IES"
mesmo valor de vagas aparece em pelo menos quatro cursos da IES;2020;852;FIAP - Centro Universitário;20;300;6;1800;manter: repeticao de capacidade planejada nao comprova duplicidade;"pendente; triagem automatica nao confirma preenchimento da IES"
mesmo valor de vagas aparece em pelo menos quatro cursos da IES;2020;14724;INSTITUTO FEDERAL DE EDUCAÇÃO, CIÊNCIA E TECNOLOGIA DO PARANÁ;16;40;5;200;manter: repeticao de capacidade planejada nao comprova duplicidade;"pendente; triagem automatica nao confirma preenchimento da IES"
mesmo valor de vagas aparece em pelo menos quatro cursos da IES;2020;2076;CENTRO UNIVERSITÁRIO UNIRB;7;200;5;1000;manter: repeticao de capacidade planejada nao comprova duplicidade;"pendente; triagem automatica nao confirma preenchimento da IES"
mesmo valor de vagas aparece em pelo menos quatro cursos da IES;2020;3998;INSTITUTO INFNET RIO DE JANEIRO;15;100;5;500;manter: repeticao de capacidade planejada nao comprova duplicidade;"pendente; triagem automatica nao confirma preenchimento da IES"
mesmo valor de vagas aparece em pelo menos quatro cursos da IES;2020;298;UNIVERSIDADE PITÁGORAS UNOPAR;9;2500;4;10000;manter: repeticao de capacidade planejada nao comprova duplicidade;"pendente; triagem automatica nao confirma preenchimento da IES"
mesmo valor de vagas aparece em pelo menos quatro cursos da IES;2020;403;UNIVERSIDADE CATÓLICA DE BRASÍLIA;14;650;4;2600;manter: repeticao de capacidade planejada nao comprova duplicidade;"pendente; triagem automatica nao confirma preenchimento da IES"
mesmo valor de vagas aparece em pelo menos quatro cursos da IES;2020;5669;CENTRO UNIVERSITÁRIO ETEP;9;100;4;400;manter: repeticao de capacidade planejada nao comprova duplicidade;"pendente; triagem automatica nao confirma preenchimento da IES"
mesmo valor de vagas aparece em pelo menos quatro cursos da IES;2020;719;Universidade do Estado de Mato Grosso Carlos Alberto Reyes Maldonado - UNEMAT;7;42;4;168;manter: repeticao de capacidade planejada nao comprova duplicidade;"pendente; triagem automatica nao confirma preenchimento da IES"
mesmo valor de vagas aparece em pelo menos quatro cursos da IES;2021;322;UNIVERSIDADE PAULISTA;103;230;15;3450;manter: repeticao de capacidade planejada nao comprova duplicidade;"pendente; triagem automatica nao confirma preenchimento da IES"
mesmo valor de vagas aparece em pelo menos quatro cursos da IES;2021;14724;INSTITUTO FEDERAL DE EDUCAÇÃO, CIÊNCIA E TECNOLOGIA DO PARANÁ;16;40;9;360;manter: repeticao de capacidade planejada nao comprova duplicidade;"pendente; triagem automatica nao confirma preenchimento da IES"
mesmo valor de vagas aparece em pelo menos quatro cursos da IES;2021;221;UNIVERSIDADE CRUZEIRO DO SUL;33;110;9;990;manter: repeticao de capacidade planejada nao comprova duplicidade;"pendente; triagem automatica nao confirma preenchimento da IES"
mesmo valor de vagas aparece em pelo menos quatro cursos da IES;2021;1853;Centro Universitário UNIBTA;15;1800;8;14400;manter: repeticao de capacidade planejada nao comprova duplicidade;"pendente; triagem automatica nao confirma preenchimento da IES"
mesmo valor de vagas aparece em pelo menos quatro cursos da IES;2021;583;UNIVERSIDADE FEDERAL DO CEARÁ;19;50;8;400;manter: repeticao de capacidade planejada nao comprova duplicidade;"pendente; triagem automatica nao confirma preenchimento da IES"
mesmo valor de vagas aparece em pelo menos quatro cursos da IES;2021;4751;CENTRO UNIVERSITÁRIO UNIFATECIE;8;1000;7;7000;manter: repeticao de capacidade planejada nao comprova duplicidade;"pendente; triagem automatica nao confirma preenchimento da IES"
mesmo valor de vagas aparece em pelo menos quatro cursos da IES;2021;1660;CENTRO UNIVERSITÁRIO ESTÁCIO DE BRASÍLIA - ESTÁCIO BRASÍLIA;11;1201;6;7206;manter: repeticao de capacidade planejada nao comprova duplicidade;"pendente; triagem automatica nao confirma preenchimento da IES"
mesmo valor de vagas aparece em pelo menos quatro cursos da IES;2021;852;FIAP - Centro Universitário;25;300;6;1800;manter: repeticao de capacidade planejada nao comprova duplicidade;"pendente; triagem automatica nao confirma preenchimento da IES"
mesmo valor de vagas aparece em pelo menos quatro cursos da IES;2021;1294;Centro Universitário das Américas;19;760;5;3800;manter: repeticao de capacidade planejada nao comprova duplicidade;"pendente; triagem automatica nao confirma preenchimento da IES"
mesmo valor de vagas aparece em pelo menos quatro cursos da IES;2021;1487;CENTRO UNIVERSITÁRIO UNIDOM - BOSCO;6;700;5;3500;manter: repeticao de capacidade planejada nao comprova duplicidade;"pendente; triagem automatica nao confirma preenchimento da IES"
mesmo valor de vagas aparece em pelo menos quatro cursos da IES;2021;2625;FACULDADE APRIMORAR DE SÃO JOSÉ DOS CAMPOS;5;200;5;1000;manter: repeticao de capacidade planejada nao comprova duplicidade;"pendente; triagem automatica nao confirma preenchimento da IES"
mesmo valor de vagas aparece em pelo menos quatro cursos da IES;2021;1042;UNIVERSIDADE POSITIVO;25;144;4;576;manter: repeticao de capacidade planejada nao comprova duplicidade;"pendente; triagem automatica nao confirma preenchimento da IES"
mesmo valor de vagas aparece em pelo menos quatro cursos da IES;2021;1100;Centro Universitário Carlos Drummond de Andrade;8;100;4;400;manter: repeticao de capacidade planejada nao comprova duplicidade;"pendente; triagem automatica nao confirma preenchimento da IES"
mesmo valor de vagas aparece em pelo menos quatro cursos da IES;2021;1273;Centro Universitário Campo Limpo Paulista;6;50;4;200;manter: repeticao de capacidade planejada nao comprova duplicidade;"pendente; triagem automatica nao confirma preenchimento da IES"
mesmo valor de vagas aparece em pelo menos quatro cursos da IES;2021;1820;INSTITUTO FEDERAL DE EDUCAÇÃO, CIÊNCIA E TECNOLOGIA DO PIAUÍ;5;40;4;160;manter: repeticao de capacidade planejada nao comprova duplicidade;"pendente; triagem automatica nao confirma preenchimento da IES"
mesmo valor de vagas aparece em pelo menos quatro cursos da IES;2021;203;UNIVERSIDADE SÃO JUDAS TADEU;45;19;4;76;manter: repeticao de capacidade planejada nao comprova duplicidade;"pendente; triagem automatica nao confirma preenchimento da IES"
mesmo valor de vagas aparece em pelo menos quatro cursos da IES;2021;3333;CENTRO UNIVERSITÁRIO UNIFTEC;9;700;4;2800;manter: repeticao de capacidade planejada nao comprova duplicidade;"pendente; triagem automatica nao confirma preenchimento da IES"
mesmo valor de vagas aparece em pelo menos quatro cursos da IES;2021;396;Centro Universitário Ruy Barbosa Wyden;10;80;4;320;manter: repeticao de capacidade planejada nao comprova duplicidade;"pendente; triagem automatica nao confirma preenchimento da IES"
mesmo valor de vagas aparece em pelo menos quatro cursos da IES;2021;3998;INSTITUTO INFNET RIO DE JANEIRO;15;100;4;400;manter: repeticao de capacidade planejada nao comprova duplicidade;"pendente; triagem automatica nao confirma preenchimento da IES"
mesmo valor de vagas aparece em pelo menos quatro cursos da IES;2021;437;UNIVERSIDADE PARANAENSE;15;510;4;2040;manter: repeticao de capacidade planejada nao comprova duplicidade;"pendente; triagem automatica nao confirma preenchimento da IES"
mesmo valor de vagas aparece em pelo menos quatro cursos da IES;2021;4785;INSTITUTO FEDERAL DE EDUCAÇÃO CIÊNCIA E TECNOLOGIA DE RONDÔNIA;5;40;4;160;manter: repeticao de capacidade planejada nao comprova duplicidade;"pendente; triagem automatica nao confirma preenchimento da IES"
mesmo valor de vagas aparece em pelo menos quatro cursos da IES;2021;719;Universidade do Estado de Mato Grosso Carlos Alberto Reyes Maldonado - UNEMAT;7;80;4;320;manter: repeticao de capacidade planejada nao comprova duplicidade;"pendente; triagem automatica nao confirma preenchimento da IES"
mesmo valor de vagas aparece em pelo menos quatro cursos da IES;2022;322;UNIVERSIDADE PAULISTA;101;230;18;4140;manter: repeticao de capacidade planejada nao comprova duplicidade;"pendente; triagem automatica nao confirma preenchimento da IES"
mesmo valor de vagas aparece em pelo menos quatro cursos da IES;2022;1294;Centro Universitário das Américas;20;680;8;5440;manter: repeticao de capacidade planejada nao comprova duplicidade;"pendente; triagem automatica nao confirma preenchimento da IES"
mesmo valor de vagas aparece em pelo menos quatro cursos da IES;2022;1853;Centro Universitário UNIBTA;11;100;8;800;manter: repeticao de capacidade planejada nao comprova duplicidade;"pendente; triagem automatica nao confirma preenchimento da IES"
mesmo valor de vagas aparece em pelo menos quatro cursos da IES;2022;2835;CENTRO UNIVERSITÁRIO MAURÍCIO DE NASSAU;17;17700;7;123900;manter: repeticao de capacidade planejada nao comprova duplicidade;"pendente; triagem automatica nao confirma preenchimento da IES"
mesmo valor de vagas aparece em pelo menos quatro cursos da IES;2022;4751;CENTRO UNIVERSITÁRIO UNIFATECIE;9;1000;7;7000;manter: repeticao de capacidade planejada nao comprova duplicidade;"pendente; triagem automatica nao confirma preenchimento da IES"
mesmo valor de vagas aparece em pelo menos quatro cursos da IES;2022;481;Universidade Universus Veritas Guarulhos;15;17700;7;123900;manter: repeticao de capacidade planejada nao comprova duplicidade;"pendente; triagem automatica nao confirma preenchimento da IES"
mesmo valor de vagas aparece em pelo menos quatro cursos da IES;2022;14724;INSTITUTO FEDERAL DE EDUCAÇÃO, CIÊNCIA E TECNOLOGIA DO PARANÁ;17;40;6;240;manter: repeticao de capacidade planejada nao comprova duplicidade;"pendente; triagem automatica nao confirma preenchimento da IES"
mesmo valor de vagas aparece em pelo menos quatro cursos da IES;2022;3998;INSTITUTO INFNET RIO DE JANEIRO;16;500;6;3000;manter: repeticao de capacidade planejada nao comprova duplicidade;"pendente; triagem automatica nao confirma preenchimento da IES"
mesmo valor de vagas aparece em pelo menos quatro cursos da IES;2022;926;Centro Universitário Anhanguera Pitágoras Unopar de Campo Grande;17;3000;6;18000;manter: repeticao de capacidade planejada nao comprova duplicidade;"pendente; triagem automatica nao confirma preenchimento da IES"
mesmo valor de vagas aparece em pelo menos quatro cursos da IES;2022;1082;INSTITUTO FEDERAL DE EDUCAÇÃO, CIÊNCIA E TECNOLOGIA DO RIO GRANDE DO NORTE;8;40;5;200;manter: repeticao de capacidade planejada nao comprova duplicidade;"pendente; triagem automatica nao confirma preenchimento da IES"
mesmo valor de vagas aparece em pelo menos quatro cursos da IES;2022;1772;Centro Universitário Fanor Wyden;14;50;5;250;manter: repeticao de capacidade planejada nao comprova duplicidade;"pendente; triagem automatica nao confirma preenchimento da IES"
mesmo valor de vagas aparece em pelo menos quatro cursos da IES;2022;21112;Faculdade XP Educação - IGTI;5;80;5;400;manter: repeticao de capacidade planejada nao comprova duplicidade;"pendente; triagem automatica nao confirma preenchimento da IES"
mesmo valor de vagas aparece em pelo menos quatro cursos da IES;2022;221;UNIVERSIDADE CRUZEIRO DO SUL;41;1500;5;7500;manter: repeticao de capacidade planejada nao comprova duplicidade;"pendente; triagem automatica nao confirma preenchimento da IES"
mesmo valor de vagas aparece em pelo menos quatro cursos da IES;2022;496;UNIVERSIDADE DE FRANCA;19;400;5;2000;manter: repeticao de capacidade planejada nao comprova duplicidade;"pendente; triagem automatica nao confirma preenchimento da IES"
mesmo valor de vagas aparece em pelo menos quatro cursos da IES;2022;852;FIAP - Centro Universitário;27;300;5;1500;manter: repeticao de capacidade planejada nao comprova duplicidade;"pendente; triagem automatica nao confirma preenchimento da IES"
mesmo valor de vagas aparece em pelo menos quatro cursos da IES;2022;1036;UNIVERSIDADE DO ESTADO DE MINAS GERAIS;6;40;4;160;manter: repeticao de capacidade planejada nao comprova duplicidade;"pendente; triagem automatica nao confirma preenchimento da IES"
mesmo valor de vagas aparece em pelo menos quatro cursos da IES;2022;1042;UNIVERSIDADE POSITIVO;27;500;4;2000;manter: repeticao de capacidade planejada nao comprova duplicidade;"pendente; triagem automatica nao confirma preenchimento da IES"
mesmo valor de vagas aparece em pelo menos quatro cursos da IES;2022;1427;CENTRO UNIVERSITÁRIO DA SERRA GAÚCHA;19;110;4;440;manter: repeticao de capacidade planejada nao comprova duplicidade;"pendente; triagem automatica nao confirma preenchimento da IES"
mesmo valor de vagas aparece em pelo menos quatro cursos da IES;2022;17854;Centro Universitário Unifecaf;9;6500;4;26000;manter: repeticao de capacidade planejada nao comprova duplicidade;"pendente; triagem automatica nao confirma preenchimento da IES"
mesmo valor de vagas aparece em pelo menos quatro cursos da IES;2022;1813;INSTITUTO FEDERAL DE EDUCAÇÃO, CIÊNCIA E TECNOLOGIA DO PARÁ;8;40;4;160;manter: repeticao de capacidade planejada nao comprova duplicidade;"pendente; triagem automatica nao confirma preenchimento da IES"
mesmo valor de vagas aparece em pelo menos quatro cursos da IES;2022;227;UNIVERSIDADE CATÓLICA DE SANTOS;7;500;4;2000;manter: repeticao de capacidade planejada nao comprova duplicidade;"pendente; triagem automatica nao confirma preenchimento da IES"
mesmo valor de vagas aparece em pelo menos quatro cursos da IES;2022;2497;CENTRO UNIVERSITÁRIO ATENEU;7;500;4;2000;manter: repeticao de capacidade planejada nao comprova duplicidade;"pendente; triagem automatica nao confirma preenchimento da IES"
mesmo valor de vagas aparece em pelo menos quatro cursos da IES;2022;352;CENTRO UNIVERSITÁRIO DE JOÃO PESSOA;20;200;4;800;manter: repeticao de capacidade planejada nao comprova duplicidade;"pendente; triagem automatica nao confirma preenchimento da IES"
mesmo valor de vagas aparece em pelo menos quatro cursos da IES;2022;396;Centro Universitário Ruy Barbosa Wyden;10;240;4;960;manter: repeticao de capacidade planejada nao comprova duplicidade;"pendente; triagem automatica nao confirma preenchimento da IES"
mesmo valor de vagas aparece em pelo menos quatro cursos da IES;2022;4153;Centro Universitário Joaquim Nabuco de Recife;12;17700;4;70800;manter: repeticao de capacidade planejada nao comprova duplicidade;"pendente; triagem automatica nao confirma preenchimento da IES"
mesmo valor de vagas aparece em pelo menos quatro cursos da IES;2022;441;UNIVERSIDADE DO CONTESTADO;6;40;4;160;manter: repeticao de capacidade planejada nao comprova duplicidade;"pendente; triagem automatica nao confirma preenchimento da IES"
mesmo valor de vagas aparece em pelo menos quatro cursos da IES;2022;47;UNIVERSIDADE ESTADUAL DE GOIÁS;12;41;4;164;manter: repeticao de capacidade planejada nao comprova duplicidade;"pendente; triagem automatica nao confirma preenchimento da IES"
mesmo valor de vagas aparece em pelo menos quatro cursos da IES;2022;4785;INSTITUTO FEDERAL DE EDUCAÇÃO CIÊNCIA E TECNOLOGIA DE RONDÔNIA;7;40;4;160;manter: repeticao de capacidade planejada nao comprova duplicidade;"pendente; triagem automatica nao confirma preenchimento da IES"
mesmo valor de vagas aparece em pelo menos quatro cursos da IES;2022;526;CENTRO UNIVERSITÁRIO BRAZ CUBAS;19;510;4;2040;manter: repeticao de capacidade planejada nao comprova duplicidade;"pendente; triagem automatica nao confirma preenchimento da IES"
mesmo valor de vagas aparece em pelo menos quatro cursos da IES;2022;793;Centro Universitário Estácio de São Paulo;6;360;4;1440;manter: repeticao de capacidade planejada nao comprova duplicidade;"pendente; triagem automatica nao confirma preenchimento da IES"
mesmo valor de vagas aparece em pelo menos quatro cursos da IES;2023;322;UNIVERSIDADE PAULISTA;98;230;12;2760;manter: repeticao de capacidade planejada nao comprova duplicidade;"pendente; triagem automatica nao confirma preenchimento da IES"
mesmo valor de vagas aparece em pelo menos quatro cursos da IES;2023;1759;Gran Centro Universitário;11;5000;9;45000;manter: repeticao de capacidade planejada nao comprova duplicidade;"pendente; triagem automatica nao confirma preenchimento da IES"
mesmo valor de vagas aparece em pelo menos quatro cursos da IES;2023;3998;INSTITUTO INFNET RIO DE JANEIRO;14;500;8;4000;manter: repeticao de capacidade planejada nao comprova duplicidade;"pendente; triagem automatica nao confirma preenchimento da IES"
mesmo valor de vagas aparece em pelo menos quatro cursos da IES;2023;3294;CENTRO UNIVERSITÁRIO FAVENI;17;500;7;3500;manter: repeticao de capacidade planejada nao comprova duplicidade;"pendente; triagem automatica nao confirma preenchimento da IES"
mesmo valor de vagas aparece em pelo menos quatro cursos da IES;2023;352;CENTRO UNIVERSITÁRIO DE JOÃO PESSOA;23;201;7;1407;manter: repeticao de capacidade planejada nao comprova duplicidade;"pendente; triagem automatica nao confirma preenchimento da IES"
mesmo valor de vagas aparece em pelo menos quatro cursos da IES;2023;17854;Centro Universitário Unifecaf;10;6500;6;39000;manter: repeticao de capacidade planejada nao comprova duplicidade;"pendente; triagem automatica nao confirma preenchimento da IES"
mesmo valor de vagas aparece em pelo menos quatro cursos da IES;2023;4751;CENTRO UNIVERSITÁRIO UNIFATECIE;9;1400;6;8400;manter: repeticao de capacidade planejada nao comprova duplicidade;"pendente; triagem automatica nao confirma preenchimento da IES"
mesmo valor de vagas aparece em pelo menos quatro cursos da IES;2023;588;UNIVERSIDADE TECNOLÓGICA FEDERAL DO PARANÁ;18;89;6;534;manter: repeticao de capacidade planejada nao comprova duplicidade;"pendente; triagem automatica nao confirma preenchimento da IES"
mesmo valor de vagas aparece em pelo menos quatro cursos da IES;2023;852;FIAP - Centro Universitário;32;450;6;2700;manter: repeticao de capacidade planejada nao comprova duplicidade;"pendente; triagem automatica nao confirma preenchimento da IES"
mesmo valor de vagas aparece em pelo menos quatro cursos da IES;2023;1060;CENTRO UNIVERSITÁRIO DO INSTITUTO DE EDUCAÇÃO SUPERIOR DE BRASÍLIA - IESB;15;600;5;3000;manter: repeticao de capacidade planejada nao comprova duplicidade;"pendente; triagem automatica nao confirma preenchimento da IES"
mesmo valor de vagas aparece em pelo menos quatro cursos da IES;2023;1388;CENTRO UNIVERSITÁRIO SUMARÉ;8;50;5;250;manter: repeticao de capacidade planejada nao comprova duplicidade;"pendente; triagem automatica nao confirma preenchimento da IES"
mesmo valor de vagas aparece em pelo menos quatro cursos da IES;2023;1853;Centro Universitário UNIBTA;14;100;5;500;manter: repeticao de capacidade planejada nao comprova duplicidade;"pendente; triagem automatica nao confirma preenchimento da IES"
mesmo valor de vagas aparece em pelo menos quatro cursos da IES;2023;2497;CENTRO UNIVERSITÁRIO ATENEU;10;500;5;2500;manter: repeticao de capacidade planejada nao comprova duplicidade;"pendente; triagem automatica nao confirma preenchimento da IES"
mesmo valor de vagas aparece em pelo menos quatro cursos da IES;2023;437;UNIVERSIDADE PARANAENSE;16;505;5;2525;manter: repeticao de capacidade planejada nao comprova duplicidade;"pendente; triagem automatica nao confirma preenchimento da IES"
mesmo valor de vagas aparece em pelo menos quatro cursos da IES;2023;583;UNIVERSIDADE FEDERAL DO CEARÁ;20;53;5;265;manter: repeticao de capacidade planejada nao comprova duplicidade;"pendente; triagem automatica nao confirma preenchimento da IES"
mesmo valor de vagas aparece em pelo menos quatro cursos da IES;2023;671;UNIVERSIDADE ANHANGUERA;21;250;5;1250;manter: repeticao de capacidade planejada nao comprova duplicidade;"pendente; triagem automatica nao confirma preenchimento da IES"
mesmo valor de vagas aparece em pelo menos quatro cursos da IES;2023;1365;CENTRO UNIVERSITÁRIO ADVENTISTA DE SÃO PAULO;9;3080;4;12320;manter: repeticao de capacidade planejada nao comprova duplicidade;"pendente; triagem automatica nao confirma preenchimento da IES"
mesmo valor de vagas aparece em pelo menos quatro cursos da IES;2023;1487;CENTRO UNIVERSITÁRIO UNIDOM - BOSCO;7;700;4;2800;manter: repeticao de capacidade planejada nao comprova duplicidade;"pendente; triagem automatica nao confirma preenchimento da IES"
mesmo valor de vagas aparece em pelo menos quatro cursos da IES;2023;15450;Faculdade Única de Ipatinga;6;1000;4;4000;manter: repeticao de capacidade planejada nao comprova duplicidade;"pendente; triagem automatica nao confirma preenchimento da IES"
mesmo valor de vagas aparece em pelo menos quatro cursos da IES;2023;16543;Faculdade Metropolitana do Estado de São Paulo;5;500;4;2000;manter: repeticao de capacidade planejada nao comprova duplicidade;"pendente; triagem automatica nao confirma preenchimento da IES"
mesmo valor de vagas aparece em pelo menos quatro cursos da IES;2023;203;UNIVERSIDADE SÃO JUDAS TADEU;59;15;4;60;manter: repeticao de capacidade planejada nao comprova duplicidade;"pendente; triagem automatica nao confirma preenchimento da IES"
mesmo valor de vagas aparece em pelo menos quatro cursos da IES;2023;2076;CENTRO UNIVERSITÁRIO UNIRB;6;200;4;800;manter: repeticao de capacidade planejada nao comprova duplicidade;"pendente; triagem automatica nao confirma preenchimento da IES"
mesmo valor de vagas aparece em pelo menos quatro cursos da IES;2023;23820;Faculdade Dunamis;4;10;4;40;manter: repeticao de capacidade planejada nao comprova duplicidade;"pendente; triagem automatica nao confirma preenchimento da IES"
mesmo valor de vagas aparece em pelo menos quatro cursos da IES;2023;2625;CENTRO UNIVERSITÁRIO UFBRA;7;500;4;2000;manter: repeticao de capacidade planejada nao comprova duplicidade;"pendente; triagem automatica nao confirma preenchimento da IES"
mesmo valor de vagas aparece em pelo menos quatro cursos da IES;2023;330;UNIVERSIDADE IGUAÇU;4;1200;4;4800;manter: repeticao de capacidade planejada nao comprova duplicidade;"pendente; triagem automatica nao confirma preenchimento da IES"
mesmo valor de vagas aparece em pelo menos quatro cursos da IES;2023;374;CENTRO UNIVERSITÁRIO DAS FACULDADES METROPOLITANAS UNIDAS;24;160;4;640;manter: repeticao de capacidade planejada nao comprova duplicidade;"pendente; triagem automatica nao confirma preenchimento da IES"
mesmo valor de vagas aparece em pelo menos quatro cursos da IES;2023;396;Centro Universitário Ruy Barbosa Wyden;11;100;4;400;manter: repeticao de capacidade planejada nao comprova duplicidade;"pendente; triagem automatica nao confirma preenchimento da IES"
mesmo valor de vagas aparece em pelo menos quatro cursos da IES;2023;3977;FACULDADE DE TECNOLOGIA DO AMAPÁ;4;55;4;220;manter: repeticao de capacidade planejada nao comprova duplicidade;"pendente; triagem automatica nao confirma preenchimento da IES"
mesmo valor de vagas aparece em pelo menos quatro cursos da IES;2023;4153;CENTRO UNIVERSITÁRIO MAURÍCIO DE NASSAU DERBY;12;17700;4;70800;manter: repeticao de capacidade planejada nao comprova duplicidade;"pendente; triagem automatica nao confirma preenchimento da IES"
mesmo valor de vagas aparece em pelo menos quatro cursos da IES;2023;4785;INSTITUTO FEDERAL DE EDUCAÇÃO CIÊNCIA E TECNOLOGIA DE RONDÔNIA;7;40;4;160;manter: repeticao de capacidade planejada nao comprova duplicidade;"pendente; triagem automatica nao confirma preenchimento da IES"
mesmo valor de vagas aparece em pelo menos quatro cursos da IES;2024;3294;CENTRO UNIVERSITÁRIO FAVENI;19;500;15;7500;manter: repeticao de capacidade planejada nao comprova duplicidade;"pendente; triagem automatica nao confirma preenchimento da IES"
mesmo valor de vagas aparece em pelo menos quatro cursos da IES;2024;1759;Gran Centro Universitário;15;5000;13;65000;manter: repeticao de capacidade planejada nao comprova duplicidade;"pendente; triagem automatica nao confirma preenchimento da IES"
mesmo valor de vagas aparece em pelo menos quatro cursos da IES;2024;242;CENTRO UNIVERSITÁRIO ANHANGUERA PITÁGORAS AMPLI;20;500;9;4500;manter: repeticao de capacidade planejada nao comprova duplicidade;"pendente; triagem automatica nao confirma preenchimento da IES"
mesmo valor de vagas aparece em pelo menos quatro cursos da IES;2024;3998;INSTITUTO INFNET RIO DE JANEIRO;13;500;9;4500;manter: repeticao de capacidade planejada nao comprova duplicidade;"pendente; triagem automatica nao confirma preenchimento da IES"
mesmo valor de vagas aparece em pelo menos quatro cursos da IES;2024;1294;Centro Universitário das Américas;20;480;7;3360;manter: repeticao de capacidade planejada nao comprova duplicidade;"pendente; triagem automatica nao confirma preenchimento da IES"
mesmo valor de vagas aparece em pelo menos quatro cursos da IES;2024;1365;CENTRO UNIVERSITÁRIO ADVENTISTA DE SÃO PAULO;13;3480;7;24360;manter: repeticao de capacidade planejada nao comprova duplicidade;"pendente; triagem automatica nao confirma preenchimento da IES"
mesmo valor de vagas aparece em pelo menos quatro cursos da IES;2024;15450;Centro Universitário Única;9;1000;7;7000;manter: repeticao de capacidade planejada nao comprova duplicidade;"pendente; triagem automatica nao confirma preenchimento da IES"
mesmo valor de vagas aparece em pelo menos quatro cursos da IES;2024;1060;CENTRO UNIVERSITÁRIO DO INSTITUTO DE EDUCAÇÃO SUPERIOR DE BRASÍLIA - IESB;15;500;6;3000;manter: repeticao de capacidade planejada nao comprova duplicidade;"pendente; triagem automatica nao confirma preenchimento da IES"
mesmo valor de vagas aparece em pelo menos quatro cursos da IES;2024;322;UNIVERSIDADE PAULISTA;85;115;6;690;manter: repeticao de capacidade planejada nao comprova duplicidade;"pendente; triagem automatica nao confirma preenchimento da IES"
mesmo valor de vagas aparece em pelo menos quatro cursos da IES;2024;671;UNIVERSIDADE ANHANGUERA;21;200;6;1200;manter: repeticao de capacidade planejada nao comprova duplicidade;"pendente; triagem automatica nao confirma preenchimento da IES"
mesmo valor de vagas aparece em pelo menos quatro cursos da IES;2024;10116;FACULDADE DE TECNOLOGIA SENAI MATO GROSSO;6;60;5;300;manter: repeticao de capacidade planejada nao comprova duplicidade;"pendente; triagem automatica nao confirma preenchimento da IES"
mesmo valor de vagas aparece em pelo menos quatro cursos da IES;2024;1810;INSTITUTO FEDERAL DE EDUCAÇÃO, CIÊNCIA E TECNOLOGIA DE SÃO PAULO;30;46;5;230;manter: repeticao de capacidade planejada nao comprova duplicidade;"pendente; triagem automatica nao confirma preenchimento da IES"
mesmo valor de vagas aparece em pelo menos quatro cursos da IES;2024;1853;Centro Universitário UNIBTA;14;100;5;500;manter: repeticao de capacidade planejada nao comprova duplicidade;"pendente; triagem automatica nao confirma preenchimento da IES"
mesmo valor de vagas aparece em pelo menos quatro cursos da IES;2024;22578;FACULDADE CENSUPEG;6;220;5;1100;manter: repeticao de capacidade planejada nao comprova duplicidade;"pendente; triagem automatica nao confirma preenchimento da IES"
mesmo valor de vagas aparece em pelo menos quatro cursos da IES;2024;4785;INSTITUTO FEDERAL DE EDUCAÇÃO CIÊNCIA E TECNOLOGIA DE RONDÔNIA;7;40;5;200;manter: repeticao de capacidade planejada nao comprova duplicidade;"pendente; triagem automatica nao confirma preenchimento da IES"
mesmo valor de vagas aparece em pelo menos quatro cursos da IES;2024;1166;INSTITUTO FEDERAL DE EDUCAÇÃO, CIÊNCIA E TECNOLOGIA  DA PARAÍBA;9;88;4;352;manter: repeticao de capacidade planejada nao comprova duplicidade;"pendente; triagem automatica nao confirma preenchimento da IES"
mesmo valor de vagas aparece em pelo menos quatro cursos da IES;2024;1388;CENTRO UNIVERSITÁRIO SUMARÉ;8;50;4;200;manter: repeticao de capacidade planejada nao comprova duplicidade;"pendente; triagem automatica nao confirma preenchimento da IES"
mesmo valor de vagas aparece em pelo menos quatro cursos da IES;2024;1491;CENTRO UNIVERSITÁRIO INTERNACIONAL;14;1000;4;4000;manter: repeticao de capacidade planejada nao comprova duplicidade;"pendente; triagem automatica nao confirma preenchimento da IES"
mesmo valor de vagas aparece em pelo menos quatro cursos da IES;2024;16543;Faculdade Metropolitana do Estado de São Paulo;5;500;4;2000;manter: repeticao de capacidade planejada nao comprova duplicidade;"pendente; triagem automatica nao confirma preenchimento da IES"
mesmo valor de vagas aparece em pelo menos quatro cursos da IES;2024;1820;INSTITUTO FEDERAL DE EDUCAÇÃO, CIÊNCIA E TECNOLOGIA DO PIAUÍ;8;40;4;160;manter: repeticao de capacidade planejada nao comprova duplicidade;"pendente; triagem automatica nao confirma preenchimento da IES"
mesmo valor de vagas aparece em pelo menos quatro cursos da IES;2024;1822;Centro Universitário Sul-Americana;4;110;4;440;manter: repeticao de capacidade planejada nao comprova duplicidade;"pendente; triagem automatica nao confirma preenchimento da IES"
mesmo valor de vagas aparece em pelo menos quatro cursos da IES;2024;1872;CENTRO UNIVERSITÁRIO SANTA CRUZ DE CURITIBA;9;700;4;2800;manter: repeticao de capacidade planejada nao comprova duplicidade;"pendente; triagem automatica nao confirma preenchimento da IES"
mesmo valor de vagas aparece em pelo menos quatro cursos da IES;2024;2076;CENTRO UNIVERSITÁRIO UNIRB;5;40;4;160;manter: repeticao de capacidade planejada nao comprova duplicidade;"pendente; triagem automatica nao confirma preenchimento da IES"
mesmo valor de vagas aparece em pelo menos quatro cursos da IES;2024;27103;UNIVERSIDADE DO DISTRITO FEDERAL;4;40;4;160;manter: repeticao de capacidade planejada nao comprova duplicidade;"pendente; triagem automatica nao confirma preenchimento da IES"
mesmo valor de vagas aparece em pelo menos quatro cursos da IES;2024;38;UNIVERSIDADE DO ESTADO DO PARÁ;7;30;4;120;manter: repeticao de capacidade planejada nao comprova duplicidade;"pendente; triagem automatica nao confirma preenchimento da IES"
mesmo valor de vagas aparece em pelo menos quatro cursos da IES;2024;4022;FACULDADE DE TECNOLOGIA DE JUNDIAÍ;4;80;4;320;manter: repeticao de capacidade planejada nao comprova duplicidade;"pendente; triagem automatica nao confirma preenchimento da IES"
mesmo valor de vagas aparece em pelo menos quatro cursos da IES;2024;409;UNIVERSIDADE DE PERNAMBUCO;6;30;4;120;manter: repeticao de capacidade planejada nao comprova duplicidade;"pendente; triagem automatica nao confirma preenchimento da IES"
mesmo valor de vagas aparece em pelo menos quatro cursos da IES;2024;47;UNIVERSIDADE ESTADUAL DE GOIÁS;14;40;4;160;manter: repeticao de capacidade planejada nao comprova duplicidade;"pendente; triagem automatica nao confirma preenchimento da IES"
mesmo valor de vagas aparece em pelo menos quatro cursos da IES;2024;515;Centro Universitário Anhanguera Pitágoras Unopar de Niterói;20;500;4;2000;manter: repeticao de capacidade planejada nao comprova duplicidade;"pendente; triagem automatica nao confirma preenchimento da IES"
mesmo valor de vagas aparece em pelo menos quatro cursos da IES;2024;852;FIAP - Centro Universitário;38;700;4;2800;manter: repeticao de capacidade planejada nao comprova duplicidade;"pendente; triagem automatica nao confirma preenchimento da IES"
