MOTIVO_CURADORIA;NU_ANO_CENSO;CO_IES;NO_IES;CO_CURSO;NO_CURSO;DS_TP_MODALIDADE_ENSINO;DS_TP_GRAU_ACADEMICO;CO_ROTULO_AREA;NO_ROTULO_AREA;DS_CLASSIFICACAO_AREA;DS_CRITERIO_ESCOPO;QT_MAT;QT_ING;QT_CONC;DECISAO_CURADORIA;STATUS_VERIFICACAO_FONTE
serie de baixa atividade: >=3 anos, metade com 0 matricula e menos de 20 no total;2022;1032;CENTRO UNIVERSITÁRIO SALESIANO DE SÃO PAULO;1570934;Engenharia De Computação;EaD;Bacharelado;0714E04;Engenharia de computação (DCN Engenharia);CINE;CINE rótulo 0714E04 Engenharia de Computação;0.0;1.0;0.0;"manter; aplicar filtro de atividade conforme a pergunta do visual";"pendente; triagem automatica nao confirma preenchimento da IES"
serie de baixa atividade: >=3 anos, metade com 0 matricula e menos de 20 no total;2023;1032;CENTRO UNIVERSITÁRIO SALESIANO DE SÃO PAULO;1570934;Engenharia De Computação;EaD;Bacharelado;0714E04;Engenharia de computação (DCN Engenharia);CINE;CINE rótulo 0714E04 Engenharia de Computação;0.0;0.0;0.0;"manter; aplicar filtro de atividade conforme a pergunta do visual";"pendente; triagem automatica nao confirma preenchimento da IES"
serie de baixa atividade: >=3 anos, metade com 0 matricula e menos de 20 no total;2024;1032;CENTRO UNIVERSITÁRIO SALESIANO DE SÃO PAULO;1570934;Engenharia De Computação;EaD;Bacharelado;0714E04;Engenharia de computação;CINE;CINE rótulo 0714E04 Engenharia de Computação;2.0;2.0;0.0;"manter; aplicar filtro de atividade conforme a pergunta do visual";"pendente; triagem automatica nao confirma preenchimento da IES"
serie de baixa atividade: >=3 anos, metade com 0 matricula e menos de 20 no total;2019;1100;Centro Universitário Carlos Drummond de Andrade;1458332;ANÁLISE E DESENVOLVIMENTO DE SISTEMAS;Presencial;Tecnológico;0615S02;Sistemas de informação;CINE Brasil;CINE Brasil área geral 6 Computação/TIC;16.0;22.0;0.0;"manter; aplicar filtro de atividade conforme a pergunta do visual";"pendente; triagem automatica nao confirma preenchimento da IES"
serie de baixa atividade: >=3 anos, metade com 0 matricula e menos de 20 no total;2020;1100;Centro Universitário Carlos Drummond de Andrade;1458332;ANÁLISE E DESENVOLVIMENTO DE SISTEMAS;Presencial;Tecnológico;0615S02;Sistemas de informação;CINE;CINE área geral 6 Computação/TIC;0.0;15.0;0.0;"manter; aplicar filtro de atividade conforme a pergunta do visual";"pendente; triagem automatica nao confirma preenchimento da IES"
serie de baixa atividade: >=3 anos, metade com 0 matricula e menos de 20 no total;2021;1100;Centro Universitário Carlos Drummond de Andrade;1458332;Análise E Desenvolvimento De Sistemas;Presencial;Tecnológico;0615S02;Sistemas de informação;CINE;CINE área geral 6 Computação/TIC;0.0;0.0;0.0;"manter; aplicar filtro de atividade conforme a pergunta do visual";"pendente; triagem automatica nao confirma preenchimento da IES"
serie de baixa atividade: >=3 anos, metade com 0 matricula e menos de 20 no total;2020;1141;CENTRO UNIVERSITÁRIO GAMA E SOUZA;1524082;ANÁLISE E DESENVOLVIMENTO DE SISTEMAS;EaD;Tecnológico;0615S02;Sistemas de informação;CINE;CINE área geral 6 Computação/TIC;4.0;4.0;0.0;"manter; aplicar filtro de atividade conforme a pergunta do visual";"pendente; triagem automatica nao confirma preenchimento da IES"
serie de baixa atividade: >=3 anos, metade com 0 matricula e menos de 20 no total;2021;1141;CENTRO UNIVERSITÁRIO GAMA E SOUZA;1524082;Análise E Desenvolvimento De Sistemas;EaD;Tecnológico;0615S02;Sistemas de informação;CINE;CINE área geral 6 Computação/TIC;0.0;0.0;0.0;"manter; aplicar filtro de atividade conforme a pergunta do visual";"pendente; triagem automatica nao confirma preenchimento da IES"
serie de baixa atividade: >=3 anos, metade com 0 matricula e menos de 20 no total;2022;1141;CENTRO UNIVERSITÁRIO GAMA E SOUZA;1524082;Análise E Desenvolvimento De Sistemas;EaD;Tecnológico;0615S02;Sistemas de informação;CINE;CINE área geral 6 Computação/TIC;1.0;0.0;1.0;"manter; aplicar filtro de atividade conforme a pergunta do visual";"pendente; triagem automatica nao confirma preenchimento da IES"
serie de baixa atividade: >=3 anos, metade com 0 matricula e menos de 20 no total;2023;1141;CENTRO UNIVERSITÁRIO GAMA E SOUZA;1524082;Análise E Desenvolvimento De Sistemas;EaD;Tecnológico;0615S02;Sistemas de informação;CINE;CINE área geral 6 Computação/TIC;0.0;0.0;0.0;"manter; aplicar filtro de atividade conforme a pergunta do visual";"pendente; triagem automatica nao confirma preenchimento da IES"
serie de baixa atividade: >=3 anos, metade com 0 matricula e menos de 20 no total;2009;1208;FACULDADE DE NATAL;67947;SISTEMAS DE INFORMACAO;Presencial;Bacharelado;0615S02;Sistemas de informação;CINE;CINE área geral 6 Computação/TIC;3.0;0.0;0.0;"manter; aplicar filtro de atividade conforme a pergunta do visual";"pendente; triagem automatica nao confirma preenchimento da IES"
serie de baixa atividade: >=3 anos, metade com 0 matricula e menos de 20 no total;2010;1208;FACULDADE DE NATAL;67947;SISTEMAS DE INFORMAÇÃO;Presencial;Bacharelado;0615S02;Sistemas de informação;CINE;CINE área geral 6 Computação/TIC;4.0;0.0;1.0;"manter; aplicar filtro de atividade conforme a pergunta do visual";"pendente; triagem automatica nao confirma preenchimento da IES"
serie de baixa atividade: >=3 anos, metade com 0 matricula e menos de 20 no total;2011;1208;FACULDADE DE NATAL;67947;SISTEMAS DE INFORMAÇÃO;Presencial;Bacharelado;0615S02;Sistemas de informação;CINE;CINE área geral 6 Computação/TIC;0.0;0.0;0.0;"manter; aplicar filtro de atividade conforme a pergunta do visual";"pendente; triagem automatica nao confirma preenchimento da IES"
serie de baixa atividade: >=3 anos, metade com 0 matricula e menos de 20 no total;2012;1208;FAL ESTÁCIO - FACULDADE ESTÁCIO DE NATAL;67947;SISTEMAS DE INFORMAÇÃO;Presencial;Bacharelado;0615S02;Sistemas de informação;CINE;CINE área geral 6 Computação/TIC;0.0;0.0;0.0;"manter; aplicar filtro de atividade conforme a pergunta do visual";"pendente; triagem automatica nao confirma preenchimento da IES"
serie de baixa atividade: >=3 anos, metade com 0 matricula e menos de 20 no total;2009;13;UNIVERSIDADE DE CAXIAS DO SUL;64933;CURSO SUPERIOR DE TECNOLOGIA EM ANALISE E DESENVOLVIMENTO DE SISTEMAS EIXO TECNOLOGICO INFORMACAO E COMUNICACAO;Presencial;Tecnológico;0615S02;Sistemas de informação;CINE;CINE área geral 6 Computação/TIC;6.0;0.0;4.0;"manter; aplicar filtro de atividade conforme a pergunta do visual";"pendente; triagem automatica nao confirma preenchimento da IES"
serie de baixa atividade: >=3 anos, metade com 0 matricula e menos de 20 no total;2010;13;UNIVERSIDADE DE CAXIAS DO SUL;64933;ANÁLISE E DESENVOLVIMENTO DE SISTEMAS;Presencial;Tecnológico;0615S02;Sistemas de informação;CINE;CINE área geral 6 Computação/TIC;1.0;0.0;1.0;"manter; aplicar filtro de atividade conforme a pergunta do visual";"pendente; triagem automatica nao confirma preenchimento da IES"
serie de baixa atividade: >=3 anos, metade com 0 matricula e menos de 20 no total;2011;13;UNIVERSIDADE DE CAXIAS DO SUL;64933;ANÁLISE E DESENVOLVIMENTO DE SISTEMAS;Presencial;Tecnológico;0615S02;Sistemas de informação;CINE;CINE área geral 6 Computação/TIC;0.0;0.0;0.0;"manter; aplicar filtro de atividade conforme a pergunta do visual";"pendente; triagem automatica nao confirma preenchimento da IES"
serie de baixa atividade: >=3 anos, metade com 0 matricula e menos de 20 no total;2012;13;UNIVERSIDADE DE CAXIAS DO SUL;64933;ANÁLISE E DESENVOLVIMENTO DE SISTEMAS;Presencial;Tecnológico;0615S02;Sistemas de informação;CINE;CINE área geral 6 Computação/TIC;0.0;0.0;0.0;"manter; aplicar filtro de atividade conforme a pergunta do visual";"pendente; triagem automatica nao confirma preenchimento da IES"
serie de baixa atividade: >=3 anos, metade com 0 matricula e menos de 20 no total;2020;1418;CENTRO UNIVERSITÁRIO TOLEDO;1518428;SISTEMAS DE INFORMAÇÃO;EaD;Bacharelado;0615S02;Sistemas de informação;CINE;CINE área geral 6 Computação/TIC;0.0;0.0;0.0;"manter; aplicar filtro de atividade conforme a pergunta do visual";"pendente; triagem automatica nao confirma preenchimento da IES"
serie de baixa atividade: >=3 anos, metade com 0 matricula e menos de 20 no total;2021;1418;Centro Universitário Toledo Wyden;1518428;Sistemas De Informação;EaD;Bacharelado;0615S02;Sistemas de informação;CINE;CINE área geral 6 Computação/TIC;4.0;7.0;0.0;"manter; aplicar filtro de atividade conforme a pergunta do visual";"pendente; triagem automatica nao confirma preenchimento da IES"
serie de baixa atividade: >=3 anos, metade com 0 matricula e menos de 20 no total;2022;1418;Centro Universitário Toledo Wyden;1518428;Sistemas De Informação;EaD;Bacharelado;0615S02;Sistemas de informação;CINE;CINE área geral 6 Computação/TIC;0.0;0.0;0.0;"manter; aplicar filtro de atividade conforme a pergunta do visual";"pendente; triagem automatica nao confirma preenchimento da IES"
serie de baixa atividade: >=3 anos, metade com 0 matricula e menos de 20 no total;2023;1418;Centro Universitário Toledo Wyden;1518428;Sistemas De Informação;EaD;Bacharelado;0615S02;Sistemas de informação;CINE;CINE área geral 6 Computação/TIC;0.0;0.0;0.0;"manter; aplicar filtro de atividade conforme a pergunta do visual";"pendente; triagem automatica nao confirma preenchimento da IES"
serie de baixa atividade: >=3 anos, metade com 0 matricula e menos de 20 no total;2024;1418;Centro Universitário Toledo Wyden;1518428;Sistemas De Informação;EaD;Bacharelado;0613S01;Sistemas de informação;CINE;CINE área geral 6 Computação/TIC;0.0;0.0;0.0;"manter; aplicar filtro de atividade conforme a pergunta do visual";"pendente; triagem automatica nao confirma preenchimento da IES"
serie de baixa atividade: >=3 anos, metade com 0 matricula e menos de 20 no total;2022;1427;CENTRO UNIVERSITÁRIO DA SERRA GAÚCHA;1599296;Desenvolvimento Back-End;EaD;Tecnológico;0615S02;Sistemas de informação;CINE;CINE área geral 6 Computação/TIC;0.0;3.0;0.0;"manter; aplicar filtro de atividade conforme a pergunta do visual";"pendente; triagem automatica nao confirma preenchimento da IES"
serie de baixa atividade: >=3 anos, metade com 0 matricula e menos de 20 no total;2023;1427;CENTRO UNIVERSITÁRIO DA SERRA GAÚCHA;1599296;Desenvolvimento Back-End;EaD;Tecnológico;0615S02;Sistemas de informação;CINE;CINE área geral 6 Computação/TIC;3.0;5.0;0.0;"manter; aplicar filtro de atividade conforme a pergunta do visual";"pendente; triagem automatica nao confirma preenchimento da IES"
serie de baixa atividade: >=3 anos, metade com 0 matricula e menos de 20 no total;2024;1427;CENTRO UNIVERSITÁRIO DA SERRA GAÚCHA;1599296;Desenvolvimento Back-End;EaD;Tecnológico;0613S01;Sistemas de informação;CINE;CINE área geral 6 Computação/TIC;0.0;0.0;0.0;"manter; aplicar filtro de atividade conforme a pergunta do visual";"pendente; triagem automatica nao confirma preenchimento da IES"
serie de baixa atividade: >=3 anos, metade com 0 matricula e menos de 20 no total;2022;1427;CENTRO UNIVERSITÁRIO DA SERRA GAÚCHA;1599297;Desenvolvimento Mobile;EaD;Tecnológico;0613E01;Engenharia de software;CINE;CINE área geral 6 Computação/TIC;1.0;1.0;0.0;"manter; aplicar filtro de atividade conforme a pergunta do visual";"pendente; triagem automatica nao confirma preenchimento da IES"
serie de baixa atividade: >=3 anos, metade com 0 matricula e menos de 20 no total;2023;1427;CENTRO UNIVERSITÁRIO DA SERRA GAÚCHA;1599297;Desenvolvimento Mobile;EaD;Tecnológico;0613E01;Engenharia de software;CINE;CINE área geral 6 Computação/TIC;0.0;1.0;0.0;"manter; aplicar filtro de atividade conforme a pergunta do visual";"pendente; triagem automatica nao confirma preenchimento da IES"
serie de baixa atividade: >=3 anos, metade com 0 matricula e menos de 20 no total;2024;1427;CENTRO UNIVERSITÁRIO DA SERRA GAÚCHA;1599297;Desenvolvimento Mobile;EaD;Tecnológico;0619P01;Programas abrangendo Computação e Tecnologias da Informação e Comunicação (TIC) em processo de definição da classificação;CINE;CINE área geral 6 Computação/TIC;0.0;0.0;0.0;"manter; aplicar filtro de atividade conforme a pergunta do visual";"pendente; triagem automatica nao confirma preenchimento da IES"
serie de baixa atividade: >=3 anos, metade com 0 matricula e menos de 20 no total;2019;14303;FACULDADE PADRAO DE SENADOR CANEDO;1351183;ANÁLISE E DESENVOLVIMENTO DE SISTEMAS;Presencial;Tecnológico;0615S02;Sistemas de informação;CINE Brasil;CINE Brasil área geral 6 Computação/TIC;1.0;1.0;0.0;"manter; aplicar filtro de atividade conforme a pergunta do visual";"pendente; triagem automatica nao confirma preenchimento da IES"
serie de baixa atividade: >=3 anos, metade com 0 matricula e menos de 20 no total;2020;14303;FACULDADE PADRAO DE SENADOR CANEDO;1351183;ANÁLISE E DESENVOLVIMENTO DE SISTEMAS;Presencial;Tecnológico;0615S02;Sistemas de informação;CINE;CINE área geral 6 Computação/TIC;0.0;0.0;0.0;"manter; aplicar filtro de atividade conforme a pergunta do visual";"pendente; triagem automatica nao confirma preenchimento da IES"
serie de baixa atividade: >=3 anos, metade com 0 matricula e menos de 20 no total;2021;14303;FACULDADE PADRAO DE SENADOR CANEDO;1351183;Análise E Desenvolvimento De Sistemas;Presencial;Tecnológico;0615S02;Sistemas de informação;CINE;CINE área geral 6 Computação/TIC;0.0;0.0;0.0;"manter; aplicar filtro de atividade conforme a pergunta do visual";"pendente; triagem automatica nao confirma preenchimento da IES"
serie de baixa atividade: >=3 anos, metade com 0 matricula e menos de 20 no total;2018;15428;Faculdade UNIRB - NATAL;1364434;DEFESA CIBERNÉTICA;Presencial;Tecnológico;0612D01;Defesa cibernética;CINE Brasil;CINE Brasil área geral 6 Computação/TIC;2.0;2.0;0.0;"manter; aplicar filtro de atividade conforme a pergunta do visual";"pendente; triagem automatica nao confirma preenchimento da IES"
serie de baixa atividade: >=3 anos, metade com 0 matricula e menos de 20 no total;2019;15428;Faculdade UNIRB - NATAL;1364434;DEFESA CIBERNÉTICA;Presencial;Tecnológico;0612D01;Defesa cibernética;CINE Brasil;CINE Brasil área geral 6 Computação/TIC;3.0;2.0;0.0;"manter; aplicar filtro de atividade conforme a pergunta do visual";"pendente; triagem automatica nao confirma preenchimento da IES"
serie de baixa atividade: >=3 anos, metade com 0 matricula e menos de 20 no total;2021;15428;Faculdade UNIRB - NATAL;1364434;Defesa Cibernética;Presencial;Tecnológico;0612D01;Defesa cibernética;CINE;CINE área geral 6 Computação/TIC;0.0;0.0;0.0;"manter; aplicar filtro de atividade conforme a pergunta do visual";"pendente; triagem automatica nao confirma preenchimento da IES"
serie de baixa atividade: >=3 anos, metade com 0 matricula e menos de 20 no total;2022;15428;Faculdade UNIRB - NATAL;1364434;Defesa Cibernética;Presencial;Tecnológico;0612D01;Defesa cibernética;CINE;CINE área geral 6 Computação/TIC;0.0;0.0;0.0;"manter; aplicar filtro de atividade conforme a pergunta do visual";"pendente; triagem automatica nao confirma preenchimento da IES"
serie de baixa atividade: >=3 anos, metade com 0 matricula e menos de 20 no total;2023;15428;Faculdade UNIRB - NATAL;1364434;Defesa Cibernética;Presencial;Tecnológico;0612D01;Defesa cibernética;CINE;CINE área geral 6 Computação/TIC;0.0;0.0;0.0;"manter; aplicar filtro de atividade conforme a pergunta do visual";"pendente; triagem automatica nao confirma preenchimento da IES"
serie de baixa atividade: >=3 anos, metade com 0 matricula e menos de 20 no total;2009;163;UNIVERSIDADE ESTACIO DE SA;19327;SISTEMAS DE INFORMACAO;Presencial;Bacharelado;0615S02;Sistemas de informação;CINE;CINE área geral 6 Computação/TIC;4.0;0.0;3.0;"manter; aplicar filtro de atividade conforme a pergunta do visual";"pendente; triagem automatica nao confirma preenchimento da IES"
serie de baixa atividade: >=3 anos, metade com 0 matricula e menos de 20 no total;2010;163;UNIVERSIDADE ESTÁCIO DE SÁ;19327;SISTEMAS DE INFORMAÇÃO;Presencial;Bacharelado;0615S02;Sistemas de informação;CINE;CINE área geral 6 Computação/TIC;1.0;1.0;1.0;"manter; aplicar filtro de atividade conforme a pergunta do visual";"pendente; triagem automatica nao confirma preenchimento da IES"
serie de baixa atividade: >=3 anos, metade com 0 matricula e menos de 20 no total;2011;163;UNIVERSIDADE ESTÁCIO DE SÁ;19327;SISTEMAS DE INFORMAÇÃO;Presencial;Bacharelado;0615S02;Sistemas de informação;CINE;CINE área geral 6 Computação/TIC;0.0;0.0;0.0;"manter; aplicar filtro de atividade conforme a pergunta do visual";"pendente; triagem automatica nao confirma preenchimento da IES"
serie de baixa atividade: >=3 anos, metade com 0 matricula e menos de 20 no total;2012;163;UNIVERSIDADE ESTÁCIO DE SÁ;19327;SISTEMAS DE INFORMAÇÃO;Presencial;Bacharelado;0615S02;Sistemas de informação;CINE;CINE área geral 6 Computação/TIC;0.0;0.0;0.0;"manter; aplicar filtro de atividade conforme a pergunta do visual";"pendente; triagem automatica nao confirma preenchimento da IES"
serie de baixa atividade: >=3 anos, metade com 0 matricula e menos de 20 no total;2010;163;UNIVERSIDADE ESTÁCIO DE SÁ;80449;SISTEMAS PARA INTERNET;Presencial;Tecnológico;0615S03;Sistemas para internet;CINE;CINE área geral 6 Computação/TIC;0.0;0.0;0.0;"manter; aplicar filtro de atividade conforme a pergunta do visual";"pendente; triagem automatica nao confirma preenchimento da IES"
serie de baixa atividade: >=3 anos, metade com 0 matricula e menos de 20 no total;2011;163;UNIVERSIDADE ESTÁCIO DE SÁ;80449;SISTEMAS PARA INTERNET;Presencial;Tecnológico;0615S03;Sistemas para internet;CINE;CINE área geral 6 Computação/TIC;0.0;0.0;0.0;"manter; aplicar filtro de atividade conforme a pergunta do visual";"pendente; triagem automatica nao confirma preenchimento da IES"
serie de baixa atividade: >=3 anos, metade com 0 matricula e menos de 20 no total;2012;163;UNIVERSIDADE ESTÁCIO DE SÁ;80449;SISTEMAS PARA INTERNET;Presencial;Tecnológico;0615S03;Sistemas para internet;CINE;CINE área geral 6 Computação/TIC;0.0;1.0;0.0;"manter; aplicar filtro de atividade conforme a pergunta do visual";"pendente; triagem automatica nao confirma preenchimento da IES"
serie de baixa atividade: >=3 anos, metade com 0 matricula e menos de 20 no total;2013;163;UNIVERSIDADE ESTÁCIO DE SÁ;80449;SISTEMAS PARA INTERNET;Presencial;Tecnológico;0615S03;Sistemas para internet;CINE;CINE área geral 6 Computação/TIC;0.0;0.0;0.0;"manter; aplicar filtro de atividade conforme a pergunta do visual";"pendente; triagem automatica nao confirma preenchimento da IES"
serie de baixa atividade: >=3 anos, metade com 0 matricula e menos de 20 no total;2010;163;UNIVERSIDADE ESTÁCIO DE SÁ;98272;REDES DE COMPUTADORES;Presencial;Tecnológico;0612R01;Redes de computadores;CINE;CINE área geral 6 Computação/TIC;0.0;0.0;0.0;"manter; aplicar filtro de atividade conforme a pergunta do visual";"pendente; triagem automatica nao confirma preenchimento da IES"
serie de baixa atividade: >=3 anos, metade com 0 matricula e menos de 20 no total;2011;163;UNIVERSIDADE ESTÁCIO DE SÁ;98272;REDES DE COMPUTADORES;Presencial;Tecnológico;0612R01;Redes de computadores;CINE;CINE área geral 6 Computação/TIC;0.0;0.0;0.0;"manter; aplicar filtro de atividade conforme a pergunta do visual";"pendente; triagem automatica nao confirma preenchimento da IES"
serie de baixa atividade: >=3 anos, metade com 0 matricula e menos de 20 no total;2012;163;UNIVERSIDADE ESTÁCIO DE SÁ;98272;REDES DE COMPUTADORES;Presencial;Tecnológico;0612R01;Redes de computadores;CINE;CINE área geral 6 Computação/TIC;0.0;1.0;0.0;"manter; aplicar filtro de atividade conforme a pergunta do visual";"pendente; triagem automatica nao confirma preenchimento da IES"
serie de baixa atividade: >=3 anos, metade com 0 matricula e menos de 20 no total;2013;163;UNIVERSIDADE ESTÁCIO DE SÁ;98272;REDES DE COMPUTADORES;Presencial;Tecnológico;0612R01;Redes de computadores;CINE;CINE área geral 6 Computação/TIC;0.0;0.0;0.0;"manter; aplicar filtro de atividade conforme a pergunta do visual";"pendente; triagem automatica nao confirma preenchimento da IES"
serie de baixa atividade: >=3 anos, metade com 0 matricula e menos de 20 no total;2019;1680;Faculdade Unirb - Mossoró;1405240;JOGOS DIGITAIS;Presencial;Tecnológico;0613J01;Jogos digitais;CINE Brasil;CINE Brasil área geral 6 Computação/TIC;2.0;2.0;0.0;"manter; aplicar filtro de atividade conforme a pergunta do visual";"pendente; triagem automatica nao confirma preenchimento da IES"
serie de baixa atividade: >=3 anos, metade com 0 matricula e menos de 20 no total;2020;1680;Faculdade Unirb - Mossoró;1405240;JOGOS DIGITAIS;Presencial;Tecnológico;0613J01;Jogos digitais;CINE;CINE área geral 6 Computação/TIC;2.0;1.0;0.0;"manter; aplicar filtro de atividade conforme a pergunta do visual";"pendente; triagem automatica nao confirma preenchimento da IES"
serie de baixa atividade: >=3 anos, metade com 0 matricula e menos de 20 no total;2021;1680;Faculdade Unirb - Mossoró;1405240;Jogos Digitais;Presencial;Tecnológico;0613J01;Jogos digitais;CINE;CINE área geral 6 Computação/TIC;0.0;0.0;0.0;"manter; aplicar filtro de atividade conforme a pergunta do visual";"pendente; triagem automatica nao confirma preenchimento da IES"
serie de baixa atividade: >=3 anos, metade com 0 matricula e menos de 20 no total;2022;1680;Faculdade Unirb - Mossoró;1405240;Jogos Digitais;Presencial;Tecnológico;0613J01;Jogos digitais;CINE;CINE área geral 6 Computação/TIC;0.0;0.0;0.0;"manter; aplicar filtro de atividade conforme a pergunta do visual";"pendente; triagem automatica nao confirma preenchimento da IES"
serie de baixa atividade: >=3 anos, metade com 0 matricula e menos de 20 no total;2024;1680;Faculdade Unirb - Mossoró;1405240;Jogos Digitais;Presencial;Tecnológico;0681J01;Jogos digitais;CINE;CINE área geral 6 Computação/TIC;0.0;0.0;0.0;"manter; aplicar filtro de atividade conforme a pergunta do visual";"pendente; triagem automatica nao confirma preenchimento da IES"
serie de baixa atividade: >=3 anos, metade com 0 matricula e menos de 20 no total;2019;17116;Faculdade de Ciências de Goiana;1388670;GESTÃO DA TECNOLOGIA DA INFORMAÇÃO;Presencial;Tecnológico;0612G01;Gestão da tecnologia da informação;CINE Brasil;CINE Brasil área geral 6 Computação/TIC;5.0;7.0;0.0;"manter; aplicar filtro de atividade conforme a pergunta do visual";"pendente; triagem automatica nao confirma preenchimento da IES"
serie de baixa atividade: >=3 anos, metade com 0 matricula e menos de 20 no total;2020;17116;Faculdade de Ciências de Goiana;1388670;GESTÃO DA TECNOLOGIA DA INFORMAÇÃO;Presencial;Tecnológico;0612G01;Gestão da tecnologia da informação;CINE;CINE área geral 6 Computação/TIC;2.0;0.0;0.0;"manter; aplicar filtro de atividade conforme a pergunta do visual";"pendente; triagem automatica nao confirma preenchimento da IES"
serie de baixa atividade: >=3 anos, metade com 0 matricula e menos de 20 no total;2021;17116;Faculdade de Ciências de Goiana;1388670;Gestão Da Tecnologia Da Informação;Presencial;Tecnológico;0612G01;Gestão da tecnologia da informação;CINE;CINE área geral 6 Computação/TIC;0.0;0.0;0.0;"manter; aplicar filtro de atividade conforme a pergunta do visual";"pendente; triagem automatica nao confirma preenchimento da IES"
serie de baixa atividade: >=3 anos, metade com 0 matricula e menos de 20 no total;2022;17116;Faculdade de Ciências de Goiana;1388670;Gestão Da Tecnologia Da Informação;Presencial;Tecnológico;0612G01;Gestão da tecnologia da informação;CINE;CINE área geral 6 Computação/TIC;0.0;0.0;0.0;"manter; aplicar filtro de atividade conforme a pergunta do visual";"pendente; triagem automatica nao confirma preenchimento da IES"
serie de baixa atividade: >=3 anos, metade com 0 matricula e menos de 20 no total;2023;17116;Faculdade de Ciências de Goiana;1388670;Gestão Da Tecnologia Da Informação;Presencial;Tecnológico;0612G01;Gestão da tecnologia da informação;CINE;CINE área geral 6 Computação/TIC;0.0;0.0;0.0;"manter; aplicar filtro de atividade conforme a pergunta do visual";"pendente; triagem automatica nao confirma preenchimento da IES"
serie de baixa atividade: >=3 anos, metade com 0 matricula e menos de 20 no total;2024;17116;Faculdade de Ciências de Goiana;1388670;Gestão Da Tecnologia Da Informação;Presencial;Tecnológico;0612G01;Gestão da tecnologia da informação;CINE;CINE área geral 6 Computação/TIC;0.0;0.0;0.0;"manter; aplicar filtro de atividade conforme a pergunta do visual";"pendente; triagem automatica nao confirma preenchimento da IES"
serie de baixa atividade: >=3 anos, metade com 0 matricula e menos de 20 no total;2009;1741;FACULDADE DE TECNOLOGIA INTERAMERICA;47963;CURSO SUPERIOR DE TECNOLOGIA EM WEB DESIGN AREA PROFISSIONAL INFORMATICA;Presencial;Tecnológico;0615S03;Sistemas para internet;CINE;CINE área geral 6 Computação/TIC;1.0;0.0;1.0;"manter; aplicar filtro de atividade conforme a pergunta do visual";"pendente; triagem automatica nao confirma preenchimento da IES"
serie de baixa atividade: >=3 anos, metade com 0 matricula e menos de 20 no total;2010;1741;FACULDADE DE TECNOLOGIA INTERAMÉRICA;47963;WEB DESIGN;Presencial;Tecnológico;0615S03;Sistemas para internet;CINE;CINE área geral 6 Computação/TIC;1.0;0.0;1.0;"manter; aplicar filtro de atividade conforme a pergunta do visual";"pendente; triagem automatica nao confirma preenchimento da IES"
serie de baixa atividade: >=3 anos, metade com 0 matricula e menos de 20 no total;2011;1741;FACULDADE DE TECNOLOGIA INTERAMÉRICA;47963;WEB DESIGN;Presencial;Tecnológico;0615S03;Sistemas para internet;CINE;CINE área geral 6 Computação/TIC;0.0;0.0;0.0;"manter; aplicar filtro de atividade conforme a pergunta do visual";"pendente; triagem automatica nao confirma preenchimento da IES"
serie de baixa atividade: >=3 anos, metade com 0 matricula e menos de 20 no total;2012;1741;FACULDADE DE TECNOLOGIA INTERAMÉRICA;47963;WEB DESIGN;Presencial;Tecnológico;0615S03;Sistemas para internet;CINE;CINE área geral 6 Computação/TIC;0.0;0.0;0.0;"manter; aplicar filtro de atividade conforme a pergunta do visual";"pendente; triagem automatica nao confirma preenchimento da IES"
serie de baixa atividade: >=3 anos, metade com 0 matricula e menos de 20 no total;2009;1741;FACULDADE DE TECNOLOGIA INTERAMERICA;71952;CURSO SUPERIOR DE TECNOLOGIA EM DESENVOLVIMENTO DE SOFTWARE PARA COMERCIO ELETRONICO AREA PROFISSIONAL INFORMATICA;Presencial;Tecnológico;0613E01;Engenharia de software;CINE;CINE área geral 6 Computação/TIC;0.0;0.0;0.0;"manter; aplicar filtro de atividade conforme a pergunta do visual";"pendente; triagem automatica nao confirma preenchimento da IES"
serie de baixa atividade: >=3 anos, metade com 0 matricula e menos de 20 no total;2010;1741;FACULDADE DE TECNOLOGIA INTERAMÉRICA;71952;DESENVOLVIMENTO DE SOFTWARE PARA COMÉRCIO ELETRÔNICO;Presencial;Tecnológico;0613E01;Engenharia de software;CINE;CINE área geral 6 Computação/TIC;0.0;0.0;0.0;"manter; aplicar filtro de atividade conforme a pergunta do visual";"pendente; triagem automatica nao confirma preenchimento da IES"
serie de baixa atividade: >=3 anos, metade com 0 matricula e menos de 20 no total;2011;1741;FACULDADE DE TECNOLOGIA INTERAMÉRICA;71952;DESENVOLVIMENTO DE SOFTWARE PARA COMÉRCIO ELETRÔNICO;Presencial;Tecnológico;0613E01;Engenharia de software;CINE;CINE área geral 6 Computação/TIC;0.0;0.0;0.0;"manter; aplicar filtro de atividade conforme a pergunta do visual";"pendente; triagem automatica nao confirma preenchimento da IES"
serie de baixa atividade: >=3 anos, metade com 0 matricula e menos de 20 no total;2012;1741;FACULDADE DE TECNOLOGIA INTERAMÉRICA;71952;DESENVOLVIMENTO DE SOFTWARE PARA COMÉRCIO ELETRÔNICO;Presencial;Tecnológico;0613E01;Engenharia de software;CINE;CINE área geral 6 Computação/TIC;0.0;0.0;0.0;"manter; aplicar filtro de atividade conforme a pergunta do visual";"pendente; triagem automatica nao confirma preenchimento da IES"
serie de baixa atividade: >=3 anos, metade com 0 matricula e menos de 20 no total;2009;1741;FACULDADE DE TECNOLOGIA INTERAMERICA;74941;CURSO SUPERIOR DE TECNOLOGIA EM SEGURANCA DE REDES DE COMPUTADORES;Presencial;Tecnológico;0612R01;Redes de computadores;CINE;CINE área geral 6 Computação/TIC;0.0;0.0;0.0;"manter; aplicar filtro de atividade conforme a pergunta do visual";"pendente; triagem automatica nao confirma preenchimento da IES"
serie de baixa atividade: >=3 anos, metade com 0 matricula e menos de 20 no total;2010;1741;FACULDADE DE TECNOLOGIA INTERAMÉRICA;74941;REDES DE COMPUTADORES;Presencial;Tecnológico;0612R01;Redes de computadores;CINE;CINE área geral 6 Computação/TIC;0.0;0.0;0.0;"manter; aplicar filtro de atividade conforme a pergunta do visual";"pendente; triagem automatica nao confirma preenchimento da IES"
serie de baixa atividade: >=3 anos, metade com 0 matricula e menos de 20 no total;2011;1741;FACULDADE DE TECNOLOGIA INTERAMÉRICA;74941;REDES DE COMPUTADORES;Presencial;Tecnológico;0612R01;Redes de computadores;CINE;CINE área geral 6 Computação/TIC;0.0;0.0;0.0;"manter; aplicar filtro de atividade conforme a pergunta do visual";"pendente; triagem automatica nao confirma preenchimento da IES"
serie de baixa atividade: >=3 anos, metade com 0 matricula e menos de 20 no total;2012;1741;FACULDADE DE TECNOLOGIA INTERAMÉRICA;74941;REDES DE COMPUTADORES;Presencial;Tecnológico;0612R01;Redes de computadores;CINE;CINE área geral 6 Computação/TIC;0.0;0.0;0.0;"manter; aplicar filtro de atividade conforme a pergunta do visual";"pendente; triagem automatica nao confirma preenchimento da IES"
serie de baixa atividade: >=3 anos, metade com 0 matricula e menos de 20 no total;2009;1741;FACULDADE DE TECNOLOGIA INTERAMERICA;74957;CURSO SUPERIOR DE TECNOLOGIA EM DESENVOLVIMENTO DE JOGOS DE ENTRETENIMENTO;Presencial;Tecnológico;0613J01;Jogos digitais;CINE;CINE área geral 6 Computação/TIC;0.0;0.0;0.0;"manter; aplicar filtro de atividade conforme a pergunta do visual";"pendente; triagem automatica nao confirma preenchimento da IES"
serie de baixa atividade: >=3 anos, metade com 0 matricula e menos de 20 no total;2010;1741;FACULDADE DE TECNOLOGIA INTERAMÉRICA;74957;DESENVOLVIMENTO DE JOGOS DE ENTRETERIMENTO;Presencial;Tecnológico;0613J01;Jogos digitais;CINE;CINE área geral 6 Computação/TIC;0.0;0.0;0.0;"manter; aplicar filtro de atividade conforme a pergunta do visual";"pendente; triagem automatica nao confirma preenchimento da IES"
serie de baixa atividade: >=3 anos, metade com 0 matricula e menos de 20 no total;2011;1741;FACULDADE DE TECNOLOGIA INTERAMÉRICA;74957;DESENVOLVIMENTO DE JOGOS DE ENTRETERIMENTO;Presencial;Tecnológico;0613J01;Jogos digitais;CINE;CINE área geral 6 Computação/TIC;0.0;0.0;0.0;"manter; aplicar filtro de atividade conforme a pergunta do visual";"pendente; triagem automatica nao confirma preenchimento da IES"
serie de baixa atividade: >=3 anos, metade com 0 matricula e menos de 20 no total;2012;1741;FACULDADE DE TECNOLOGIA INTERAMÉRICA;74957;DESENVOLVIMENTO DE JOGOS DE ENTRETERIMENTO;Presencial;Tecnológico;0613J01;Jogos digitais;CINE;CINE área geral 6 Computação/TIC;1.0;0.0;1.0;"manter; aplicar filtro de atividade conforme a pergunta do visual";"pendente; triagem automatica nao confirma preenchimento da IES"
serie de baixa atividade: >=3 anos, metade com 0 matricula e menos de 20 no total;2009;1741;FACULDADE DE TECNOLOGIA INTERAMERICA;74965;CURSO SUPERIOR DE TECNOLOGIA EM BANCO DE DADOS;Presencial;Tecnológico;0612B01;Banco de dados;CINE;CINE área geral 6 Computação/TIC;0.0;0.0;0.0;"manter; aplicar filtro de atividade conforme a pergunta do visual";"pendente; triagem automatica nao confirma preenchimento da IES"
serie de baixa atividade: >=3 anos, metade com 0 matricula e menos de 20 no total;2010;1741;FACULDADE DE TECNOLOGIA INTERAMÉRICA;74965;BANCO DE DADOS;Presencial;Tecnológico;0612B01;Banco de dados;CINE;CINE área geral 6 Computação/TIC;0.0;0.0;0.0;"manter; aplicar filtro de atividade conforme a pergunta do visual";"pendente; triagem automatica nao confirma preenchimento da IES"
serie de baixa atividade: >=3 anos, metade com 0 matricula e menos de 20 no total;2011;1741;FACULDADE DE TECNOLOGIA INTERAMÉRICA;74965;BANCO DE DADOS;Presencial;Tecnológico;0612B01;Banco de dados;CINE;CINE área geral 6 Computação/TIC;0.0;0.0;0.0;"manter; aplicar filtro de atividade conforme a pergunta do visual";"pendente; triagem automatica nao confirma preenchimento da IES"
serie de baixa atividade: >=3 anos, metade com 0 matricula e menos de 20 no total;2012;1741;FACULDADE DE TECNOLOGIA INTERAMÉRICA;74965;BANCO DE DADOS;Presencial;Tecnológico;0612B01;Banco de dados;CINE;CINE área geral 6 Computação/TIC;1.0;0.0;1.0;"manter; aplicar filtro de atividade conforme a pergunta do visual";"pendente; triagem automatica nao confirma preenchimento da IES"
serie de baixa atividade: >=3 anos, metade com 0 matricula e menos de 20 no total;2009;1741;FACULDADE DE TECNOLOGIA INTERAMERICA;74971;CURSO SUPERIOR DE TECNOLOGIA EM ANALISE E DESENVOLVIMENTO DE SISTEMAS;Presencial;Tecnológico;0615S02;Sistemas de informação;CINE;CINE área geral 6 Computação/TIC;0.0;0.0;0.0;"manter; aplicar filtro de atividade conforme a pergunta do visual";"pendente; triagem automatica nao confirma preenchimento da IES"
serie de baixa atividade: >=3 anos, metade com 0 matricula e menos de 20 no total;2010;1741;FACULDADE DE TECNOLOGIA INTERAMÉRICA;74971;ANÁLISE E DESENVOLVIMENTO DE SISTEMAS;Presencial;Tecnológico;0615S02;Sistemas de informação;CINE;CINE área geral 6 Computação/TIC;0.0;0.0;0.0;"manter; aplicar filtro de atividade conforme a pergunta do visual";"pendente; triagem automatica nao confirma preenchimento da IES"
serie de baixa atividade: >=3 anos, metade com 0 matricula e menos de 20 no total;2011;1741;FACULDADE DE TECNOLOGIA INTERAMÉRICA;74971;ANÁLISE E DESENVOLVIMENTO DE SISTEMAS;Presencial;Tecnológico;0615S02;Sistemas de informação;CINE;CINE área geral 6 Computação/TIC;0.0;0.0;0.0;"manter; aplicar filtro de atividade conforme a pergunta do visual";"pendente; triagem automatica nao confirma preenchimento da IES"
serie de baixa atividade: >=3 anos, metade com 0 matricula e menos de 20 no total;2012;1741;FACULDADE DE TECNOLOGIA INTERAMÉRICA;74971;ANÁLISE E DESENVOLVIMENTO DE SISTEMAS;Presencial;Tecnológico;0615S02;Sistemas de informação;CINE;CINE área geral 6 Computação/TIC;0.0;0.0;0.0;"manter; aplicar filtro de atividade conforme a pergunta do visual";"pendente; triagem automatica nao confirma preenchimento da IES"
serie de baixa atividade: >=3 anos, metade com 0 matricula e menos de 20 no total;2009;1741;FACULDADE DE TECNOLOGIA INTERAMERICA;74976;CURSO SUPERIOR DE TECNOLOGIA EM PRODUCAO DE SOFTWARE;Presencial;Tecnológico;0613E01;Engenharia de software;CINE;CINE área geral 6 Computação/TIC;0.0;0.0;0.0;"manter; aplicar filtro de atividade conforme a pergunta do visual";"pendente; triagem automatica nao confirma preenchimento da IES"
serie de baixa atividade: >=3 anos, metade com 0 matricula e menos de 20 no total;2010;1741;FACULDADE DE TECNOLOGIA INTERAMÉRICA;74976;PRODUÇÃO DE SOFTWARE;Presencial;Tecnológico;0613E01;Engenharia de software;CINE;CINE área geral 6 Computação/TIC;0.0;0.0;0.0;"manter; aplicar filtro de atividade conforme a pergunta do visual";"pendente; triagem automatica nao confirma preenchimento da IES"
serie de baixa atividade: >=3 anos, metade com 0 matricula e menos de 20 no total;2011;1741;FACULDADE DE TECNOLOGIA INTERAMÉRICA;74976;PRODUÇÃO DE SOFTWARE;Presencial;Tecnológico;0613E01;Engenharia de software;CINE;CINE área geral 6 Computação/TIC;0.0;0.0;0.0;"manter; aplicar filtro de atividade conforme a pergunta do visual";"pendente; triagem automatica nao confirma preenchimento da IES"
serie de baixa atividade: >=3 anos, metade com 0 matricula e menos de 20 no total;2012;1741;FACULDADE DE TECNOLOGIA INTERAMÉRICA;74976;PRODUÇÃO DE SOFTWARE;Presencial;Tecnológico;0613E01;Engenharia de software;CINE;CINE área geral 6 Computação/TIC;1.0;0.0;1.0;"manter; aplicar filtro de atividade conforme a pergunta do visual";"pendente; triagem automatica nao confirma preenchimento da IES"
serie de baixa atividade: >=3 anos, metade com 0 matricula e menos de 20 no total;2009;1741;FACULDADE DE TECNOLOGIA INTERAMERICA;74978;CURSO SUPERIOR DE TECNOLOGIA EM PROCESSAMENTO DE DADOS;Presencial;Tecnológico;0615S02;Sistemas de informação;CINE;CINE área geral 6 Computação/TIC;0.0;0.0;0.0;"manter; aplicar filtro de atividade conforme a pergunta do visual";"pendente; triagem automatica nao confirma preenchimento da IES"
serie de baixa atividade: >=3 anos, metade com 0 matricula e menos de 20 no total;2010;1741;FACULDADE DE TECNOLOGIA INTERAMÉRICA;74978;PROCESSAMENTO DE DADOS;Presencial;Tecnológico;0615S02;Sistemas de informação;CINE;CINE área geral 6 Computação/TIC;0.0;0.0;0.0;"manter; aplicar filtro de atividade conforme a pergunta do visual";"pendente; triagem automatica nao confirma preenchimento da IES"
serie de baixa atividade: >=3 anos, metade com 0 matricula e menos de 20 no total;2011;1741;FACULDADE DE TECNOLOGIA INTERAMÉRICA;74978;PROCESSAMENTO DE DADOS;Presencial;Tecnológico;0615S02;Sistemas de informação;CINE;CINE área geral 6 Computação/TIC;0.0;0.0;0.0;"manter; aplicar filtro de atividade conforme a pergunta do visual";"pendente; triagem automatica nao confirma preenchimento da IES"
serie de baixa atividade: >=3 anos, metade com 0 matricula e menos de 20 no total;2012;1741;FACULDADE DE TECNOLOGIA INTERAMÉRICA;74978;PROCESSAMENTO DE DADOS;Presencial;Tecnológico;0615S02;Sistemas de informação;CINE;CINE área geral 6 Computação/TIC;1.0;0.0;1.0;"manter; aplicar filtro de atividade conforme a pergunta do visual";"pendente; triagem automatica nao confirma preenchimento da IES"
serie de baixa atividade: >=3 anos, metade com 0 matricula e menos de 20 no total;2016;176;UNIVERSIDADE CASTELO BRANCO;1349737;BANCO DE DADOS;Presencial;Tecnológico;0612B01;Banco de dados;CINE;CINE área geral 6 Computação/TIC;6.0;7.0;0.0;"manter; aplicar filtro de atividade conforme a pergunta do visual";"pendente; triagem automatica nao confirma preenchimento da IES"
serie de baixa atividade: >=3 anos, metade com 0 matricula e menos de 20 no total;2017;176;UNIVERSIDADE CASTELO BRANCO;1349737;BANCO DE DADOS;Presencial;Tecnológico;481B01;Banco de dados;OCDE;OCDE área específica 48 Computação;7.0;4.0;0.0;"manter; aplicar filtro de atividade conforme a pergunta do visual";"pendente; triagem automatica nao confirma preenchimento da IES"
serie de baixa atividade: >=3 anos, metade com 0 matricula e menos de 20 no total;2018;176;UNIVERSIDADE CASTELO BRANCO;1349737;BANCO DE DADOS;Presencial;Tecnológico;0612B01;Banco de dados;CINE Brasil;CINE Brasil área geral 6 Computação/TIC;0.0;0.0;0.0;"manter; aplicar filtro de atividade conforme a pergunta do visual";"pendente; triagem automatica nao confirma preenchimento da IES"
serie de baixa atividade: >=3 anos, metade com 0 matricula e menos de 20 no total;2019;176;UNIVERSIDADE CASTELO BRANCO;1349737;BANCO DE DADOS;Presencial;Tecnológico;0612B01;Banco de dados;CINE Brasil;CINE Brasil área geral 6 Computação/TIC;0.0;0.0;0.0;"manter; aplicar filtro de atividade conforme a pergunta do visual";"pendente; triagem automatica nao confirma preenchimento da IES"
serie de baixa atividade: >=3 anos, metade com 0 matricula e menos de 20 no total;2020;176;UNIVERSIDADE CASTELO BRANCO;1349737;BANCO DE DADOS;Presencial;Tecnológico;0612B01;Banco de dados;CINE;CINE área geral 6 Computação/TIC;0.0;0.0;0.0;"manter; aplicar filtro de atividade conforme a pergunta do visual";"pendente; triagem automatica nao confirma preenchimento da IES"
serie de baixa atividade: >=3 anos, metade com 0 matricula e menos de 20 no total;2014;1790;FACULDADE DO SUL DA BAHIA;72607;ANÁLISE E DESENVOLVIMENTO DE SISTEMAS;Presencial;Tecnológico;0615S02;Sistemas de informação;CINE;CINE área geral 6 Computação/TIC;1.0;0.0;1.0;"manter; aplicar filtro de atividade conforme a pergunta do visual";"pendente; triagem automatica nao confirma preenchimento da IES"
serie de baixa atividade: >=3 anos, metade com 0 matricula e menos de 20 no total;2015;1790;FACULDADE DO SUL DA BAHIA;72607;ANÁLISE E DESENVOLVIMENTO DE SISTEMAS;Presencial;Tecnológico;0615S02;Sistemas de informação;CINE;CINE área geral 6 Computação/TIC;0.0;0.0;0.0;"manter; aplicar filtro de atividade conforme a pergunta do visual";"pendente; triagem automatica nao confirma preenchimento da IES"
serie de baixa atividade: >=3 anos, metade com 0 matricula e menos de 20 no total;2016;1790;FACULDADE DO SUL DA BAHIA;72607;ANÁLISE E DESENVOLVIMENTO DE SISTEMAS;Presencial;Tecnológico;0615S02;Sistemas de informação;CINE;CINE área geral 6 Computação/TIC;0.0;0.0;0.0;"manter; aplicar filtro de atividade conforme a pergunta do visual";"pendente; triagem automatica nao confirma preenchimento da IES"
serie de baixa atividade: >=3 anos, metade com 0 matricula e menos de 20 no total;2017;1790;FACULDADE DO SUL DA BAHIA;72607;ANÁLISE E DESENVOLVIMENTO DE SISTEMAS;Presencial;Tecnológico;483A02;Análise e Desenvolvimento de Sistemas (Tecnólogo);OCDE;OCDE área específica 48 Computação;0.0;0.0;0.0;"manter; aplicar filtro de atividade conforme a pergunta do visual";"pendente; triagem automatica nao confirma preenchimento da IES"
serie de baixa atividade: >=3 anos, metade com 0 matricula e menos de 20 no total;2017;1805;CENTRO UNIVERSITÁRIO DOS GUARARAPES;1322385;ENGENHARIA DE COMPUTAÇÃO;Presencial;Bacharelado;523E04;Engenharia de computação;OCDE;OCDE proxy 5.23E+06 Engenharia/Computação;12.0;25.0;0.0;"manter; aplicar filtro de atividade conforme a pergunta do visual";"pendente; triagem automatica nao confirma preenchimento da IES"
serie de baixa atividade: >=3 anos, metade com 0 matricula e menos de 20 no total;2018;1805;CENTRO UNIVERSITÁRIO DOS GUARARAPES;1322385;ENGENHARIA DE COMPUTAÇÃO;Presencial;Bacharelado;0714E04;Engenharia de computação (DCN Engenharia);CINE Brasil;CINE Brasil rótulo 0714E04 Engenharia de Computação;0.0;13.0;0.0;"manter; aplicar filtro de atividade conforme a pergunta do visual";"pendente; triagem automatica nao confirma preenchimento da IES"
serie de baixa atividade: >=3 anos, metade com 0 matricula e menos de 20 no total;2019;1805;CENTRO UNIVERSITÁRIO DOS GUARARAPES;1322385;ENGENHARIA DE COMPUTAÇÃO;Presencial;Bacharelado;0714E04;Engenharia de computação (DCN Engenharia);CINE Brasil;CINE Brasil rótulo 0714E04 Engenharia de Computação;0.0;0.0;0.0;"manter; aplicar filtro de atividade conforme a pergunta do visual";"pendente; triagem automatica nao confirma preenchimento da IES"
serie de baixa atividade: >=3 anos, metade com 0 matricula e menos de 20 no total;2009;20;UNIVERSIDADE DE PASSO FUNDO;50825;CURSO SUPERIOR DE TECNOLOGIA EM SISTEMAS DE INFORMACAO AREA PROFISSIONAL INFORMATICA;Presencial;Tecnológico;0615S02;Sistemas de informação;CINE;CINE área geral 6 Computação/TIC;3.0;0.0;1.0;"manter; aplicar filtro de atividade conforme a pergunta do visual";"pendente; triagem automatica nao confirma preenchimento da IES"
serie de baixa atividade: >=3 anos, metade com 0 matricula e menos de 20 no total;2010;20;UNIVERSIDADE DE PASSO FUNDO;50825;SISTEMA DE INFORMAÇÃO;Presencial;Tecnológico;0615S02;Sistemas de informação;CINE;CINE área geral 6 Computação/TIC;0.0;0.0;0.0;"manter; aplicar filtro de atividade conforme a pergunta do visual";"pendente; triagem automatica nao confirma preenchimento da IES"
serie de baixa atividade: >=3 anos, metade com 0 matricula e menos de 20 no total;2011;20;UNIVERSIDADE DE PASSO FUNDO;50825;SISTEMA DE INFORMAÇÃO;Presencial;Tecnológico;0615S02;Sistemas de informação;CINE;CINE área geral 6 Computação/TIC;0.0;0.0;0.0;"manter; aplicar filtro de atividade conforme a pergunta do visual";"pendente; triagem automatica nao confirma preenchimento da IES"
serie de baixa atividade: >=3 anos, metade com 0 matricula e menos de 20 no total;2012;20;UNIVERSIDADE DE PASSO FUNDO;50825;SISTEMA DE INFORMAÇÃO;Presencial;Tecnológico;0615S02;Sistemas de informação;CINE;CINE área geral 6 Computação/TIC;0.0;0.0;0.0;"manter; aplicar filtro de atividade conforme a pergunta do visual";"pendente; triagem automatica nao confirma preenchimento da IES"
serie de baixa atividade: >=3 anos, metade com 0 matricula e menos de 20 no total;2009;20;UNIVERSIDADE DE PASSO FUNDO;70375;CURSO SUPERIOR DE TECNOLOGIA EM SISTEMAS DE INFORMACAO AREA PROFISSIONAL INFORMATICA;Presencial;Tecnológico;0615S02;Sistemas de informação;CINE;CINE área geral 6 Computação/TIC;4.0;0.0;2.0;"manter; aplicar filtro de atividade conforme a pergunta do visual";"pendente; triagem automatica nao confirma preenchimento da IES"
serie de baixa atividade: >=3 anos, metade com 0 matricula e menos de 20 no total;2010;20;UNIVERSIDADE DE PASSO FUNDO;70375;SISTEMA DE INFORMAÇÃO;Presencial;Tecnológico;0615S02;Sistemas de informação;CINE;CINE área geral 6 Computação/TIC;1.0;0.0;0.0;"manter; aplicar filtro de atividade conforme a pergunta do visual";"pendente; triagem automatica nao confirma preenchimento da IES"
serie de baixa atividade: >=3 anos, metade com 0 matricula e menos de 20 no total;2011;20;UNIVERSIDADE DE PASSO FUNDO;70375;SISTEMA DE INFORMAÇÃO;Presencial;Tecnológico;0615S02;Sistemas de informação;CINE;CINE área geral 6 Computação/TIC;0.0;0.0;0.0;"manter; aplicar filtro de atividade conforme a pergunta do visual";"pendente; triagem automatica nao confirma preenchimento da IES"
serie de baixa atividade: >=3 anos, metade com 0 matricula e menos de 20 no total;2012;20;UNIVERSIDADE DE PASSO FUNDO;70375;SISTEMA DE INFORMAÇÃO;Presencial;Tecnológico;0615S02;Sistemas de informação;CINE;CINE área geral 6 Computação/TIC;0.0;0.0;0.0;"manter; aplicar filtro de atividade conforme a pergunta do visual";"pendente; triagem automatica nao confirma preenchimento da IES"
serie de baixa atividade: >=3 anos, metade com 0 matricula e menos de 20 no total;2009;2037;FACULDADE UNIME DE CIENCIAS EXATAS E TECNOLOGICAS;119614;CST em Sistemas para Internet;Presencial;Tecnológico;0615S03;Sistemas para internet;CINE;CINE área geral 6 Computação/TIC;10.0;14.0;0.0;"manter; aplicar filtro de atividade conforme a pergunta do visual";"pendente; triagem automatica nao confirma preenchimento da IES"
serie de baixa atividade: >=3 anos, metade com 0 matricula e menos de 20 no total;2010;2037;FACULDADE UNIME DE CIÊNCIAS EXATAS E TECNOLÓGICAS;119614;SISTEMAS PARA INTERNET;Presencial;Tecnológico;0615S03;Sistemas para internet;CINE;CINE área geral 6 Computação/TIC;7.0;0.0;0.0;"manter; aplicar filtro de atividade conforme a pergunta do visual";"pendente; triagem automatica nao confirma preenchimento da IES"
serie de baixa atividade: >=3 anos, metade com 0 matricula e menos de 20 no total;2016;2037;FACULDADE UNIME DE CIÊNCIAS EXATAS E TECNOLÓGICAS;119614;SISTEMAS PARA INTERNET;Presencial;Tecnológico;0615S03;Sistemas para internet;CINE;CINE área geral 6 Computação/TIC;0.0;0.0;0.0;"manter; aplicar filtro de atividade conforme a pergunta do visual";"pendente; triagem automatica nao confirma preenchimento da IES"
serie de baixa atividade: >=3 anos, metade com 0 matricula e menos de 20 no total;2017;2037;FACULDADE UNIME DE CIÊNCIAS EXATAS E TECNOLÓGICAS;119614;SISTEMAS PARA INTERNET;Presencial;Tecnológico;482U01;Uso da internet;OCDE;OCDE área específica 48 Computação;0.0;0.0;0.0;"manter; aplicar filtro de atividade conforme a pergunta do visual";"pendente; triagem automatica nao confirma preenchimento da IES"
serie de baixa atividade: >=3 anos, metade com 0 matricula e menos de 20 no total;2018;2076;Centro Universitário Regional do Brasil;1438207;ENGENHARIA DE SOFTWARE;Presencial;Bacharelado;0613E01;Engenharia de software;CINE Brasil;CINE Brasil área geral 6 Computação/TIC;2.0;2.0;0.0;"manter; aplicar filtro de atividade conforme a pergunta do visual";"pendente; triagem automatica nao confirma preenchimento da IES"
serie de baixa atividade: >=3 anos, metade com 0 matricula e menos de 20 no total;2019;2076;CENTRO UNIVERSITÁRIO UNIRB;1438207;ENGENHARIA DE SOFTWARE;Presencial;Bacharelado;0613E01;Engenharia de software;CINE Brasil;CINE Brasil área geral 6 Computação/TIC;0.0;0.0;0.0;"manter; aplicar filtro de atividade conforme a pergunta do visual";"pendente; triagem automatica nao confirma preenchimento da IES"
serie de baixa atividade: >=3 anos, metade com 0 matricula e menos de 20 no total;2020;2076;CENTRO UNIVERSITÁRIO UNIRB;1438207;ENGENHARIA DE SOFTWARE;Presencial;Bacharelado;0613E01;Engenharia de software;CINE;CINE área geral 6 Computação/TIC;0.0;0.0;0.0;"manter; aplicar filtro de atividade conforme a pergunta do visual";"pendente; triagem automatica nao confirma preenchimento da IES"
serie de baixa atividade: >=3 anos, metade com 0 matricula e menos de 20 no total;2023;2076;CENTRO UNIVERSITÁRIO UNIRB;1438207;Engenharia De Software;Presencial;Bacharelado;0613E01;Engenharia de software;CINE;CINE área geral 6 Computação/TIC;1.0;1.0;0.0;"manter; aplicar filtro de atividade conforme a pergunta do visual";"pendente; triagem automatica nao confirma preenchimento da IES"
serie de baixa atividade: >=3 anos, metade com 0 matricula e menos de 20 no total;2024;2076;CENTRO UNIVERSITÁRIO UNIRB;1438207;Engenharia De Software;Presencial;Bacharelado;0613E01;Engenharia de software;CINE;CINE área geral 6 Computação/TIC;0.0;0.0;0.0;"manter; aplicar filtro de atividade conforme a pergunta do visual";"pendente; triagem automatica nao confirma preenchimento da IES"
serie de baixa atividade: >=3 anos, metade com 0 matricula e menos de 20 no total;2018;2149;FACULDADE MATO GROSSO DO SUL;110140;GESTÃO DA TECNOLOGIA DA INFORMAÇÃO;Presencial;Tecnológico;0612G01;Gestão da tecnologia da informação;CINE Brasil;CINE Brasil área geral 6 Computação/TIC;0.0;1.0;0.0;"manter; aplicar filtro de atividade conforme a pergunta do visual";"pendente; triagem automatica nao confirma preenchimento da IES"
serie de baixa atividade: >=3 anos, metade com 0 matricula e menos de 20 no total;2019;2149;FACULDADE MATO GROSSO DO SUL;110140;GESTÃO DA TECNOLOGIA DA INFORMAÇÃO;Presencial;Tecnológico;0612G01;Gestão da tecnologia da informação;CINE Brasil;CINE Brasil área geral 6 Computação/TIC;0.0;1.0;0.0;"manter; aplicar filtro de atividade conforme a pergunta do visual";"pendente; triagem automatica nao confirma preenchimento da IES"
serie de baixa atividade: >=3 anos, metade com 0 matricula e menos de 20 no total;2020;2149;FACULDADE MATO GROSSO DO SUL;110140;GESTÃO DA TECNOLOGIA DA INFORMAÇÃO;Presencial;Tecnológico;0612G01;Gestão da tecnologia da informação;CINE;CINE área geral 6 Computação/TIC;0.0;0.0;0.0;"manter; aplicar filtro de atividade conforme a pergunta do visual";"pendente; triagem automatica nao confirma preenchimento da IES"
serie de baixa atividade: >=3 anos, metade com 0 matricula e menos de 20 no total;2021;221;UNIVERSIDADE CRUZEIRO DO SUL;1562436;Sistemas De Informação;Presencial;Bacharelado;0615S02;Sistemas de informação;CINE;CINE área geral 6 Computação/TIC;19.0;22.0;0.0;"manter; aplicar filtro de atividade conforme a pergunta do visual";"pendente; triagem automatica nao confirma preenchimento da IES"
serie de baixa atividade: >=3 anos, metade com 0 matricula e menos de 20 no total;2022;221;UNIVERSIDADE CRUZEIRO DO SUL;1562436;Sistemas De Informação;Presencial;Bacharelado;0615S02;Sistemas de informação;CINE;CINE área geral 6 Computação/TIC;0.0;1.0;0.0;"manter; aplicar filtro de atividade conforme a pergunta do visual";"pendente; triagem automatica nao confirma preenchimento da IES"
serie de baixa atividade: >=3 anos, metade com 0 matricula e menos de 20 no total;2023;221;UNIVERSIDADE CRUZEIRO DO SUL;1562436;Sistemas De Informação;Presencial;Bacharelado;0615S02;Sistemas de informação;CINE;CINE área geral 6 Computação/TIC;0.0;0.0;0.0;"manter; aplicar filtro de atividade conforme a pergunta do visual";"pendente; triagem automatica nao confirma preenchimento da IES"
serie de baixa atividade: >=3 anos, metade com 0 matricula e menos de 20 no total;2017;2240;FACULDADE DE FORTALEZA;98762;CIÊNCIA DA COMPUTAÇÃO;Presencial;Bacharelado;481C01;Ciência da computação;OCDE;OCDE área específica 48 Computação;0.0;16.0;0.0;"manter; aplicar filtro de atividade conforme a pergunta do visual";"pendente; triagem automatica nao confirma preenchimento da IES"
serie de baixa atividade: >=3 anos, metade com 0 matricula e menos de 20 no total;2018;2240;FACULDADE DE FORTALEZA;98762;CIÊNCIA DA COMPUTAÇÃO;Presencial;Bacharelado;0614C01;Ciência da computação;CINE Brasil;CINE Brasil área geral 6 Computação/TIC;1.0;14.0;0.0;"manter; aplicar filtro de atividade conforme a pergunta do visual";"pendente; triagem automatica nao confirma preenchimento da IES"
serie de baixa atividade: >=3 anos, metade com 0 matricula e menos de 20 no total;2019;2240;FACULDADE DE FORTALEZA;98762;CIÊNCIA DA COMPUTAÇÃO;Presencial;Bacharelado;0614C01;Ciência da computação;CINE Brasil;CINE Brasil área geral 6 Computação/TIC;1.0;8.0;0.0;"manter; aplicar filtro de atividade conforme a pergunta do visual";"pendente; triagem automatica nao confirma preenchimento da IES"
serie de baixa atividade: >=3 anos, metade com 0 matricula e menos de 20 no total;2020;2240;FACULDADE DE FORTALEZA;98762;CIÊNCIA DA COMPUTAÇÃO;Presencial;Bacharelado;0614C01;Ciência da computação;CINE;CINE área geral 6 Computação/TIC;0.0;0.0;0.0;"manter; aplicar filtro de atividade conforme a pergunta do visual";"pendente; triagem automatica nao confirma preenchimento da IES"
serie de baixa atividade: >=3 anos, metade com 0 matricula e menos de 20 no total;2022;2336;CENTRO UNIVERSITÁRIO BRASÍLIA DO ESTADO DE GOIÁS;1613775;Análise E Desenvolvimento De Sistemas;EaD;Tecnológico;0615S02;Sistemas de informação;CINE;CINE área geral 6 Computação/TIC;5.0;17.0;0.0;"manter; aplicar filtro de atividade conforme a pergunta do visual";"pendente; triagem automatica nao confirma preenchimento da IES"
serie de baixa atividade: >=3 anos, metade com 0 matricula e menos de 20 no total;2023;2336;CENTRO UNIVERSITÁRIO BRASÍLIA DO ESTADO DE GOIÁS;1613775;Análise E Desenvolvimento De Sistemas;EaD;Tecnológico;0615S02;Sistemas de informação;CINE;CINE área geral 6 Computação/TIC;0.0;0.0;0.0;"manter; aplicar filtro de atividade conforme a pergunta do visual";"pendente; triagem automatica nao confirma preenchimento da IES"
serie de baixa atividade: >=3 anos, metade com 0 matricula e menos de 20 no total;2024;2336;CENTRO UNIVERSITÁRIO UNIBRAS MONTES BELOS;1613775;Análise E Desenvolvimento De Sistemas;EaD;Tecnológico;0613S01;Sistemas de informação;CINE;CINE área geral 6 Computação/TIC;0.0;5.0;0.0;"manter; aplicar filtro de atividade conforme a pergunta do visual";"pendente; triagem automatica nao confirma preenchimento da IES"
serie de baixa atividade: >=3 anos, metade com 0 matricula e menos de 20 no total;2019;244;CENTRO UNIVERSITÁRIO FIEO;1517265;REDES DE COMPUTADORES;EaD;Tecnológico;0612R01;Redes de computadores;CINE Brasil;CINE Brasil área geral 6 Computação/TIC;2.0;2.0;0.0;"manter; aplicar filtro de atividade conforme a pergunta do visual";"pendente; triagem automatica nao confirma preenchimento da IES"
serie de baixa atividade: >=3 anos, metade com 0 matricula e menos de 20 no total;2020;244;CENTRO UNIVERSITÁRIO FIEO;1517265;REDES DE COMPUTADORES;EaD;Tecnológico;0612R01;Redes de computadores;CINE;CINE área geral 6 Computação/TIC;0.0;0.0;0.0;"manter; aplicar filtro de atividade conforme a pergunta do visual";"pendente; triagem automatica nao confirma preenchimento da IES"
serie de baixa atividade: >=3 anos, metade com 0 matricula e menos de 20 no total;2023;244;CENTRO UNIVERSITÁRIO FIEO;1517265;Redes De Computadores;EaD;Tecnológico;0612R01;Redes de computadores;CINE;CINE área geral 6 Computação/TIC;0.0;2.0;0.0;"manter; aplicar filtro de atividade conforme a pergunta do visual";"pendente; triagem automatica nao confirma preenchimento da IES"
serie de baixa atividade: >=3 anos, metade com 0 matricula e menos de 20 no total;2024;244;CENTRO UNIVERSITÁRIO FIEO;1517265;Redes De Computadores;EaD;Tecnológico;0612R01;Redes de computadores;CINE;CINE área geral 6 Computação/TIC;0.0;0.0;0.0;"manter; aplicar filtro de atividade conforme a pergunta do visual";"pendente; triagem automatica nao confirma preenchimento da IES"
serie de baixa atividade: >=3 anos, metade com 0 matricula e menos de 20 no total;2009;2575;FACULDADES INTEGRADAS SOARES DE OLIVEIRA;4370;CURSO SUPERIOR DE TECNOLOGIA EM PROCESSAMENTO DE DADOS;Presencial;Tecnológico;0615S03;Sistemas para internet;CINE;CINE área geral 6 Computação/TIC;7.0;0.0;0.0;"manter; aplicar filtro de atividade conforme a pergunta do visual";"pendente; triagem automatica nao confirma preenchimento da IES"
serie de baixa atividade: >=3 anos, metade com 0 matricula e menos de 20 no total;2010;2575;FACULDADES INTEGRADAS SOARES DE OLIVEIRA;4370;SISTEMAS PARA INTERNET;Presencial;Tecnológico;0615S03;Sistemas para internet;CINE;CINE área geral 6 Computação/TIC;6.0;0.0;6.0;"manter; aplicar filtro de atividade conforme a pergunta do visual";"pendente; triagem automatica nao confirma preenchimento da IES"
serie de baixa atividade: >=3 anos, metade com 0 matricula e menos de 20 no total;2011;2575;FACULDADES INTEGRADAS SOARES DE OLIVEIRA;4370;SISTEMAS PARA INTERNET;Presencial;Tecnológico;0615S03;Sistemas para internet;CINE;CINE área geral 6 Computação/TIC;0.0;0.0;0.0;"manter; aplicar filtro de atividade conforme a pergunta do visual";"pendente; triagem automatica nao confirma preenchimento da IES"
serie de baixa atividade: >=3 anos, metade com 0 matricula e menos de 20 no total;2012;2575;FACULDADES INTEGRADAS SOARES DE OLIVEIRA;4370;SISTEMAS PARA INTERNET;Presencial;Tecnológico;0615S03;Sistemas para internet;CINE;CINE área geral 6 Computação/TIC;0.0;0.0;0.0;"manter; aplicar filtro de atividade conforme a pergunta do visual";"pendente; triagem automatica nao confirma preenchimento da IES"
serie de baixa atividade: >=3 anos, metade com 0 matricula e menos de 20 no total;2013;2575;FACULDADES INTEGRADAS SOARES DE OLIVEIRA;4370;SISTEMAS PARA INTERNET;Presencial;Tecnológico;0615S03;Sistemas para internet;CINE;CINE área geral 6 Computação/TIC;0.0;0.0;0.0;"manter; aplicar filtro de atividade conforme a pergunta do visual";"pendente; triagem automatica nao confirma preenchimento da IES"
serie de baixa atividade: >=3 anos, metade com 0 matricula e menos de 20 no total;2009;275;UNIVERSIDADE DO VALE DO PARAIBA;71911;CIENCIA DA COMPUTACAO;Presencial;Bacharelado;0614C01;Ciência da computação;CINE;CINE área geral 6 Computação/TIC;8.0;0.0;0.0;"manter; aplicar filtro de atividade conforme a pergunta do visual";"pendente; triagem automatica nao confirma preenchimento da IES"
serie de baixa atividade: >=3 anos, metade com 0 matricula e menos de 20 no total;2010;275;UNIVERSIDADE DO VALE DO PARAÍBA;71911;CIÊNCIA DA COMPUTAÇÃO;Presencial;Bacharelado;0614C01;Ciência da computação;CINE;CINE área geral 6 Computação/TIC;7.0;0.0;5.0;"manter; aplicar filtro de atividade conforme a pergunta do visual";"pendente; triagem automatica nao confirma preenchimento da IES"
serie de baixa atividade: >=3 anos, metade com 0 matricula e menos de 20 no total;2011;275;UNIVERSIDADE DO VALE DO PARAÍBA;71911;CIÊNCIA DA COMPUTAÇÃO;Presencial;Bacharelado;0614C01;Ciência da computação;CINE;CINE área geral 6 Computação/TIC;0.0;0.0;0.0;"manter; aplicar filtro de atividade conforme a pergunta do visual";"pendente; triagem automatica nao confirma preenchimento da IES"
serie de baixa atividade: >=3 anos, metade com 0 matricula e menos de 20 no total;2012;275;UNIVERSIDADE DO VALE DO PARAÍBA;71911;CIÊNCIA DA COMPUTAÇÃO;Presencial;Bacharelado;0614C01;Ciência da computação;CINE;CINE área geral 6 Computação/TIC;0.0;0.0;0.0;"manter; aplicar filtro de atividade conforme a pergunta do visual";"pendente; triagem automatica nao confirma preenchimento da IES"
serie de baixa atividade: >=3 anos, metade com 0 matricula e menos de 20 no total;2022;30;Professor Edson Antônio Velano;1614404;Sistemas Para Internet;EaD;Tecnológico;0615S03;Sistemas para internet;CINE;CINE área geral 6 Computação/TIC;1.0;2.0;0.0;"manter; aplicar filtro de atividade conforme a pergunta do visual";"pendente; triagem automatica nao confirma preenchimento da IES"
serie de baixa atividade: >=3 anos, metade com 0 matricula e menos de 20 no total;2023;30;UNIVERSIDADE PROFESSOR EDSON ANTÔNIO VELANO;1614404;Sistemas Para Internet;EaD;Tecnológico;0615S03;Sistemas para internet;CINE;CINE área geral 6 Computação/TIC;0.0;2.0;0.0;"manter; aplicar filtro de atividade conforme a pergunta do visual";"pendente; triagem automatica nao confirma preenchimento da IES"
serie de baixa atividade: >=3 anos, metade com 0 matricula e menos de 20 no total;2024;30;UNIVERSIDADE PROFESSOR EDSON ANTÔNIO VELANO;1614404;Sistemas Para Internet;EaD;Tecnológico;0613S02;Sistemas para internet;CINE;CINE área geral 6 Computação/TIC;0.0;1.0;0.0;"manter; aplicar filtro de atividade conforme a pergunta do visual";"pendente; triagem automatica nao confirma preenchimento da IES"
serie de baixa atividade: >=3 anos, metade com 0 matricula e menos de 20 no total;2018;3303;Faculdade Invest de Ciências e Tecnologia;1284999;REDES DE COMPUTADORES;Presencial;Tecnológico;0612R01;Redes de computadores;CINE Brasil;CINE Brasil área geral 6 Computação/TIC;0.0;0.0;0.0;"manter; aplicar filtro de atividade conforme a pergunta do visual";"pendente; triagem automatica nao confirma preenchimento da IES"
serie de baixa atividade: >=3 anos, metade com 0 matricula e menos de 20 no total;2020;3303;Faculdade Invest de Ciências e Tecnologia;1284999;REDES DE COMPUTADORES;Presencial;Tecnológico;0612R01;Redes de computadores;CINE;CINE área geral 6 Computação/TIC;8.0;8.0;0.0;"manter; aplicar filtro de atividade conforme a pergunta do visual";"pendente; triagem automatica nao confirma preenchimento da IES"
serie de baixa atividade: >=3 anos, metade com 0 matricula e menos de 20 no total;2021;3303;Faculdade Invest de Ciências e Tecnologia;1284999;Redes De Computadores;Presencial;Tecnológico;0612R01;Redes de computadores;CINE;CINE área geral 6 Computação/TIC;0.0;0.0;0.0;"manter; aplicar filtro de atividade conforme a pergunta do visual";"pendente; triagem automatica nao confirma preenchimento da IES"
serie de baixa atividade: >=3 anos, metade com 0 matricula e menos de 20 no total;2018;3333;CENTRO UNIVERSITÁRIO UNIFTEC;1427703;ENGENHARIA DE SOFTWARE;Presencial;Bacharelado;0613E01;Engenharia de software;CINE Brasil;CINE Brasil área geral 6 Computação/TIC;1.0;3.0;0.0;"manter; aplicar filtro de atividade conforme a pergunta do visual";"pendente; triagem automatica nao confirma preenchimento da IES"
serie de baixa atividade: >=3 anos, metade com 0 matricula e menos de 20 no total;2019;3333;CENTRO UNIVERSITÁRIO UNIFTEC;1427703;ENGENHARIA DE SOFTWARE;Presencial;Bacharelado;0613E01;Engenharia de software;CINE Brasil;CINE Brasil área geral 6 Computação/TIC;0.0;0.0;0.0;"manter; aplicar filtro de atividade conforme a pergunta do visual";"pendente; triagem automatica nao confirma preenchimento da IES"
serie de baixa atividade: >=3 anos, metade com 0 matricula e menos de 20 no total;2020;3333;CENTRO UNIVERSITÁRIO UNIFTEC;1427703;ENGENHARIA DE SOFTWARE;Presencial;Bacharelado;0613E01;Engenharia de software;CINE;CINE área geral 6 Computação/TIC;0.0;0.0;0.0;"manter; aplicar filtro de atividade conforme a pergunta do visual";"pendente; triagem automatica nao confirma preenchimento da IES"
serie de baixa atividade: >=3 anos, metade com 0 matricula e menos de 20 no total;2021;3333;CENTRO UNIVERSITÁRIO UNIFTEC;1427703;Engenharia De Software;Presencial;Bacharelado;0613E01;Engenharia de software;CINE;CINE área geral 6 Computação/TIC;0.0;0.0;0.0;"manter; aplicar filtro de atividade conforme a pergunta do visual";"pendente; triagem automatica nao confirma preenchimento da IES"
serie de baixa atividade: >=3 anos, metade com 0 matricula e menos de 20 no total;2019;343;CENTRO UNIVERSITÁRIO NEWTON PAIVA;1486879;GESTÃO DA TECNOLOGIA DA INFORMAÇÃO;EaD;Tecnológico;0612G01;Gestão da tecnologia da informação;CINE Brasil;CINE Brasil área geral 6 Computação/TIC;5.0;5.0;0.0;"manter; aplicar filtro de atividade conforme a pergunta do visual";"pendente; triagem automatica nao confirma preenchimento da IES"
serie de baixa atividade: >=3 anos, metade com 0 matricula e menos de 20 no total;2020;343;CENTRO UNIVERSITÁRIO NEWTON PAIVA;1486879;GESTÃO DA TECNOLOGIA DA INFORMAÇÃO;EaD;Tecnológico;0612G01;Gestão da tecnologia da informação;CINE;CINE área geral 6 Computação/TIC;1.0;0.0;0.0;"manter; aplicar filtro de atividade conforme a pergunta do visual";"pendente; triagem automatica nao confirma preenchimento da IES"
serie de baixa atividade: >=3 anos, metade com 0 matricula e menos de 20 no total;2021;343;CENTRO UNIVERSITÁRIO NEWTON PAIVA;1486879;Gestão Da Tecnologia Da Informação;EaD;Tecnológico;0612G01;Gestão da tecnologia da informação;CINE;CINE área geral 6 Computação/TIC;0.0;0.0;0.0;"manter; aplicar filtro de atividade conforme a pergunta do visual";"pendente; triagem automatica nao confirma preenchimento da IES"
serie de baixa atividade: >=3 anos, metade com 0 matricula e menos de 20 no total;2022;343;CENTRO UNIVERSITÁRIO NEWTON PAIVA;1486879;Gestão Da Tecnologia Da Informação;EaD;Tecnológico;0612G01;Gestão da tecnologia da informação;CINE;CINE área geral 6 Computação/TIC;0.0;0.0;0.0;"manter; aplicar filtro de atividade conforme a pergunta do visual";"pendente; triagem automatica nao confirma preenchimento da IES"
serie de baixa atividade: >=3 anos, metade com 0 matricula e menos de 20 no total;2022;349;CENTRO UNIVERSITÁRIO DE BELO HORIZONTE;1619977;Banco De Dados;EaD;Tecnológico;0612B01;Banco de dados;CINE;CINE área geral 6 Computação/TIC;2.0;3.0;0.0;"manter; aplicar filtro de atividade conforme a pergunta do visual";"pendente; triagem automatica nao confirma preenchimento da IES"
serie de baixa atividade: >=3 anos, metade com 0 matricula e menos de 20 no total;2023;349;CENTRO UNIVERSITÁRIO DE BELO HORIZONTE;1619977;Banco De Dados;EaD;Tecnológico;0612B01;Banco de dados;CINE;CINE área geral 6 Computação/TIC;0.0;1.0;0.0;"manter; aplicar filtro de atividade conforme a pergunta do visual";"pendente; triagem automatica nao confirma preenchimento da IES"
serie de baixa atividade: >=3 anos, metade com 0 matricula e menos de 20 no total;2024;349;CENTRO UNIVERSITÁRIO DE BELO HORIZONTE;1619977;Banco De Dados;EaD;Tecnológico;0612B01;Banco de dados;CINE;CINE área geral 6 Computação/TIC;0.0;0.0;0.0;"manter; aplicar filtro de atividade conforme a pergunta do visual";"pendente; triagem automatica nao confirma preenchimento da IES"
serie de baixa atividade: >=3 anos, metade com 0 matricula e menos de 20 no total;2020;3588;CENTRO UNIVERSITÁRIO DOM PEDRO II;1513920;GESTÃO DA TECNOLOGIA DA INFORMAÇÃO;Presencial;Tecnológico;0612G01;Gestão da tecnologia da informação;CINE;CINE área geral 6 Computação/TIC;0.0;0.0;0.0;"manter; aplicar filtro de atividade conforme a pergunta do visual";"pendente; triagem automatica nao confirma preenchimento da IES"
serie de baixa atividade: >=3 anos, metade com 0 matricula e menos de 20 no total;2021;3588;CENTRO UNIVERSITÁRIO DOM PEDRO II;1513920;Gestão Da Tecnologia Da Informação;Presencial;Tecnológico;0612G01;Gestão da tecnologia da informação;CINE;CINE área geral 6 Computação/TIC;9.0;1.0;0.0;"manter; aplicar filtro de atividade conforme a pergunta do visual";"pendente; triagem automatica nao confirma preenchimento da IES"
serie de baixa atividade: >=3 anos, metade com 0 matricula e menos de 20 no total;2022;3588;CENTRO UNIVERSITÁRIO DOM PEDRO II;1513920;Gestão Da Tecnologia Da Informação;Presencial;Tecnológico;0612G01;Gestão da tecnologia da informação;CINE;CINE área geral 6 Computação/TIC;3.0;0.0;0.0;"manter; aplicar filtro de atividade conforme a pergunta do visual";"pendente; triagem automatica nao confirma preenchimento da IES"
serie de baixa atividade: >=3 anos, metade com 0 matricula e menos de 20 no total;2023;3588;CENTRO UNIVERSITÁRIO DOM PEDRO II;1513920;Gestão Da Tecnologia Da Informação;Presencial;Tecnológico;0612G01;Gestão da tecnologia da informação;CINE;CINE área geral 6 Computação/TIC;0.0;0.0;0.0;"manter; aplicar filtro de atividade conforme a pergunta do visual";"pendente; triagem automatica nao confirma preenchimento da IES"
serie de baixa atividade: >=3 anos, metade com 0 matricula e menos de 20 no total;2021;374;CENTRO UNIVERSITÁRIO DAS FACULDADES METROPOLITANAS UNIDAS;1574854;Ciência Da Computação;Presencial;Bacharelado;0614C01;Ciência da computação;CINE;CINE área geral 6 Computação/TIC;19.0;35.0;0.0;"manter; aplicar filtro de atividade conforme a pergunta do visual";"pendente; triagem automatica nao confirma preenchimento da IES"
serie de baixa atividade: >=3 anos, metade com 0 matricula e menos de 20 no total;2022;374;CENTRO UNIVERSITÁRIO DAS FACULDADES METROPOLITANAS UNIDAS;1574854;Ciência Da Computação;Presencial;Bacharelado;0614C01;Ciência da computação;CINE;CINE área geral 6 Computação/TIC;0.0;8.0;0.0;"manter; aplicar filtro de atividade conforme a pergunta do visual";"pendente; triagem automatica nao confirma preenchimento da IES"
serie de baixa atividade: >=3 anos, metade com 0 matricula e menos de 20 no total;2023;374;CENTRO UNIVERSITÁRIO DAS FACULDADES METROPOLITANAS UNIDAS;1574854;Ciência Da Computação;Presencial;Bacharelado;0614C01;Ciência da computação;CINE;CINE área geral 6 Computação/TIC;0.0;0.0;0.0;"manter; aplicar filtro de atividade conforme a pergunta do visual";"pendente; triagem automatica nao confirma preenchimento da IES"
serie de baixa atividade: >=3 anos, metade com 0 matricula e menos de 20 no total;2021;374;CENTRO UNIVERSITÁRIO DAS FACULDADES METROPOLITANAS UNIDAS;1574856;Gestão Da Tecnologia Da Informação;Presencial;Tecnológico;0612G01;Gestão da tecnologia da informação;CINE;CINE área geral 6 Computação/TIC;18.0;36.0;0.0;"manter; aplicar filtro de atividade conforme a pergunta do visual";"pendente; triagem automatica nao confirma preenchimento da IES"
serie de baixa atividade: >=3 anos, metade com 0 matricula e menos de 20 no total;2022;374;CENTRO UNIVERSITÁRIO DAS FACULDADES METROPOLITANAS UNIDAS;1574856;Gestão Da Tecnologia Da Informação;Presencial;Tecnológico;0612G01;Gestão da tecnologia da informação;CINE;CINE área geral 6 Computação/TIC;0.0;7.0;0.0;"manter; aplicar filtro de atividade conforme a pergunta do visual";"pendente; triagem automatica nao confirma preenchimento da IES"
serie de baixa atividade: >=3 anos, metade com 0 matricula e menos de 20 no total;2023;374;CENTRO UNIVERSITÁRIO DAS FACULDADES METROPOLITANAS UNIDAS;1574856;Gestão Da Tecnologia Da Informação;Presencial;Tecnológico;0612G01;Gestão da tecnologia da informação;CINE;CINE área geral 6 Computação/TIC;0.0;0.0;0.0;"manter; aplicar filtro de atividade conforme a pergunta do visual";"pendente; triagem automatica nao confirma preenchimento da IES"
serie de baixa atividade: >=3 anos, metade com 0 matricula e menos de 20 no total;2018;3768;Faculdade IBGEN;107574;REDES DE COMPUTADORES;Presencial;Tecnológico;0612R01;Redes de computadores;CINE Brasil;CINE Brasil área geral 6 Computação/TIC;1.0;0.0;1.0;"manter; aplicar filtro de atividade conforme a pergunta do visual";"pendente; triagem automatica nao confirma preenchimento da IES"
serie de baixa atividade: >=3 anos, metade com 0 matricula e menos de 20 no total;2019;3768;Faculdade IBGEN;107574;REDES DE COMPUTADORES;Presencial;Tecnológico;0612R01;Redes de computadores;CINE Brasil;CINE Brasil área geral 6 Computação/TIC;0.0;0.0;0.0;"manter; aplicar filtro de atividade conforme a pergunta do visual";"pendente; triagem automatica nao confirma preenchimento da IES"
serie de baixa atividade: >=3 anos, metade com 0 matricula e menos de 20 no total;2020;3768;Faculdade IBGEN;107574;REDES DE COMPUTADORES;Presencial;Tecnológico;0612R01;Redes de computadores;CINE;CINE área geral 6 Computação/TIC;0.0;0.0;0.0;"manter; aplicar filtro de atividade conforme a pergunta do visual";"pendente; triagem automatica nao confirma preenchimento da IES"
serie de baixa atividade: >=3 anos, metade com 0 matricula e menos de 20 no total;2021;3768;Faculdade IBGEN;107574;Redes De Computadores;Presencial;Tecnológico;0612R01;Redes de computadores;CINE;CINE área geral 6 Computação/TIC;0.0;0.0;0.0;"manter; aplicar filtro de atividade conforme a pergunta do visual";"pendente; triagem automatica nao confirma preenchimento da IES"
serie de baixa atividade: >=3 anos, metade com 0 matricula e menos de 20 no total;2022;3768;Faculdade IBGEN;107574;Redes De Computadores;Presencial;Tecnológico;0612R01;Redes de computadores;CINE;CINE área geral 6 Computação/TIC;0.0;0.0;0.0;"manter; aplicar filtro de atividade conforme a pergunta do visual";"pendente; triagem automatica nao confirma preenchimento da IES"
serie de baixa atividade: >=3 anos, metade com 0 matricula e menos de 20 no total;2018;3768;Faculdade IBGEN;107576;SISTEMAS PARA INTERNET;Presencial;Tecnológico;0615S03;Sistemas para internet;CINE Brasil;CINE Brasil área geral 6 Computação/TIC;2.0;0.0;0.0;"manter; aplicar filtro de atividade conforme a pergunta do visual";"pendente; triagem automatica nao confirma preenchimento da IES"
serie de baixa atividade: >=3 anos, metade com 0 matricula e menos de 20 no total;2019;3768;Faculdade IBGEN;107576;SISTEMAS PARA INTERNET;Presencial;Tecnológico;0615S03;Sistemas para internet;CINE Brasil;CINE Brasil área geral 6 Computação/TIC;0.0;0.0;0.0;"manter; aplicar filtro de atividade conforme a pergunta do visual";"pendente; triagem automatica nao confirma preenchimento da IES"
serie de baixa atividade: >=3 anos, metade com 0 matricula e menos de 20 no total;2020;3768;Faculdade IBGEN;107576;SISTEMAS PARA INTERNET;Presencial;Tecnológico;0615S03;Sistemas para internet;CINE;CINE área geral 6 Computação/TIC;0.0;0.0;0.0;"manter; aplicar filtro de atividade conforme a pergunta do visual";"pendente; triagem automatica nao confirma preenchimento da IES"
serie de baixa atividade: >=3 anos, metade com 0 matricula e menos de 20 no total;2021;3768;Faculdade IBGEN;107576;Sistemas Para Internet;Presencial;Tecnológico;0615S03;Sistemas para internet;CINE;CINE área geral 6 Computação/TIC;0.0;0.0;0.0;"manter; aplicar filtro de atividade conforme a pergunta do visual";"pendente; triagem automatica nao confirma preenchimento da IES"
serie de baixa atividade: >=3 anos, metade com 0 matricula e menos de 20 no total;2022;3768;Faculdade IBGEN;107576;Sistemas Para Internet;Presencial;Tecnológico;0615S03;Sistemas para internet;CINE;CINE área geral 6 Computação/TIC;0.0;0.0;0.0;"manter; aplicar filtro de atividade conforme a pergunta do visual";"pendente; triagem automatica nao confirma preenchimento da IES"
serie de baixa atividade: >=3 anos, metade com 0 matricula e menos de 20 no total;2013;3864;FACULDADE REGIONAL DE ALAGOINHAS;1150419;ANÁLISE E DESENVOLVIMENTO DE SISTEMAS;Presencial;Tecnológico;0615S02;Sistemas de informação;CINE;CINE área geral 6 Computação/TIC;0.0;2.0;0.0;"manter; aplicar filtro de atividade conforme a pergunta do visual";"pendente; triagem automatica nao confirma preenchimento da IES"
serie de baixa atividade: >=3 anos, metade com 0 matricula e menos de 20 no total;2016;3864;FACULDADE REGIONAL DE ALAGOINHAS;1150419;ANÁLISE E DESENVOLVIMENTO DE SISTEMAS;Presencial;Tecnológico;0615S02;Sistemas de informação;CINE;CINE área geral 6 Computação/TIC;0.0;3.0;0.0;"manter; aplicar filtro de atividade conforme a pergunta do visual";"pendente; triagem automatica nao confirma preenchimento da IES"
serie de baixa atividade: >=3 anos, metade com 0 matricula e menos de 20 no total;2017;3864;FACULDADE REGIONAL DE ALAGOINHAS;1150419;ANÁLISE E DESENVOLVIMENTO DE SISTEMAS;Presencial;Tecnológico;483A02;Análise e Desenvolvimento de Sistemas (Tecnólogo);OCDE;OCDE área específica 48 Computação;1.0;5.0;0.0;"manter; aplicar filtro de atividade conforme a pergunta do visual";"pendente; triagem automatica nao confirma preenchimento da IES"
serie de baixa atividade: >=3 anos, metade com 0 matricula e menos de 20 no total;2018;3864;FACULDADE REGIONAL DE ALAGOINHAS;1150419;ANÁLISE E DESENVOLVIMENTO DE SISTEMAS;Presencial;Tecnológico;0615S02;Sistemas de informação;CINE Brasil;CINE Brasil área geral 6 Computação/TIC;3.0;6.0;0.0;"manter; aplicar filtro de atividade conforme a pergunta do visual";"pendente; triagem automatica nao confirma preenchimento da IES"
serie de baixa atividade: >=3 anos, metade com 0 matricula e menos de 20 no total;2019;3864;Centro Universitário UNIRB - Alagoinhas;1150419;ANÁLISE E DESENVOLVIMENTO DE SISTEMAS;Presencial;Tecnológico;0615S02;Sistemas de informação;CINE Brasil;CINE Brasil área geral 6 Computação/TIC;0.0;0.0;0.0;"manter; aplicar filtro de atividade conforme a pergunta do visual";"pendente; triagem automatica nao confirma preenchimento da IES"
serie de baixa atividade: >=3 anos, metade com 0 matricula e menos de 20 no total;2020;396;Centro Universitário Ruy Barbosa Wyden;1350319;ANÁLISE E DESENVOLVIMENTO DE SISTEMAS;Presencial;Tecnológico;0615S02;Sistemas de informação;CINE;CINE área geral 6 Computação/TIC;0.0;0.0;0.0;"manter; aplicar filtro de atividade conforme a pergunta do visual";"pendente; triagem automatica nao confirma preenchimento da IES"
serie de baixa atividade: >=3 anos, metade com 0 matricula e menos de 20 no total;2021;396;Centro Universitário Ruy Barbosa Wyden;1350319;Análise E Desenvolvimento De Sistemas;Presencial;Tecnológico;0615S02;Sistemas de informação;CINE;CINE área geral 6 Computação/TIC;1.0;10.0;0.0;"manter; aplicar filtro de atividade conforme a pergunta do visual";"pendente; triagem automatica nao confirma preenchimento da IES"
serie de baixa atividade: >=3 anos, metade com 0 matricula e menos de 20 no total;2022;396;Centro Universitário Ruy Barbosa Wyden;1350319;Análise E Desenvolvimento De Sistemas;Presencial;Tecnológico;0615S02;Sistemas de informação;CINE;CINE área geral 6 Computação/TIC;1.0;0.0;1.0;"manter; aplicar filtro de atividade conforme a pergunta do visual";"pendente; triagem automatica nao confirma preenchimento da IES"
serie de baixa atividade: >=3 anos, metade com 0 matricula e menos de 20 no total;2023;396;Centro Universitário Ruy Barbosa Wyden;1350319;Análise E Desenvolvimento De Sistemas;Presencial;Tecnológico;0615S02;Sistemas de informação;CINE;CINE área geral 6 Computação/TIC;0.0;0.0;0.0;"manter; aplicar filtro de atividade conforme a pergunta do visual";"pendente; triagem automatica nao confirma preenchimento da IES"
serie de baixa atividade: >=3 anos, metade com 0 matricula e menos de 20 no total;2010;396;FACULDADE RUY BARBOSA;8248;PROCESSAMENTO DE DADOS;Presencial;Tecnológico;0615S02;Sistemas de informação;CINE;CINE área geral 6 Computação/TIC;0.0;0.0;0.0;"manter; aplicar filtro de atividade conforme a pergunta do visual";"pendente; triagem automatica nao confirma preenchimento da IES"
serie de baixa atividade: >=3 anos, metade com 0 matricula e menos de 20 no total;2011;396;FACULDADE RUY BARBOSA;8248;PROCESSAMENTO DE DADOS;Presencial;Tecnológico;0615S02;Sistemas de informação;CINE;CINE área geral 6 Computação/TIC;1.0;0.0;0.0;"manter; aplicar filtro de atividade conforme a pergunta do visual";"pendente; triagem automatica nao confirma preenchimento da IES"
serie de baixa atividade: >=3 anos, metade com 0 matricula e menos de 20 no total;2012;396;FACULDADE RUY BARBOSA;8248;PROCESSAMENTO DE DADOS;Presencial;Tecnológico;0615S02;Sistemas de informação;CINE;CINE área geral 6 Computação/TIC;2.0;0.0;0.0;"manter; aplicar filtro de atividade conforme a pergunta do visual";"pendente; triagem automatica nao confirma preenchimento da IES"
serie de baixa atividade: >=3 anos, metade com 0 matricula e menos de 20 no total;2013;396;FACULDADE RUY BARBOSA;8248;PROCESSAMENTO DE DADOS;Presencial;Tecnológico;0615S02;Sistemas de informação;CINE;CINE área geral 6 Computação/TIC;0.0;0.0;0.0;"manter; aplicar filtro de atividade conforme a pergunta do visual";"pendente; triagem automatica nao confirma preenchimento da IES"
serie de baixa atividade: >=3 anos, metade com 0 matricula e menos de 20 no total;2021;3987;CENTRO UNIVERSITÁRIO GOYAZES;1577323;Sistemas De Informação;EaD;Bacharelado;0615S02;Sistemas de informação;CINE;CINE área geral 6 Computação/TIC;1.0;5.0;0.0;"manter; aplicar filtro de atividade conforme a pergunta do visual";"pendente; triagem automatica nao confirma preenchimento da IES"
serie de baixa atividade: >=3 anos, metade com 0 matricula e menos de 20 no total;2022;3987;CENTRO UNIVERSITÁRIO GOYAZES;1577323;Sistemas De Informação;EaD;Bacharelado;0615S02;Sistemas de informação;CINE;CINE área geral 6 Computação/TIC;0.0;13.0;0.0;"manter; aplicar filtro de atividade conforme a pergunta do visual";"pendente; triagem automatica nao confirma preenchimento da IES"
serie de baixa atividade: >=3 anos, metade com 0 matricula e menos de 20 no total;2023;3987;CENTRO UNIVERSITÁRIO GOYAZES;1577323;Sistemas De Informação;EaD;Bacharelado;0615S02;Sistemas de informação;CINE;CINE área geral 6 Computação/TIC;0.0;0.0;0.0;"manter; aplicar filtro de atividade conforme a pergunta do visual";"pendente; triagem automatica nao confirma preenchimento da IES"
serie de baixa atividade: >=3 anos, metade com 0 matricula e menos de 20 no total;2011;457;UNIVERSIDADE BANDEIRANTE DE SÃO PAULO;1112772;GESTÃO DA TECNOLOGIA DA INFORMAÇÃO;Presencial;Tecnológico;0612G01;Gestão da tecnologia da informação;CINE;CINE área geral 6 Computação/TIC;0.0;7.0;0.0;"manter; aplicar filtro de atividade conforme a pergunta do visual";"pendente; triagem automatica nao confirma preenchimento da IES"
serie de baixa atividade: >=3 anos, metade com 0 matricula e menos de 20 no total;2012;457;UNIVERSIDADE BANDEIRANTE DE SÃO PAULO;1112772;GESTÃO DA TECNOLOGIA DA INFORMAÇÃO;Presencial;Tecnológico;0612G01;Gestão da tecnologia da informação;CINE;CINE área geral 6 Computação/TIC;0.0;0.0;0.0;"manter; aplicar filtro de atividade conforme a pergunta do visual";"pendente; triagem automatica nao confirma preenchimento da IES"
serie de baixa atividade: >=3 anos, metade com 0 matricula e menos de 20 no total;2013;457;UNIVERSIDADE BANDEIRANTE ANHANGUERA;1112772;GESTÃO DA TECNOLOGIA DA INFORMAÇÃO;Presencial;Tecnológico;0612G01;Gestão da tecnologia da informação;CINE;CINE área geral 6 Computação/TIC;0.0;0.0;0.0;"manter; aplicar filtro de atividade conforme a pergunta do visual";"pendente; triagem automatica nao confirma preenchimento da IES"
serie de baixa atividade: >=3 anos, metade com 0 matricula e menos de 20 no total;2014;457;UNIVERSIDADE ANHANGUERA DE SÃO PAULO - UNIAN-SP;1112772;GESTÃO DA TECNOLOGIA DA INFORMAÇÃO;Presencial;Tecnológico;0612G01;Gestão da tecnologia da informação;CINE;CINE área geral 6 Computação/TIC;0.0;0.0;0.0;"manter; aplicar filtro de atividade conforme a pergunta do visual";"pendente; triagem automatica nao confirma preenchimento da IES"
serie de baixa atividade: >=3 anos, metade com 0 matricula e menos de 20 no total;2015;457;UNIVERSIDADE ANHANGUERA DE SÃO PAULO - UNIAN-SP;1112772;GESTÃO DA TECNOLOGIA DA INFORMAÇÃO;Presencial;Tecnológico;0612G01;Gestão da tecnologia da informação;CINE;CINE área geral 6 Computação/TIC;0.0;0.0;0.0;"manter; aplicar filtro de atividade conforme a pergunta do visual";"pendente; triagem automatica nao confirma preenchimento da IES"
serie de baixa atividade: >=3 anos, metade com 0 matricula e menos de 20 no total;2016;457;UNIVERSIDADE ANHANGUERA DE SÃO PAULO - UNIAN-SP;1112772;GESTÃO DA TECNOLOGIA DA INFORMAÇÃO;Presencial;Tecnológico;0612G01;Gestão da tecnologia da informação;CINE;CINE área geral 6 Computação/TIC;0.0;0.0;0.0;"manter; aplicar filtro de atividade conforme a pergunta do visual";"pendente; triagem automatica nao confirma preenchimento da IES"
serie de baixa atividade: >=3 anos, metade com 0 matricula e menos de 20 no total;2021;481;Universidade Universus Veritas Guarulhos;1550816;Internet Das Coisas;EaD;Tecnológico;0616I01;Internet das coisas;CINE;CINE área geral 6 Computação/TIC;0.0;1.0;0.0;"manter; aplicar filtro de atividade conforme a pergunta do visual";"pendente; triagem automatica nao confirma preenchimento da IES"
serie de baixa atividade: >=3 anos, metade com 0 matricula e menos de 20 no total;2022;481;Universidade Universus Veritas Guarulhos;1550816;Internet Das Coisas;EaD;Tecnológico;0616I01;Internet das coisas;CINE;CINE área geral 6 Computação/TIC;0.0;0.0;0.0;"manter; aplicar filtro de atividade conforme a pergunta do visual";"pendente; triagem automatica nao confirma preenchimento da IES"
serie de baixa atividade: >=3 anos, metade com 0 matricula e menos de 20 no total;2023;481;Universidade Universus Veritas Guarulhos;1550816;Internet Das Coisas;EaD;Tecnológico;0616I01;Internet das coisas;CINE;CINE área geral 6 Computação/TIC;1.0;2.0;0.0;"manter; aplicar filtro de atividade conforme a pergunta do visual";"pendente; triagem automatica nao confirma preenchimento da IES"
serie de baixa atividade: >=3 anos, metade com 0 matricula e menos de 20 no total;2024;481;Universidade Universus Veritas Guarulhos;1550816;Internet Das Coisas;EaD;Tecnológico;0613I02;Internet das coisas;CINE;CINE área geral 6 Computação/TIC;2.0;1.0;0.0;"manter; aplicar filtro de atividade conforme a pergunta do visual";"pendente; triagem automatica nao confirma preenchimento da IES"
serie de baixa atividade: >=3 anos, metade com 0 matricula e menos de 20 no total;2009;568;UNIVERSIDADE ESTADUAL DO MARANHAO;105048;CURSO SUPERIOR DE TECNOLOGIA EM WEB DESIGNER;Presencial;Bacharelado;0615S03;Sistemas para internet;CINE;CINE área geral 6 Computação/TIC;5.0;5.0;5.0;"manter; aplicar filtro de atividade conforme a pergunta do visual";"pendente; triagem automatica nao confirma preenchimento da IES"
serie de baixa atividade: >=3 anos, metade com 0 matricula e menos de 20 no total;2010;568;UNIVERSIDADE ESTADUAL DO MARANHÃO;105048;WEB DESIGNER;Presencial;Bacharelado;0615S03;Sistemas para internet;CINE;CINE área geral 6 Computação/TIC;4.0;0.0;0.0;"manter; aplicar filtro de atividade conforme a pergunta do visual";"pendente; triagem automatica nao confirma preenchimento da IES"
serie de baixa atividade: >=3 anos, metade com 0 matricula e menos de 20 no total;2011;568;UNIVERSIDADE ESTADUAL DO MARANHÃO;105048;WEB DESIGNER;Presencial;Bacharelado;0615S03;Sistemas para internet;CINE;CINE área geral 6 Computação/TIC;0.0;0.0;0.0;"manter; aplicar filtro de atividade conforme a pergunta do visual";"pendente; triagem automatica nao confirma preenchimento da IES"
serie de baixa atividade: >=3 anos, metade com 0 matricula e menos de 20 no total;2012;568;UNIVERSIDADE ESTADUAL DO MARANHÃO;105048;WEB DESIGNER;Presencial;Bacharelado;0615S03;Sistemas para internet;CINE;CINE área geral 6 Computação/TIC;0.0;0.0;0.0;"manter; aplicar filtro de atividade conforme a pergunta do visual";"pendente; triagem automatica nao confirma preenchimento da IES"
serie de baixa atividade: >=3 anos, metade com 0 matricula e menos de 20 no total;2021;718;UNIVERSIDADE POTIGUAR;1576343;Internet Das Coisas E Computação Em Nuvem;EaD;Tecnológico;0616I01;Internet das coisas;CINE;CINE área geral 6 Computação/TIC;2.0;2.0;0.0;"manter; aplicar filtro de atividade conforme a pergunta do visual";"pendente; triagem automatica nao confirma preenchimento da IES"
serie de baixa atividade: >=3 anos, metade com 0 matricula e menos de 20 no total;2022;718;UNIVERSIDADE POTIGUAR;1576343;Internet Das Coisas E Computação Em Nuvem;EaD;Tecnológico;0616I01;Internet das coisas;CINE;CINE área geral 6 Computação/TIC;1.0;2.0;0.0;"manter; aplicar filtro de atividade conforme a pergunta do visual";"pendente; triagem automatica nao confirma preenchimento da IES"
serie de baixa atividade: >=3 anos, metade com 0 matricula e menos de 20 no total;2023;718;UNIVERSIDADE POTIGUAR;1576343;Internet Das Coisas E Computação Em Nuvem;EaD;Tecnológico;0616I01;Internet das coisas;CINE;CINE área geral 6 Computação/TIC;0.0;0.0;0.0;"manter; aplicar filtro de atividade conforme a pergunta do visual";"pendente; triagem automatica nao confirma preenchimento da IES"
serie de baixa atividade: >=3 anos, metade com 0 matricula e menos de 20 no total;2024;718;UNIVERSIDADE POTIGUAR;1576343;Internet Das Coisas E Computação Em Nuvem;EaD;Tecnológico;0613I02;Internet das coisas;CINE;CINE área geral 6 Computação/TIC;0.0;0.0;0.0;"manter; aplicar filtro de atividade conforme a pergunta do visual";"pendente; triagem automatica nao confirma preenchimento da IES"
serie de baixa atividade: >=3 anos, metade com 0 matricula e menos de 20 no total;2021;793;Centro Universitário Estácio de São Paulo;1516425;Jogos Digitais;Presencial;Tecnológico;0613J01;Jogos digitais;CINE;CINE área geral 6 Computação/TIC;0.0;2.0;0.0;"manter; aplicar filtro de atividade conforme a pergunta do visual";"pendente; triagem automatica nao confirma preenchimento da IES"
serie de baixa atividade: >=3 anos, metade com 0 matricula e menos de 20 no total;2022;793;Centro Universitário Estácio de São Paulo;1516425;Jogos Digitais;Presencial;Tecnológico;0613J01;Jogos digitais;CINE;CINE área geral 6 Computação/TIC;5.0;20.0;0.0;"manter; aplicar filtro de atividade conforme a pergunta do visual";"pendente; triagem automatica nao confirma preenchimento da IES"
serie de baixa atividade: >=3 anos, metade com 0 matricula e menos de 20 no total;2023;793;Centro Universitário Estácio de São Paulo;1516425;Jogos Digitais;Presencial;Tecnológico;0613J01;Jogos digitais;CINE;CINE área geral 6 Computação/TIC;0.0;0.0;0.0;"manter; aplicar filtro de atividade conforme a pergunta do visual";"pendente; triagem automatica nao confirma preenchimento da IES"
serie de baixa atividade: >=3 anos, metade com 0 matricula e menos de 20 no total;2020;793;Centro Universitário Estácio de São Paulo;1516426;REDES DE COMPUTADORES;Presencial;Tecnológico;0612R01;Redes de computadores;CINE;CINE área geral 6 Computação/TIC;6.0;9.0;0.0;"manter; aplicar filtro de atividade conforme a pergunta do visual";"pendente; triagem automatica nao confirma preenchimento da IES"
serie de baixa atividade: >=3 anos, metade com 0 matricula e menos de 20 no total;2021;793;Centro Universitário Estácio de São Paulo;1516426;Redes De Computadores;Presencial;Tecnológico;0612R01;Redes de computadores;CINE;CINE área geral 6 Computação/TIC;0.0;2.0;0.0;"manter; aplicar filtro de atividade conforme a pergunta do visual";"pendente; triagem automatica nao confirma preenchimento da IES"
serie de baixa atividade: >=3 anos, metade com 0 matricula e menos de 20 no total;2022;793;Centro Universitário Estácio de São Paulo;1516426;Redes De Computadores;Presencial;Tecnológico;0612R01;Redes de computadores;CINE;CINE área geral 6 Computação/TIC;0.0;0.0;0.0;"manter; aplicar filtro de atividade conforme a pergunta do visual";"pendente; triagem automatica nao confirma preenchimento da IES"
serie de baixa atividade: >=3 anos, metade com 0 matricula e menos de 20 no total;2023;793;Centro Universitário Estácio de São Paulo;1516426;Redes De Computadores;Presencial;Tecnológico;0612R01;Redes de computadores;CINE;CINE área geral 6 Computação/TIC;0.0;0.0;0.0;"manter; aplicar filtro de atividade conforme a pergunta do visual";"pendente; triagem automatica nao confirma preenchimento da IES"
serie de baixa atividade: >=3 anos, metade com 0 matricula e menos de 20 no total;2016;852;FACULDADE DE INFORMÁTICA E ADMINISTRAÇÃO PAULISTA;1205715;GESTÃO DA TECNOLOGIA DA INFORMAÇÃO;Presencial;Tecnológico;0612G01;Gestão da tecnologia da informação;CINE;CINE área geral 6 Computação/TIC;18.0;23.0;0.0;"manter; aplicar filtro de atividade conforme a pergunta do visual";"pendente; triagem automatica nao confirma preenchimento da IES"
serie de baixa atividade: >=3 anos, metade com 0 matricula e menos de 20 no total;2018;852;FACULDADE DE INFORMÁTICA E ADMINISTRAÇÃO PAULISTA;1205715;GESTÃO DA TECNOLOGIA DA INFORMAÇÃO;Presencial;Tecnológico;0612G01;Gestão da tecnologia da informação;CINE Brasil;CINE Brasil área geral 6 Computação/TIC;0.0;0.0;0.0;"manter; aplicar filtro de atividade conforme a pergunta do visual";"pendente; triagem automatica nao confirma preenchimento da IES"
serie de baixa atividade: >=3 anos, metade com 0 matricula e menos de 20 no total;2020;852;FIAP - Centro Universitário;1205715;GESTÃO DA TECNOLOGIA DA INFORMAÇÃO;Presencial;Tecnológico;0612G01;Gestão da tecnologia da informação;CINE;CINE área geral 6 Computação/TIC;0.0;0.0;0.0;"manter; aplicar filtro de atividade conforme a pergunta do visual";"pendente; triagem automatica nao confirma preenchimento da IES"
