MOTIVO_CURADORIA;NU_ANO_CENSO;CO_IES;NO_IES;CO_CURSO;NO_CURSO;MUNICIPIOS;MUNICIPIOS_SEM_MATRICULA;MAT_TOTAL_MUNICIPAL;MAT_MAIOR_MUNICIPIO;FRAC_MUNICIPIOS_ZERADOS;FRAC_NO_MAIOR_MUNICIPIO;PADRAO_ATIPICO;PRIORIDADE_SE_PUBLICAR_MAPA;DECISAO_CURADORIA;STATUS_VERIFICACAO_FONTE
"distribuicao municipal EaD concentrada ou com muitas linhas sem matricula; nao comprova erro da IES";2012;322;UNIVERSIDADE PAULISTA;100320;GESTÃO DE SISTEMAS DE INFORMAÇÃO;373;368;78.0;38.0;0.987;0.487;muitos municipios zerados;"conferir distribuicao; prioridade secundaria";"manter os totais; nao interpretar municipio associado como polo fisico";"pendente; triagem automatica nao confirma preenchimento da IES"
"distribuicao municipal EaD concentrada ou com muitas linhas sem matricula; nao comprova erro da IES";2024;1491;CENTRO UNIVERSITÁRIO INTERNACIONAL;1517110;Desenvolvimento Mobile;206;143;100.0;10.0;0.694;0.1;muitos municipios zerados;conferir os municipios no mapa;"manter os totais; nao interpretar municipio associado como polo fisico";"pendente; triagem automatica nao confirma preenchimento da IES"
"distribuicao municipal EaD concentrada ou com muitas linhas sem matricula; nao comprova erro da IES";2013;322;UNIVERSIDADE PAULISTA;100320;GESTÃO DE SISTEMAS DE INFORMAÇÃO;182;176;23.0;17.0;0.967;0.739;muitos municipios zerados;"conferir distribuicao; prioridade secundaria";"manter os totais; nao interpretar municipio associado como polo fisico";"pendente; triagem automatica nao confirma preenchimento da IES"
"distribuicao municipal EaD concentrada ou com muitas linhas sem matricula; nao comprova erro da IES";2014;322;UNIVERSIDADE PAULISTA;100320;GESTÃO DE SISTEMAS DE INFORMAÇÃO;158;151;11.0;5.0;0.956;0.455;muitos municipios zerados;"conferir distribuicao; prioridade secundaria";"manter os totais; nao interpretar municipio associado como polo fisico";"pendente; triagem automatica nao confirma preenchimento da IES"
"distribuicao municipal EaD concentrada ou com muitas linhas sem matricula; nao comprova erro da IES";2022;671;UNIVERSIDADE ANHANGUERA;1576140;Engenharia De Software;156;146;45.0;12.0;0.936;0.267;muitos municipios zerados;"conferir distribuicao; prioridade secundaria";"manter os totais; nao interpretar municipio associado como polo fisico";"pendente; triagem automatica nao confirma preenchimento da IES"
"distribuicao municipal EaD concentrada ou com muitas linhas sem matricula; nao comprova erro da IES";2021;1491;CENTRO UNIVERSITÁRIO INTERNACIONAL;1517110;Desenvolvimento De Aplicativos Para Dispositivos Móveis;150;90;97.0;13.0;0.6;0.134;muitos municipios zerados;"conferir distribuicao; prioridade secundaria";"manter os totais; nao interpretar municipio associado como polo fisico";"pendente; triagem automatica nao confirma preenchimento da IES"
"distribuicao municipal EaD concentrada ou com muitas linhas sem matricula; nao comprova erro da IES";2022;671;UNIVERSIDADE ANHANGUERA;1548245;Redes De Computadores;137;127;23.0;5.0;0.927;0.217;muitos municipios zerados;"conferir distribuicao; prioridade secundaria";"manter os totais; nao interpretar municipio associado como polo fisico";"pendente; triagem automatica nao confirma preenchimento da IES"
"distribuicao municipal EaD concentrada ou com muitas linhas sem matricula; nao comprova erro da IES";2022;671;UNIVERSIDADE ANHANGUERA;1550008;Cibersegurança;113;104;18.0;5.0;0.92;0.278;muitos municipios zerados;"conferir distribuicao; prioridade secundaria";"manter os totais; nao interpretar municipio associado como polo fisico";"pendente; triagem automatica nao confirma preenchimento da IES"
"distribuicao municipal EaD concentrada ou com muitas linhas sem matricula; nao comprova erro da IES";2022;671;UNIVERSIDADE ANHANGUERA;1537694;Desenvolvimento Para Web;98;85;17.0;2.0;0.867;0.118;muitos municipios zerados;"conferir distribuicao; prioridade secundaria";"manter os totais; nao interpretar municipio associado como polo fisico";"pendente; triagem automatica nao confirma preenchimento da IES"
"distribuicao municipal EaD concentrada ou com muitas linhas sem matricula; nao comprova erro da IES";2022;671;UNIVERSIDADE ANHANGUERA;1576158;Gestão Da Tecnologia Da Informação;97;90;14.0;7.0;0.928;0.5;muitos municipios zerados;"conferir distribuicao; prioridade secundaria";"manter os totais; nao interpretar municipio associado como polo fisico";"pendente; triagem automatica nao confirma preenchimento da IES"
"distribuicao municipal EaD concentrada ou com muitas linhas sem matricula; nao comprova erro da IES";2022;671;UNIVERSIDADE ANHANGUERA;1548203;Ciência De Dados;94;87;14.0;4.0;0.926;0.286;muitos municipios zerados;"conferir distribuicao; prioridade secundaria";"manter os totais; nao interpretar municipio associado como polo fisico";"pendente; triagem automatica nao confirma preenchimento da IES"
"distribuicao municipal EaD concentrada ou com muitas linhas sem matricula; nao comprova erro da IES";2024;926;Centro Universitário Anhanguera Pitágoras Unopar de Campo Grande;1617148;Engenharia De Computação;92;60;49.0;5.0;0.652;0.102;muitos municipios zerados;"conferir distribuicao; prioridade secundaria";"manter os totais; nao interpretar municipio associado como polo fisico";"pendente; triagem automatica nao confirma preenchimento da IES"
"distribuicao municipal EaD concentrada ou com muitas linhas sem matricula; nao comprova erro da IES";2022;671;UNIVERSIDADE ANHANGUERA;1537675;Desenvolvimento Mobile;81;74;7.0;1.0;0.914;0.143;muitos municipios zerados;"conferir distribuicao; prioridade secundaria";"manter os totais; nao interpretar municipio associado como polo fisico";"pendente; triagem automatica nao confirma preenchimento da IES"
"distribuicao municipal EaD concentrada ou com muitas linhas sem matricula; nao comprova erro da IES";2024;926;Centro Universitário Anhanguera Pitágoras Unopar de Campo Grande;1576245;Jogos Digitais;66;40;38.0;5.0;0.606;0.132;muitos municipios zerados;"conferir distribuicao; prioridade secundaria";"manter os totais; nao interpretar municipio associado como polo fisico";"pendente; triagem automatica nao confirma preenchimento da IES"
"distribuicao municipal EaD concentrada ou com muitas linhas sem matricula; nao comprova erro da IES";2022;671;UNIVERSIDADE ANHANGUERA;1537691;Desenvolvimento Back-End;63;55;10.0;2.0;0.873;0.2;muitos municipios zerados;"conferir distribuicao; prioridade secundaria";"manter os totais; nao interpretar municipio associado como polo fisico";"pendente; triagem automatica nao confirma preenchimento da IES"
"distribuicao municipal EaD concentrada ou com muitas linhas sem matricula; nao comprova erro da IES";2023;926;Centro Universitário Anhanguera Pitágoras Unopar de Campo Grande;1576591;Desenvolvimento Mobile;59;38;34.0;11.0;0.644;0.324;muitos municipios zerados;"conferir distribuicao; prioridade secundaria";"manter os totais; nao interpretar municipio associado como polo fisico";"pendente; triagem automatica nao confirma preenchimento da IES"
"distribuicao municipal EaD concentrada ou com muitas linhas sem matricula; nao comprova erro da IES";2022;671;UNIVERSIDADE ANHANGUERA;1537693;Devops;58;45;18.0;3.0;0.776;0.167;muitos municipios zerados;"conferir distribuicao; prioridade secundaria";"manter os totais; nao interpretar municipio associado como polo fisico";"pendente; triagem automatica nao confirma preenchimento da IES"
"distribuicao municipal EaD concentrada ou com muitas linhas sem matricula; nao comprova erro da IES";2022;671;UNIVERSIDADE ANHANGUERA;1548209;Inteligência De Mercado E Análise De Dados;57;54;5.0;2.0;0.947;0.4;muitos municipios zerados;"conferir distribuicao; prioridade secundaria";"manter os totais; nao interpretar municipio associado como polo fisico";"pendente; triagem automatica nao confirma preenchimento da IES"
"distribuicao municipal EaD concentrada ou com muitas linhas sem matricula; nao comprova erro da IES";2024;926;Centro Universitário Anhanguera Pitágoras Unopar de Campo Grande;1576464;Computação Em Nuvem;48;29;29.0;5.0;0.604;0.172;muitos municipios zerados;"conferir distribuicao; prioridade secundaria";"manter os totais; nao interpretar municipio associado como polo fisico";"pendente; triagem automatica nao confirma preenchimento da IES"
"distribuicao municipal EaD concentrada ou com muitas linhas sem matricula; nao comprova erro da IES";2024;926;Centro Universitário Anhanguera Pitágoras Unopar de Campo Grande;1576249;Sistemas Para Internet;48;30;24.0;4.0;0.625;0.167;muitos municipios zerados;"conferir distribuicao; prioridade secundaria";"manter os totais; nao interpretar municipio associado como polo fisico";"pendente; triagem automatica nao confirma preenchimento da IES"
"distribuicao municipal EaD concentrada ou com muitas linhas sem matricula; nao comprova erro da IES";2022;671;UNIVERSIDADE ANHANGUERA;1548027;Arquitetura De Dados;45;43;2.0;1.0;0.956;0.5;muitos municipios zerados;"conferir distribuicao; prioridade secundaria";"manter os totais; nao interpretar municipio associado como polo fisico";"pendente; triagem automatica nao confirma preenchimento da IES"
"distribuicao municipal EaD concentrada ou com muitas linhas sem matricula; nao comprova erro da IES";2022;1846;CENTRO UNIVERSITÁRIO DE LINS;1533355;Ciência Da Computação;45;28;19.0;2.0;0.622;0.105;muitos municipios zerados;"conferir distribuicao; prioridade secundaria";"manter os totais; nao interpretar municipio associado como polo fisico";"pendente; triagem automatica nao confirma preenchimento da IES"
"distribuicao municipal EaD concentrada ou com muitas linhas sem matricula; nao comprova erro da IES";2022;671;UNIVERSIDADE ANHANGUERA;1548262;Computação Em Nuvem;43;42;1.0;1.0;0.977;1.0;muitos municipios zerados e concentracao;"conferir distribuicao; prioridade secundaria";"manter os totais; nao interpretar municipio associado como polo fisico";"pendente; triagem automatica nao confirma preenchimento da IES"
"distribuicao municipal EaD concentrada ou com muitas linhas sem matricula; nao comprova erro da IES";2023;671;UNIVERSIDADE ANHANGUERA;1576140;Engenharia De Software;40;30;79.0;23.0;0.75;0.291;muitos municipios zerados;"conferir distribuicao; prioridade secundaria";"manter os totais; nao interpretar municipio associado como polo fisico";"pendente; triagem automatica nao confirma preenchimento da IES"
"distribuicao municipal EaD concentrada ou com muitas linhas sem matricula; nao comprova erro da IES";2024;926;Centro Universitário Anhanguera Pitágoras Unopar de Campo Grande;1576591;Desenvolvimento Mobile;39;24;24.0;5.0;0.615;0.208;muitos municipios zerados;"conferir distribuicao; prioridade secundaria";"manter os totais; nao interpretar municipio associado como polo fisico";"pendente; triagem automatica nao confirma preenchimento da IES"
"distribuicao municipal EaD concentrada ou com muitas linhas sem matricula; nao comprova erro da IES";2023;515;Centro Universitário Anhanguera Pitágoras Unopar de Niterói;1576418;Desenvolvimento Mobile;38;25;15.0;3.0;0.658;0.2;muitos municipios zerados;"conferir distribuicao; prioridade secundaria";"manter os totais; nao interpretar municipio associado como polo fisico";"pendente; triagem automatica nao confirma preenchimento da IES"
"distribuicao municipal EaD concentrada ou com muitas linhas sem matricula; nao comprova erro da IES";2023;671;UNIVERSIDADE ANHANGUERA;1548245;Redes De Computadores;38;30;30.0;9.0;0.789;0.3;muitos municipios zerados;"conferir distribuicao; prioridade secundaria";"manter os totais; nao interpretar municipio associado como polo fisico";"pendente; triagem automatica nao confirma preenchimento da IES"
"distribuicao municipal EaD concentrada ou com muitas linhas sem matricula; nao comprova erro da IES";2021;374;CENTRO UNIVERSITÁRIO DAS FACULDADES METROPOLITANAS UNIDAS;1483597;Jogos Digitais;37;24;50.0;38.0;0.649;0.76;muitos municipios zerados;"conferir distribuicao; prioridade secundaria";"manter os totais; nao interpretar municipio associado como polo fisico";"pendente; triagem automatica nao confirma preenchimento da IES"
"distribuicao municipal EaD concentrada ou com muitas linhas sem matricula; nao comprova erro da IES";2024;1660;CENTRO UNIVERSITÁRIO ESTÁCIO DE BRASÍLIA - ESTÁCIO BRASÍLIA;1599522;Desenvolvimento Full Stack;36;24;19.0;5.0;0.667;0.263;muitos municipios zerados;"conferir distribuicao; prioridade secundaria";"manter os totais; nao interpretar municipio associado como polo fisico";"pendente; triagem automatica nao confirma preenchimento da IES"
"distribuicao municipal EaD concentrada ou com muitas linhas sem matricula; nao comprova erro da IES";2024;671;UNIVERSIDADE ANHANGUERA;1576140;Engenharia De Software;35;25;110.0;39.0;0.714;0.355;muitos municipios zerados;conferir os municipios no mapa;"manter os totais; nao interpretar municipio associado como polo fisico";"pendente; triagem automatica nao confirma preenchimento da IES"
"distribuicao municipal EaD concentrada ou com muitas linhas sem matricula; nao comprova erro da IES";2024;515;Centro Universitário Anhanguera Pitágoras Unopar de Niterói;1576287;Jogos Digitais;34;22;12.0;1.0;0.647;0.083;muitos municipios zerados;"conferir distribuicao; prioridade secundaria";"manter os totais; nao interpretar municipio associado como polo fisico";"pendente; triagem automatica nao confirma preenchimento da IES"
"distribuicao municipal EaD concentrada ou com muitas linhas sem matricula; nao comprova erro da IES";2016;671;UNIVERSIDADE ANHANGUERA - UNIDERP;1318199;ENGENHARIA DE COMPUTAÇÃO;34;25;40.0;10.0;0.735;0.25;muitos municipios zerados;"conferir distribuicao; prioridade secundaria";"manter os totais; nao interpretar municipio associado como polo fisico";"pendente; triagem automatica nao confirma preenchimento da IES"
"distribuicao municipal EaD concentrada ou com muitas linhas sem matricula; nao comprova erro da IES";2023;671;UNIVERSIDADE ANHANGUERA;1550008;Cibersegurança;31;23;17.0;6.0;0.742;0.353;muitos municipios zerados;"conferir distribuicao; prioridade secundaria";"manter os totais; nao interpretar municipio associado como polo fisico";"pendente; triagem automatica nao confirma preenchimento da IES"
"distribuicao municipal EaD concentrada ou com muitas linhas sem matricula; nao comprova erro da IES";2015;1205;FACULDADE EDUCACIONAL DA LAPA;1166010;ANÁLISE E DESENVOLVIMENTO DE SISTEMAS;30;27;10.0;5.0;0.9;0.5;muitos municipios zerados;"conferir distribuicao; prioridade secundaria";"manter os totais; nao interpretar municipio associado como polo fisico";"pendente; triagem automatica nao confirma preenchimento da IES"
"distribuicao municipal EaD concentrada ou com muitas linhas sem matricula; nao comprova erro da IES";2023;671;UNIVERSIDADE ANHANGUERA;1576158;Gestão Da Tecnologia Da Informação;29;22;30.0;11.0;0.759;0.367;muitos municipios zerados;"conferir distribuicao; prioridade secundaria";"manter os totais; nao interpretar municipio associado como polo fisico";"pendente; triagem automatica nao confirma preenchimento da IES"
"distribuicao municipal EaD concentrada ou com muitas linhas sem matricula; nao comprova erro da IES";2024;17854;Centro Universitário Unifecaf;1454503;Análise E Desenvolvimento De Sistemas;28;27;1508.0;1508.0;0.964;1.0;muitos municipios zerados e concentracao;conferir os municipios no mapa;"manter os totais; nao interpretar municipio associado como polo fisico";"pendente; triagem automatica nao confirma preenchimento da IES"
"distribuicao municipal EaD concentrada ou com muitas linhas sem matricula; nao comprova erro da IES";2024;515;Centro Universitário Anhanguera Pitágoras Unopar de Niterói;1576416;Computação Em Nuvem;27;19;9.0;2.0;0.704;0.222;muitos municipios zerados;"conferir distribuicao; prioridade secundaria";"manter os totais; nao interpretar municipio associado como polo fisico";"pendente; triagem automatica nao confirma preenchimento da IES"
"distribuicao municipal EaD concentrada ou com muitas linhas sem matricula; nao comprova erro da IES";2020;1060;CENTRO UNIVERSITÁRIO DO INSTITUTO DE EDUCAÇÃO SUPERIOR DE BRASÍLIA - IESB;1303431;ANÁLISE E DESENVOLVIMENTO DE SISTEMAS;27;12;454.0;411.0;0.444;0.905;concentracao no maior municipio;"conferir distribuicao; prioridade secundaria";"manter os totais; nao interpretar municipio associado como polo fisico";"pendente; triagem automatica nao confirma preenchimento da IES"
"distribuicao municipal EaD concentrada ou com muitas linhas sem matricula; nao comprova erro da IES";2024;671;UNIVERSIDADE ANHANGUERA;1548245;Redes De Computadores;27;20;29.0;12.0;0.741;0.414;muitos municipios zerados;"conferir distribuicao; prioridade secundaria";"manter os totais; nao interpretar municipio associado como polo fisico";"pendente; triagem automatica nao confirma preenchimento da IES"
"distribuicao municipal EaD concentrada ou com muitas linhas sem matricula; nao comprova erro da IES";2023;515;Centro Universitário Anhanguera Pitágoras Unopar de Niterói;1576413;Arquitetura De Dados;26;16;10.0;1.0;0.615;0.1;muitos municipios zerados;"conferir distribuicao; prioridade secundaria";"manter os totais; nao interpretar municipio associado como polo fisico";"pendente; triagem automatica nao confirma preenchimento da IES"
"distribuicao municipal EaD concentrada ou com muitas linhas sem matricula; nao comprova erro da IES";2023;385;UNIVERSIDADE SALVADOR;1485013;Engenharia De Computação;25;15;37.0;22.0;0.6;0.595;muitos municipios zerados;"conferir distribuicao; prioridade secundaria";"manter os totais; nao interpretar municipio associado como polo fisico";"pendente; triagem automatica nao confirma preenchimento da IES"
"distribuicao municipal EaD concentrada ou com muitas linhas sem matricula; nao comprova erro da IES";2023;671;UNIVERSIDADE ANHANGUERA;1548203;Ciência De Dados;25;18;13.0;5.0;0.72;0.385;muitos municipios zerados;"conferir distribuicao; prioridade secundaria";"manter os totais; nao interpretar municipio associado como polo fisico";"pendente; triagem automatica nao confirma preenchimento da IES"
"distribuicao municipal EaD concentrada ou com muitas linhas sem matricula; nao comprova erro da IES";2024;671;UNIVERSIDADE ANHANGUERA;1550008;Cibersegurança;25;20;16.0;7.0;0.8;0.438;muitos municipios zerados;"conferir distribuicao; prioridade secundaria";"manter os totais; nao interpretar municipio associado como polo fisico";"pendente; triagem automatica nao confirma preenchimento da IES"
"distribuicao municipal EaD concentrada ou com muitas linhas sem matricula; nao comprova erro da IES";2024;671;UNIVERSIDADE ANHANGUERA;1548203;Ciência De Dados;24;18;10.0;3.0;0.75;0.3;muitos municipios zerados;"conferir distribuicao; prioridade secundaria";"manter os totais; nao interpretar municipio associado como polo fisico";"pendente; triagem automatica nao confirma preenchimento da IES"
"distribuicao municipal EaD concentrada ou com muitas linhas sem matricula; nao comprova erro da IES";2024;671;UNIVERSIDADE ANHANGUERA;1576158;Gestão Da Tecnologia Da Informação;24;19;29.0;8.0;0.792;0.276;muitos municipios zerados;"conferir distribuicao; prioridade secundaria";"manter os totais; nao interpretar municipio associado como polo fisico";"pendente; triagem automatica nao confirma preenchimento da IES"
"distribuicao municipal EaD concentrada ou com muitas linhas sem matricula; nao comprova erro da IES";2023;671;UNIVERSIDADE ANHANGUERA;1537694;Desenvolvimento Para Web;23;19;6.0;3.0;0.826;0.5;muitos municipios zerados;"conferir distribuicao; prioridade secundaria";"manter os totais; nao interpretar municipio associado como polo fisico";"pendente; triagem automatica nao confirma preenchimento da IES"
"distribuicao municipal EaD concentrada ou com muitas linhas sem matricula; nao comprova erro da IES";2021;1060;CENTRO UNIVERSITÁRIO DO INSTITUTO DE EDUCAÇÃO SUPERIOR DE BRASÍLIA - IESB;1303431;Análise E Desenvolvimento De Sistemas;20;5;594.0;553.0;0.25;0.931;concentracao no maior municipio;"conferir distribuicao; prioridade secundaria";"manter os totais; nao interpretar municipio associado como polo fisico";"pendente; triagem automatica nao confirma preenchimento da IES"
"distribuicao municipal EaD concentrada ou com muitas linhas sem matricula; nao comprova erro da IES";2024;17854;Centro Universitário Unifecaf;1502343;Gestão Da Tecnologia Da Informação;20;19;585.0;585.0;0.95;1.0;muitos municipios zerados e concentracao;conferir os municipios no mapa;"manter os totais; nao interpretar municipio associado como polo fisico";"pendente; triagem automatica nao confirma preenchimento da IES"
"distribuicao municipal EaD concentrada ou com muitas linhas sem matricula; nao comprova erro da IES";2022;1060;CENTRO UNIVERSITÁRIO DO INSTITUTO DE EDUCAÇÃO SUPERIOR DE BRASÍLIA - IESB;1303431;Análise E Desenvolvimento De Sistemas;20;7;804.0;747.0;0.35;0.929;concentracao no maior municipio;"conferir distribuicao; prioridade secundaria";"manter os totais; nao interpretar municipio associado como polo fisico";"pendente; triagem automatica nao confirma preenchimento da IES"
"distribuicao municipal EaD concentrada ou com muitas linhas sem matricula; nao comprova erro da IES";2024;15450;Centro Universitário Única;1473018;Sistemas Para Internet;19;12;16.0;10.0;0.632;0.625;muitos municipios zerados;"conferir distribuicao; prioridade secundaria";"manter os totais; nao interpretar municipio associado como polo fisico";"pendente; triagem automatica nao confirma preenchimento da IES"
"distribuicao municipal EaD concentrada ou com muitas linhas sem matricula; nao comprova erro da IES";2024;242;CENTRO UNIVERSITÁRIO ANHANGUERA PITÁGORAS AMPLI;1606854;Jogos Digitais;18;11;7.0;1.0;0.611;0.143;muitos municipios zerados;"conferir distribuicao; prioridade secundaria";"manter os totais; nao interpretar municipio associado como polo fisico";"pendente; triagem automatica nao confirma preenchimento da IES"
"distribuicao municipal EaD concentrada ou com muitas linhas sem matricula; nao comprova erro da IES";2023;671;UNIVERSIDADE ANHANGUERA;1537693;Devops;18;13;7.0;2.0;0.722;0.286;muitos municipios zerados;"conferir distribuicao; prioridade secundaria";"manter os totais; nao interpretar municipio associado como polo fisico";"pendente; triagem automatica nao confirma preenchimento da IES"
"distribuicao municipal EaD concentrada ou com muitas linhas sem matricula; nao comprova erro da IES";2021;712;CENTRO UNIVERSITÁRIO IBMR;1442970;Análise E Desenvolvimento De Sistemas;18;9;270.0;255.0;0.5;0.944;concentracao no maior municipio;"conferir distribuicao; prioridade secundaria";"manter os totais; nao interpretar municipio associado como polo fisico";"pendente; triagem automatica nao confirma preenchimento da IES"
"distribuicao municipal EaD concentrada ou com muitas linhas sem matricula; nao comprova erro da IES";2021;2950;Centro Universitário FADERGS;1457870;Ciência Da Computação;18;14;40.0;35.0;0.778;0.875;muitos municipios zerados;"conferir distribuicao; prioridade secundaria";"manter os totais; nao interpretar municipio associado como polo fisico";"pendente; triagem automatica nao confirma preenchimento da IES"
"distribuicao municipal EaD concentrada ou com muitas linhas sem matricula; nao comprova erro da IES";2015;1205;FACULDADE EDUCACIONAL DA LAPA;1260026;GESTÃO DA TECNOLOGIA DA INFORMAÇÃO;17;14;11.0;8.0;0.824;0.727;muitos municipios zerados;"conferir distribuicao; prioridade secundaria";"manter os totais; nao interpretar municipio associado como polo fisico";"pendente; triagem automatica nao confirma preenchimento da IES"
"distribuicao municipal EaD concentrada ou com muitas linhas sem matricula; nao comprova erro da IES";2024;449;UNIVERSIDADE LUTERANA DO BRASIL;1205028;Sistemas Para Internet;17;16;1.0;1.0;0.941;1.0;muitos municipios zerados e concentracao;"conferir distribuicao; prioridade secundaria";"manter os totais; nao interpretar municipio associado como polo fisico";"pendente; triagem automatica nao confirma preenchimento da IES"
"distribuicao municipal EaD concentrada ou com muitas linhas sem matricula; nao comprova erro da IES";2023;671;UNIVERSIDADE ANHANGUERA;1537691;Desenvolvimento Back-End;17;15;4.0;3.0;0.882;0.75;muitos municipios zerados;"conferir distribuicao; prioridade secundaria";"manter os totais; nao interpretar municipio associado como polo fisico";"pendente; triagem automatica nao confirma preenchimento da IES"
"distribuicao municipal EaD concentrada ou com muitas linhas sem matricula; nao comprova erro da IES";2023;15450;Faculdade Única de Ipatinga;1473018;Sistemas Para Internet;17;12;17.0;13.0;0.706;0.765;muitos municipios zerados;"conferir distribuicao; prioridade secundaria";"manter os totais; nao interpretar municipio associado como polo fisico";"pendente; triagem automatica nao confirma preenchimento da IES"
"distribuicao municipal EaD concentrada ou com muitas linhas sem matricula; nao comprova erro da IES";2023;671;UNIVERSIDADE ANHANGUERA;1537675;Desenvolvimento Mobile;16;11;6.0;2.0;0.688;0.333;muitos municipios zerados;"conferir distribuicao; prioridade secundaria";"manter os totais; nao interpretar municipio associado como polo fisico";"pendente; triagem automatica nao confirma preenchimento da IES"
"distribuicao municipal EaD concentrada ou com muitas linhas sem matricula; nao comprova erro da IES";2023;17854;Centro Universitário Unifecaf;1527833;Defesa Cibernética;16;11;26.0;22.0;0.688;0.846;muitos municipios zerados;"conferir distribuicao; prioridade secundaria";"manter os totais; nao interpretar municipio associado como polo fisico";"pendente; triagem automatica nao confirma preenchimento da IES"
"distribuicao municipal EaD concentrada ou com muitas linhas sem matricula; nao comprova erro da IES";2024;2497;CENTRO UNIVERSITÁRIO ATENEU;1473201;Análise E Desenvolvimento De Sistemas;16;5;260.0;242.0;0.312;0.931;concentracao no maior municipio;"conferir distribuicao; prioridade secundaria";"manter os totais; nao interpretar municipio associado como polo fisico";"pendente; triagem automatica nao confirma preenchimento da IES"
"distribuicao municipal EaD concentrada ou com muitas linhas sem matricula; nao comprova erro da IES";2021;5370;Centro Universitário Doctum de Teófilo Otoni;1525885;Análise E Desenvolvimento De Sistemas;16;15;1.0;1.0;0.938;1.0;muitos municipios zerados e concentracao;"conferir distribuicao; prioridade secundaria";"manter os totais; nao interpretar municipio associado como polo fisico";"pendente; triagem automatica nao confirma preenchimento da IES"
"distribuicao municipal EaD concentrada ou com muitas linhas sem matricula; nao comprova erro da IES";2024;1060;CENTRO UNIVERSITÁRIO DO INSTITUTO DE EDUCAÇÃO SUPERIOR DE BRASÍLIA - IESB;1303431;Análise E Desenvolvimento De Sistemas;15;3;1114.0;1050.0;0.2;0.943;concentracao no maior municipio;"conferir distribuicao; prioridade secundaria";"manter os totais; nao interpretar municipio associado como polo fisico";"pendente; triagem automatica nao confirma preenchimento da IES"
"distribuicao municipal EaD concentrada ou com muitas linhas sem matricula; nao comprova erro da IES";2024;671;UNIVERSIDADE ANHANGUERA;1537694;Desenvolvimento Web;15;13;4.0;3.0;0.867;0.75;muitos municipios zerados;"conferir distribuicao; prioridade secundaria";"manter os totais; nao interpretar municipio associado como polo fisico";"pendente; triagem automatica nao confirma preenchimento da IES"
"distribuicao municipal EaD concentrada ou com muitas linhas sem matricula; nao comprova erro da IES";2023;5370;Centro Universitário Doctum de Teófilo Otoni;1575203;Gestão Da Tecnologia Da Informação;15;9;8.0;3.0;0.6;0.375;muitos municipios zerados;"conferir distribuicao; prioridade secundaria";"manter os totais; nao interpretar municipio associado como polo fisico";"pendente; triagem automatica nao confirma preenchimento da IES"
"distribuicao municipal EaD concentrada ou com muitas linhas sem matricula; nao comprova erro da IES";2023;338;PONTIFÍCIA UNIVERSIDADE CATÓLICA DE MINAS GERAIS;1550657;Análise E Desenvolvimento De Sistemas;15;0;1127.0;1052.0;0.0;0.933;concentracao no maior municipio;"conferir distribuicao; prioridade secundaria";"manter os totais; nao interpretar municipio associado como polo fisico";"pendente; triagem automatica nao confirma preenchimento da IES"
"distribuicao municipal EaD concentrada ou com muitas linhas sem matricula; nao comprova erro da IES";2023;165;UNIVERSIDADE VEIGA DE ALMEIDA;1431648;Análise E Desenvolvimento De Sistemas;15;3;1233.0;1116.0;0.2;0.905;concentracao no maior municipio;"conferir distribuicao; prioridade secundaria";"manter os totais; nao interpretar municipio associado como polo fisico";"pendente; triagem automatica nao confirma preenchimento da IES"
"distribuicao municipal EaD concentrada ou com muitas linhas sem matricula; nao comprova erro da IES";2024;1892;Centro Universitário de Excelência Eniac;1308555;Análise E Desenvolvimento De Sistemas;15;1;596.0;570.0;0.067;0.956;concentracao no maior municipio;"conferir distribuicao; prioridade secundaria";"manter os totais; nao interpretar municipio associado como polo fisico";"pendente; triagem automatica nao confirma preenchimento da IES"
"distribuicao municipal EaD concentrada ou com muitas linhas sem matricula; nao comprova erro da IES";2022;167;UNIVERSIDADE METODISTA DE SÃO PAULO;1323047;Jogos Digitais;15;9;14.0;8.0;0.6;0.571;muitos municipios zerados;"conferir distribuicao; prioridade secundaria";"manter os totais; nao interpretar municipio associado como polo fisico";"pendente; triagem automatica nao confirma preenchimento da IES"
"distribuicao municipal EaD concentrada ou com muitas linhas sem matricula; nao comprova erro da IES";2021;298;Universidade Pitágoras Unopar Anhanguera;1322923;Engenharia De Computação;14;9;8.0;2.0;0.643;0.25;muitos municipios zerados;"conferir distribuicao; prioridade secundaria";"manter os totais; nao interpretar municipio associado como polo fisico";"pendente; triagem automatica nao confirma preenchimento da IES"
"distribuicao municipal EaD concentrada ou com muitas linhas sem matricula; nao comprova erro da IES";2021;1042;UNIVERSIDADE POSITIVO;1551147;Jogos Digitais;14;10;11.0;8.0;0.714;0.727;muitos municipios zerados;"conferir distribuicao; prioridade secundaria";"manter os totais; nao interpretar municipio associado como polo fisico";"pendente; triagem automatica nao confirma preenchimento da IES"
"distribuicao municipal EaD concentrada ou com muitas linhas sem matricula; nao comprova erro da IES";2023;167;UNIVERSIDADE METODISTA DE SÃO PAULO;1323047;Jogos Digitais;14;11;4.0;2.0;0.786;0.5;muitos municipios zerados;"conferir distribuicao; prioridade secundaria";"manter os totais; nao interpretar municipio associado como polo fisico";"pendente; triagem automatica nao confirma preenchimento da IES"
"distribuicao municipal EaD concentrada ou com muitas linhas sem matricula; nao comprova erro da IES";2022;1422;CENTRO UNIVERSITÁRIO DO NORTE;1510916;Análise E Desenvolvimento De Sistemas;14;5;239.0;230.0;0.357;0.962;concentracao no maior municipio;"conferir distribuicao; prioridade secundaria";"manter os totais; nao interpretar municipio associado como polo fisico";"pendente; triagem automatica nao confirma preenchimento da IES"
"distribuicao municipal EaD concentrada ou com muitas linhas sem matricula; nao comprova erro da IES";2021;15859;Faculdade Católica Paulista;1439413;Análise E Desenvolvimento De Sistemas;14;1;415.0;380.0;0.071;0.916;concentracao no maior municipio;"conferir distribuicao; prioridade secundaria";"manter os totais; nao interpretar municipio associado como polo fisico";"pendente; triagem automatica nao confirma preenchimento da IES"
"distribuicao municipal EaD concentrada ou com muitas linhas sem matricula; nao comprova erro da IES";2022;15859;Faculdade Católica Paulista;1439413;Análise E Desenvolvimento De Sistemas;14;3;319.0;297.0;0.214;0.931;concentracao no maior municipio;"conferir distribuicao; prioridade secundaria";"manter os totais; nao interpretar municipio associado como polo fisico";"pendente; triagem automatica nao confirma preenchimento da IES"
"distribuicao municipal EaD concentrada ou com muitas linhas sem matricula; nao comprova erro da IES";2022;712;CENTRO UNIVERSITÁRIO IBMR;1442970;Análise E Desenvolvimento De Sistemas;14;8;521.0;501.0;0.571;0.962;concentracao no maior municipio;"conferir distribuicao; prioridade secundaria";"manter os totais; nao interpretar municipio associado como polo fisico";"pendente; triagem automatica nao confirma preenchimento da IES"
"distribuicao municipal EaD concentrada ou com muitas linhas sem matricula; nao comprova erro da IES";2024;167;UNIVERSIDADE METODISTA DE SÃO PAULO;1323047;Jogos Digitais;14;12;3.0;2.0;0.857;0.667;muitos municipios zerados;"conferir distribuicao; prioridade secundaria";"manter os totais; nao interpretar municipio associado como polo fisico";"pendente; triagem automatica nao confirma preenchimento da IES"
"distribuicao municipal EaD concentrada ou com muitas linhas sem matricula; nao comprova erro da IES";2023;1060;CENTRO UNIVERSITÁRIO DO INSTITUTO DE EDUCAÇÃO SUPERIOR DE BRASÍLIA - IESB;1303431;Análise E Desenvolvimento De Sistemas;14;4;817.0;773.0;0.286;0.946;concentracao no maior municipio;"conferir distribuicao; prioridade secundaria";"manter os totais; nao interpretar municipio associado como polo fisico";"pendente; triagem automatica nao confirma preenchimento da IES"
"distribuicao municipal EaD concentrada ou com muitas linhas sem matricula; nao comprova erro da IES";2023;338;PONTIFÍCIA UNIVERSIDADE CATÓLICA DE MINAS GERAIS;1550713;Sistemas De Informação;14;1;524.0;472.0;0.071;0.901;concentracao no maior municipio;"conferir distribuicao; prioridade secundaria";"manter os totais; nao interpretar municipio associado como polo fisico";"pendente; triagem automatica nao confirma preenchimento da IES"
"distribuicao municipal EaD concentrada ou com muitas linhas sem matricula; nao comprova erro da IES";2013;1351;CENTRO UNIVERSITÁRIO TUPY;91519;GESTÃO DE SISTEMAS DE INFORMAÇÃO;14;9;9.0;5.0;0.643;0.556;muitos municipios zerados;"conferir distribuicao; prioridade secundaria";"manter os totais; nao interpretar municipio associado como polo fisico";"pendente; triagem automatica nao confirma preenchimento da IES"
"distribuicao municipal EaD concentrada ou com muitas linhas sem matricula; nao comprova erro da IES";2021;5370;Centro Universitário Doctum de Teófilo Otoni;1551901;Redes De Computadores;13;12;1.0;1.0;0.923;1.0;muitos municipios zerados e concentracao;"conferir distribuicao; prioridade secundaria";"manter os totais; nao interpretar municipio associado como polo fisico";"pendente; triagem automatica nao confirma preenchimento da IES"
"distribuicao municipal EaD concentrada ou com muitas linhas sem matricula; nao comprova erro da IES";2024;671;UNIVERSIDADE ANHANGUERA;1537691;Desenvolvimento Back-End;13;8;6.0;2.0;0.615;0.333;muitos municipios zerados;"conferir distribuicao; prioridade secundaria";"manter os totais; nao interpretar municipio associado como polo fisico";"pendente; triagem automatica nao confirma preenchimento da IES"
"distribuicao municipal EaD concentrada ou com muitas linhas sem matricula; nao comprova erro da IES";2023;437;UNIVERSIDADE PARANAENSE;1565359;Desenvolvimento Mobile;13;10;3.0;1.0;0.769;0.333;muitos municipios zerados;"conferir distribuicao; prioridade secundaria";"manter os totais; nao interpretar municipio associado como polo fisico";"pendente; triagem automatica nao confirma preenchimento da IES"
"distribuicao municipal EaD concentrada ou com muitas linhas sem matricula; nao comprova erro da IES";2022;1060;CENTRO UNIVERSITÁRIO DO INSTITUTO DE EDUCAÇÃO SUPERIOR DE BRASÍLIA - IESB;1542115;Big Data E Inteligência Analítica;13;7;78.0;71.0;0.538;0.91;concentracao no maior municipio;"conferir distribuicao; prioridade secundaria";"manter os totais; nao interpretar municipio associado como polo fisico";"pendente; triagem automatica nao confirma preenchimento da IES"
"distribuicao municipal EaD concentrada ou com muitas linhas sem matricula; nao comprova erro da IES";2023;671;UNIVERSIDADE ANHANGUERA;1548209;Inteligência De Mercado E Análise De Dados;13;10;6.0;2.0;0.769;0.333;muitos municipios zerados;"conferir distribuicao; prioridade secundaria";"manter os totais; nao interpretar municipio associado como polo fisico";"pendente; triagem automatica nao confirma preenchimento da IES"
"distribuicao municipal EaD concentrada ou com muitas linhas sem matricula; nao comprova erro da IES";2023;1508;Centro Universitário Metropolitano de Maringá;1457207;Engenharia De Software;13;8;43.0;39.0;0.615;0.907;muitos municipios zerados e concentracao;"conferir distribuicao; prioridade secundaria";"manter os totais; nao interpretar municipio associado como polo fisico";"pendente; triagem automatica nao confirma preenchimento da IES"
"distribuicao municipal EaD concentrada ou com muitas linhas sem matricula; nao comprova erro da IES";2023;671;UNIVERSIDADE ANHANGUERA;1548027;Arquitetura De Dados;12;11;1.0;1.0;0.917;1.0;muitos municipios zerados e concentracao;"conferir distribuicao; prioridade secundaria";"manter os totais; nao interpretar municipio associado como polo fisico";"pendente; triagem automatica nao confirma preenchimento da IES"
"distribuicao municipal EaD concentrada ou com muitas linhas sem matricula; nao comprova erro da IES";2021;4153;Centro Universitário Joaquim Nabuco de Recife;1536205;Game Design;12;8;5.0;2.0;0.667;0.4;muitos municipios zerados;"conferir distribuicao; prioridade secundaria";"manter os totais; nao interpretar municipio associado como polo fisico";"pendente; triagem automatica nao confirma preenchimento da IES"
"distribuicao municipal EaD concentrada ou com muitas linhas sem matricula; nao comprova erro da IES";2022;387;UNIVERSIDADE CATÓLICA DOM BOSCO;1550198;Análise E Desenvolvimento De Sistemas;12;5;100.0;93.0;0.417;0.93;concentracao no maior municipio;"conferir distribuicao; prioridade secundaria";"manter os totais; nao interpretar municipio associado como polo fisico";"pendente; triagem automatica nao confirma preenchimento da IES"
"distribuicao municipal EaD concentrada ou com muitas linhas sem matricula; nao comprova erro da IES";2020;385;UNIVERSIDADE SALVADOR;1484785;SISTEMAS PARA INTERNET;12;8;17.0;13.0;0.667;0.765;muitos municipios zerados;"conferir distribuicao; prioridade secundaria";"manter os totais; nao interpretar municipio associado como polo fisico";"pendente; triagem automatica nao confirma preenchimento da IES"
"distribuicao municipal EaD concentrada ou com muitas linhas sem matricula; nao comprova erro da IES";2021;383;UNIVERSIDADE DA AMAZÔNIA;1486074;Service Design;11;8;4.0;2.0;0.727;0.5;muitos municipios zerados;"conferir distribuicao; prioridade secundaria";"manter os totais; nao interpretar municipio associado como polo fisico";"pendente; triagem automatica nao confirma preenchimento da IES"
"distribuicao municipal EaD concentrada ou com muitas linhas sem matricula; nao comprova erro da IES";2020;718;UNIVERSIDADE POTIGUAR;1483734;REDES DE COMPUTADORES;11;7;24.0;16.0;0.636;0.667;muitos municipios zerados;"conferir distribuicao; prioridade secundaria";"manter os totais; nao interpretar municipio associado como polo fisico";"pendente; triagem automatica nao confirma preenchimento da IES"
"distribuicao municipal EaD concentrada ou com muitas linhas sem matricula; nao comprova erro da IES";2022;926;Centro Universitário Anhanguera Pitágoras Unopar de Campo Grande;1576470;Arquitetura De Dados;11;7;9.0;4.0;0.636;0.444;muitos municipios zerados;"conferir distribuicao; prioridade secundaria";"manter os totais; nao interpretar municipio associado como polo fisico";"pendente; triagem automatica nao confirma preenchimento da IES"
"distribuicao municipal EaD concentrada ou com muitas linhas sem matricula; nao comprova erro da IES";2023;15859;Faculdade Católica Paulista;1439413;Análise E Desenvolvimento De Sistemas;11;5;300.0;291.0;0.455;0.97;concentracao no maior municipio;"conferir distribuicao; prioridade secundaria";"manter os totais; nao interpretar municipio associado como polo fisico";"pendente; triagem automatica nao confirma preenchimento da IES"
"distribuicao municipal EaD concentrada ou com muitas linhas sem matricula; nao comprova erro da IES";2023;17854;Centro Universitário Unifecaf;1527832;Computação Em Nuvem;11;7;8.0;5.0;0.636;0.625;muitos municipios zerados;"conferir distribuicao; prioridade secundaria";"manter os totais; nao interpretar municipio associado como polo fisico";"pendente; triagem automatica nao confirma preenchimento da IES"
"distribuicao municipal EaD concentrada ou com muitas linhas sem matricula; nao comprova erro da IES";2024;5370;Centro Universitário Doctum de Teófilo Otoni;1525885;Análise E Desenvolvimento De Sistemas;11;8;182.0;175.0;0.727;0.962;muitos municipios zerados e concentracao;conferir os municipios no mapa;"manter os totais; nao interpretar municipio associado como polo fisico";"pendente; triagem automatica nao confirma preenchimento da IES"
"distribuicao municipal EaD concentrada ou com muitas linhas sem matricula; nao comprova erro da IES";2024;2279;Centro Universitário Metrocamp Wyden;1556257;Análise E Desenvolvimento De Sistemas;11;1;281.0;264.0;0.091;0.94;concentracao no maior municipio;"conferir distribuicao; prioridade secundaria";"manter os totais; nao interpretar municipio associado como polo fisico";"pendente; triagem automatica nao confirma preenchimento da IES"
"distribuicao municipal EaD concentrada ou com muitas linhas sem matricula; nao comprova erro da IES";2023;2497;CENTRO UNIVERSITÁRIO ATENEU;1473201;Análise E Desenvolvimento De Sistemas;11;3;126.0;117.0;0.273;0.929;concentracao no maior municipio;"conferir distribuicao; prioridade secundaria";"manter os totais; nao interpretar municipio associado como polo fisico";"pendente; triagem automatica nao confirma preenchimento da IES"
"distribuicao municipal EaD concentrada ou com muitas linhas sem matricula; nao comprova erro da IES";2023;386;CENTRO UNIVERSITÁRIO DE GOIÁS;1491649;Análise E Desenvolvimento De Sistemas;10;2;308.0;284.0;0.2;0.922;concentracao no maior municipio;"conferir distribuicao; prioridade secundaria";"manter os totais; nao interpretar municipio associado como polo fisico";"pendente; triagem automatica nao confirma preenchimento da IES"
"distribuicao municipal EaD concentrada ou com muitas linhas sem matricula; nao comprova erro da IES";2023;437;UNIVERSIDADE PARANAENSE;1565262;Big Data E Inteligência Analítica;10;6;8.0;4.0;0.6;0.5;muitos municipios zerados;"conferir distribuicao; prioridade secundaria";"manter os totais; nao interpretar municipio associado como polo fisico";"pendente; triagem automatica nao confirma preenchimento da IES"
"distribuicao municipal EaD concentrada ou com muitas linhas sem matricula; nao comprova erro da IES";2023;165;UNIVERSIDADE VEIGA DE ALMEIDA;1452878;Gestão Da Tecnologia Da Informação;10;3;336.0;312.0;0.3;0.929;concentracao no maior municipio;"conferir distribuicao; prioridade secundaria";"manter os totais; nao interpretar municipio associado como polo fisico";"pendente; triagem automatica nao confirma preenchimento da IES"
"distribuicao municipal EaD concentrada ou com muitas linhas sem matricula; nao comprova erro da IES";2024;1508;Centro Universitário Metropolitano de Maringá;1674223;Gestão Da Tecnologia Da Informação;10;6;8.0;4.0;0.6;0.5;muitos municipios zerados;"conferir distribuicao; prioridade secundaria";"manter os totais; nao interpretar municipio associado como polo fisico";"pendente; triagem automatica nao confirma preenchimento da IES"
"distribuicao municipal EaD concentrada ou com muitas linhas sem matricula; nao comprova erro da IES";2024;165;UNIVERSIDADE VEIGA DE ALMEIDA;1452878;Gestão Da Tecnologia Da Informação;10;1;500.0;458.0;0.1;0.916;concentracao no maior municipio;"conferir distribuicao; prioridade secundaria";"manter os totais; nao interpretar municipio associado como polo fisico";"pendente; triagem automatica nao confirma preenchimento da IES"
"distribuicao municipal EaD concentrada ou com muitas linhas sem matricula; nao comprova erro da IES";2024;165;UNIVERSIDADE VEIGA DE ALMEIDA;1452880;Sistemas De Informação;10;0;439.0;395.0;0.0;0.9;concentracao no maior municipio;"conferir distribuicao; prioridade secundaria";"manter os totais; nao interpretar municipio associado como polo fisico";"pendente; triagem automatica nao confirma preenchimento da IES"
"distribuicao municipal EaD concentrada ou com muitas linhas sem matricula; nao comprova erro da IES";2023;430;CENTRO UNIVERSITÁRIO FILADÉLFIA;1635706;Ciência De Dados E Inteligência Artificial;10;7;25.0;23.0;0.7;0.92;muitos municipios zerados e concentracao;"conferir distribuicao; prioridade secundaria";"manter os totais; nao interpretar municipio associado como polo fisico";"pendente; triagem automatica nao confirma preenchimento da IES"
"distribuicao municipal EaD concentrada ou com muitas linhas sem matricula; nao comprova erro da IES";2023;1422;CENTRO UNIVERSITÁRIO DO NORTE;1510916;Análise E Desenvolvimento De Sistemas;10;6;224.0;221.0;0.6;0.987;muitos municipios zerados e concentracao;conferir os municipios no mapa;"manter os totais; nao interpretar municipio associado como polo fisico";"pendente; triagem automatica nao confirma preenchimento da IES"
"distribuicao municipal EaD concentrada ou com muitas linhas sem matricula; nao comprova erro da IES";2022;712;CENTRO UNIVERSITÁRIO IBMR;1545421;Ciência Da Computação;10;5;268.0;252.0;0.5;0.94;concentracao no maior municipio;"conferir distribuicao; prioridade secundaria";"manter os totais; nao interpretar municipio associado como polo fisico";"pendente; triagem automatica nao confirma preenchimento da IES"
"distribuicao municipal EaD concentrada ou com muitas linhas sem matricula; nao comprova erro da IES";2023;338;PONTIFÍCIA UNIVERSIDADE CATÓLICA DE MINAS GERAIS;1551070;Sistemas Para Internet;10;3;95.0;87.0;0.3;0.916;concentracao no maior municipio;"conferir distribuicao; prioridade secundaria";"manter os totais; nao interpretar municipio associado como polo fisico";"pendente; triagem automatica nao confirma preenchimento da IES"
"distribuicao municipal EaD concentrada ou com muitas linhas sem matricula; nao comprova erro da IES";2022;2950;Centro Universitário FADERGS;1457870;Ciência Da Computação;10;8;35.0;34.0;0.8;0.971;muitos municipios zerados e concentracao;"conferir distribuicao; prioridade secundaria";"manter os totais; nao interpretar municipio associado como polo fisico";"pendente; triagem automatica nao confirma preenchimento da IES"
"distribuicao municipal EaD concentrada ou com muitas linhas sem matricula; nao comprova erro da IES";2021;4153;Centro Universitário Joaquim Nabuco de Recife;1536204;Service Design;10;7;3.0;1.0;0.7;0.333;muitos municipios zerados;"conferir distribuicao; prioridade secundaria";"manter os totais; nao interpretar municipio associado como polo fisico";"pendente; triagem automatica nao confirma preenchimento da IES"
"distribuicao municipal EaD concentrada ou com muitas linhas sem matricula; nao comprova erro da IES";2021;1060;CENTRO UNIVERSITÁRIO DO INSTITUTO DE EDUCAÇÃO SUPERIOR DE BRASÍLIA - IESB;1542115;Big Data E Inteligência Analítica;10;5;71.0;67.0;0.5;0.944;concentracao no maior municipio;"conferir distribuicao; prioridade secundaria";"manter os totais; nao interpretar municipio associado como polo fisico";"pendente; triagem automatica nao confirma preenchimento da IES"
"distribuicao municipal EaD concentrada ou com muitas linhas sem matricula; nao comprova erro da IES";2022;522;CENTRO UNIVERSITÁRIO CELSO LISBOA;1597179;Banco De Dados;10;6;14.0;11.0;0.6;0.786;muitos municipios zerados;"conferir distribuicao; prioridade secundaria";"manter os totais; nao interpretar municipio associado como polo fisico";"pendente; triagem automatica nao confirma preenchimento da IES"
"distribuicao municipal EaD concentrada ou com muitas linhas sem matricula; nao comprova erro da IES";2023;1892;Centro Universitário de Excelência Eniac;1308555;Análise E Desenvolvimento De Sistemas;10;1;245.0;225.0;0.1;0.918;concentracao no maior municipio;"conferir distribuicao; prioridade secundaria";"manter os totais; nao interpretar municipio associado como polo fisico";"pendente; triagem automatica nao confirma preenchimento da IES"
"distribuicao municipal EaD concentrada ou com muitas linhas sem matricula; nao comprova erro da IES";2016;403;UNIVERSIDADE CATÓLICA DE BRASÍLIA;106248;GESTÃO DA TECNOLOGIA DA INFORMAÇÃO;10;6;35.0;30.0;0.6;0.857;muitos municipios zerados;"conferir distribuicao; prioridade secundaria";"manter os totais; nao interpretar municipio associado como polo fisico";"pendente; triagem automatica nao confirma preenchimento da IES"
"distribuicao municipal EaD concentrada ou com muitas linhas sem matricula; nao comprova erro da IES";2022;1805;CENTRO UNIVERSITÁRIO DOS GUARARAPES;1546429;Ciência Da Computação;9;4;135.0;123.0;0.444;0.911;concentracao no maior municipio;"conferir distribuicao; prioridade secundaria";"manter os totais; nao interpretar municipio associado como polo fisico";"pendente; triagem automatica nao confirma preenchimento da IES"
"distribuicao municipal EaD concentrada ou com muitas linhas sem matricula; nao comprova erro da IES";2024;15859;Faculdade Católica Paulista;1439413;Análise E Desenvolvimento De Sistemas;9;5;203.0;199.0;0.556;0.98;concentracao no maior municipio;"conferir distribuicao; prioridade secundaria";"manter os totais; nao interpretar municipio associado como polo fisico";"pendente; triagem automatica nao confirma preenchimento da IES"
"distribuicao municipal EaD concentrada ou com muitas linhas sem matricula; nao comprova erro da IES";2023;430;CENTRO UNIVERSITÁRIO FILADÉLFIA;1635390;Engenharia De Software;9;5;71.0;68.0;0.556;0.958;concentracao no maior municipio;"conferir distribuicao; prioridade secundaria";"manter os totais; nao interpretar municipio associado como polo fisico";"pendente; triagem automatica nao confirma preenchimento da IES"
"distribuicao municipal EaD concentrada ou com muitas linhas sem matricula; nao comprova erro da IES";2024;671;UNIVERSIDADE ANHANGUERA;1548027;Arquitetura De Dados;9;8;2.0;2.0;0.889;1.0;muitos municipios zerados e concentracao;"conferir distribuicao; prioridade secundaria";"manter os totais; nao interpretar municipio associado como polo fisico";"pendente; triagem automatica nao confirma preenchimento da IES"
"distribuicao municipal EaD concentrada ou com muitas linhas sem matricula; nao comprova erro da IES";2024;671;UNIVERSIDADE ANHANGUERA;1548209;Inteligência De Mercado E Análise De Dados;9;6;6.0;3.0;0.667;0.5;muitos municipios zerados;"conferir distribuicao; prioridade secundaria";"manter os totais; nao interpretar municipio associado como polo fisico";"pendente; triagem automatica nao confirma preenchimento da IES"
"distribuicao municipal EaD concentrada ou com muitas linhas sem matricula; nao comprova erro da IES";2022;712;CENTRO UNIVERSITÁRIO IBMR;1546445;Redes De Computadores;9;5;108.0;103.0;0.556;0.954;concentracao no maior municipio;"conferir distribuicao; prioridade secundaria";"manter os totais; nao interpretar municipio associado como polo fisico";"pendente; triagem automatica nao confirma preenchimento da IES"
"distribuicao municipal EaD concentrada ou com muitas linhas sem matricula; nao comprova erro da IES";2024;671;UNIVERSIDADE ANHANGUERA;1537693;Devops;9;6;7.0;3.0;0.667;0.429;muitos municipios zerados;"conferir distribuicao; prioridade secundaria";"manter os totais; nao interpretar municipio associado como polo fisico";"pendente; triagem automatica nao confirma preenchimento da IES"
"distribuicao municipal EaD concentrada ou com muitas linhas sem matricula; nao comprova erro da IES";2021;1427;CENTRO UNIVERSITÁRIO DA SERRA GAÚCHA;1442602;Jogos Digitais;9;6;3.0;1.0;0.667;0.333;muitos municipios zerados;"conferir distribuicao; prioridade secundaria";"manter os totais; nao interpretar municipio associado como polo fisico";"pendente; triagem automatica nao confirma preenchimento da IES"
"distribuicao municipal EaD concentrada ou com muitas linhas sem matricula; nao comprova erro da IES";2020;1538;CENTRO UNIVERSITARIO PROJEÇÃO;1419631;ANÁLISE E DESENVOLVIMENTO DE SISTEMAS;9;2;227.0;217.0;0.222;0.956;concentracao no maior municipio;"conferir distribuicao; prioridade secundaria";"manter os totais; nao interpretar municipio associado como polo fisico";"pendente; triagem automatica nao confirma preenchimento da IES"
"distribuicao municipal EaD concentrada ou com muitas linhas sem matricula; nao comprova erro da IES";2021;712;CENTRO UNIVERSITÁRIO IBMR;1546445;Redes De Computadores;9;5;73.0;70.0;0.556;0.959;concentracao no maior municipio;"conferir distribuicao; prioridade secundaria";"manter os totais; nao interpretar municipio associado como polo fisico";"pendente; triagem automatica nao confirma preenchimento da IES"
"distribuicao municipal EaD concentrada ou com muitas linhas sem matricula; nao comprova erro da IES";2022;1872;CENTRO UNIVERSITÁRIO SANTA CRUZ DE CURITIBA;1576051;Gestão Da Tecnologia Da Informação;9;6;8.0;6.0;0.667;0.75;muitos municipios zerados;"conferir distribuicao; prioridade secundaria";"manter os totais; nao interpretar municipio associado como polo fisico";"pendente; triagem automatica nao confirma preenchimento da IES"
"distribuicao municipal EaD concentrada ou com muitas linhas sem matricula; nao comprova erro da IES";2023;387;UNIVERSIDADE CATÓLICA DOM BOSCO;1550198;Análise E Desenvolvimento De Sistemas;8;4;104.0;100.0;0.5;0.962;concentracao no maior municipio;"conferir distribuicao; prioridade secundaria";"manter os totais; nao interpretar municipio associado como polo fisico";"pendente; triagem automatica nao confirma preenchimento da IES"
"distribuicao municipal EaD concentrada ou com muitas linhas sem matricula; nao comprova erro da IES";2023;338;PONTIFÍCIA UNIVERSIDADE CATÓLICA DE MINAS GERAIS;1575872;Gestão Da Tecnologia Da Informação;8;1;102.0;94.0;0.125;0.922;concentracao no maior municipio;"conferir distribuicao; prioridade secundaria";"manter os totais; nao interpretar municipio associado como polo fisico";"pendente; triagem automatica nao confirma preenchimento da IES"
"distribuicao municipal EaD concentrada ou com muitas linhas sem matricula; nao comprova erro da IES";2023;437;UNIVERSIDADE PARANAENSE;1427780;Jogos Digitais;8;6;3.0;2.0;0.75;0.667;muitos municipios zerados;"conferir distribuicao; prioridade secundaria";"manter os totais; nao interpretar municipio associado como polo fisico";"pendente; triagem automatica nao confirma preenchimento da IES"
"distribuicao municipal EaD concentrada ou com muitas linhas sem matricula; nao comprova erro da IES";2023;338;PONTIFÍCIA UNIVERSIDADE CATÓLICA DE MINAS GERAIS;1550797;Banco De Dados;8;0;184.0;167.0;0.0;0.908;concentracao no maior municipio;"conferir distribuicao; prioridade secundaria";"manter os totais; nao interpretar municipio associado como polo fisico";"pendente; triagem automatica nao confirma preenchimento da IES"
"distribuicao municipal EaD concentrada ou com muitas linhas sem matricula; nao comprova erro da IES";2023;1427;CENTRO UNIVERSITÁRIO DA SERRA GAÚCHA;1599293;Coding;8;5;4.0;2.0;0.625;0.5;muitos municipios zerados;"conferir distribuicao; prioridade secundaria";"manter os totais; nao interpretar municipio associado como polo fisico";"pendente; triagem automatica nao confirma preenchimento da IES"
"distribuicao municipal EaD concentrada ou com muitas linhas sem matricula; nao comprova erro da IES";2023;1759;Gran Centro Universitário;1662747;Banco De Dados;8;5;4.0;2.0;0.625;0.5;muitos municipios zerados;"conferir distribuicao; prioridade secundaria";"manter os totais; nao interpretar municipio associado como polo fisico";"pendente; triagem automatica nao confirma preenchimento da IES"
"distribuicao municipal EaD concentrada ou com muitas linhas sem matricula; nao comprova erro da IES";2022;712;CENTRO UNIVERSITÁRIO IBMR;1484892;Big Data E Inteligência Analítica;8;5;95.0;93.0;0.625;0.979;muitos municipios zerados e concentracao;"conferir distribuicao; prioridade secundaria";"manter os totais; nao interpretar municipio associado como polo fisico";"pendente; triagem automatica nao confirma preenchimento da IES"
"distribuicao municipal EaD concentrada ou com muitas linhas sem matricula; nao comprova erro da IES";2024;387;UNIVERSIDADE CATÓLICA DOM BOSCO;1550198;Análise E Desenvolvimento De Sistemas;8;2;113.0;107.0;0.25;0.947;concentracao no maior municipio;"conferir distribuicao; prioridade secundaria";"manter os totais; nao interpretar municipio associado como polo fisico";"pendente; triagem automatica nao confirma preenchimento da IES"
"distribuicao municipal EaD concentrada ou com muitas linhas sem matricula; nao comprova erro da IES";2024;386;CENTRO UNIVERSITÁRIO DE GOIÁS;1491649;Análise E Desenvolvimento De Sistemas;8;1;239.0;225.0;0.125;0.941;concentracao no maior municipio;"conferir distribuicao; prioridade secundaria";"manter os totais; nao interpretar municipio associado como polo fisico";"pendente; triagem automatica nao confirma preenchimento da IES"
"distribuicao municipal EaD concentrada ou com muitas linhas sem matricula; nao comprova erro da IES";2022;1255;Centro Universitário FBV Wyden;1521177;Análise E Desenvolvimento De Sistemas;8;0;509.0;499.0;0.0;0.98;concentracao no maior municipio;"conferir distribuicao; prioridade secundaria";"manter os totais; nao interpretar municipio associado como polo fisico";"pendente; triagem automatica nao confirma preenchimento da IES"
"distribuicao municipal EaD concentrada ou com muitas linhas sem matricula; nao comprova erro da IES";2022;1805;CENTRO UNIVERSITÁRIO DOS GUARARAPES;1545626;Análise E Desenvolvimento De Sistemas;8;4;81.0;73.0;0.5;0.901;concentracao no maior municipio;"conferir distribuicao; prioridade secundaria";"manter os totais; nao interpretar municipio associado como polo fisico";"pendente; triagem automatica nao confirma preenchimento da IES"
"distribuicao municipal EaD concentrada ou com muitas linhas sem matricula; nao comprova erro da IES";2023;1060;CENTRO UNIVERSITÁRIO DO INSTITUTO DE EDUCAÇÃO SUPERIOR DE BRASÍLIA - IESB;1438428;Redes De Computadores;8;2;76.0;70.0;0.25;0.921;concentracao no maior municipio;"conferir distribuicao; prioridade secundaria";"manter os totais; nao interpretar municipio associado como polo fisico";"pendente; triagem automatica nao confirma preenchimento da IES"
"distribuicao municipal EaD concentrada ou com muitas linhas sem matricula; nao comprova erro da IES";2024;2950;Centro Universitário FADERGS;1429915;Análise E Desenvolvimento De Sistemas;8;1;161.0;147.0;0.125;0.913;concentracao no maior municipio;"conferir distribuicao; prioridade secundaria";"manter os totais; nao interpretar municipio associado como polo fisico";"pendente; triagem automatica nao confirma preenchimento da IES"
"distribuicao municipal EaD concentrada ou com muitas linhas sem matricula; nao comprova erro da IES";2024;125;CENTRO UNIVERSITÁRIO DE ARARAS -;1655023;Análise E Desenvolvimento De Sistemas;8;5;8.0;6.0;0.625;0.75;muitos municipios zerados;"conferir distribuicao; prioridade secundaria";"manter os totais; nao interpretar municipio associado como polo fisico";"pendente; triagem automatica nao confirma preenchimento da IES"
"distribuicao municipal EaD concentrada ou com muitas linhas sem matricula; nao comprova erro da IES";2024;17854;Centro Universitário Unifecaf;1502339;Engenharia Da Computação;8;7;215.0;215.0;0.875;1.0;muitos municipios zerados e concentracao;conferir os municipios no mapa;"manter os totais; nao interpretar municipio associado como polo fisico";"pendente; triagem automatica nao confirma preenchimento da IES"
"distribuicao municipal EaD concentrada ou com muitas linhas sem matricula; nao comprova erro da IES";2024;671;UNIVERSIDADE ANHANGUERA;1537675;Desenvolvimento Mobile;8;7;1.0;1.0;0.875;1.0;muitos municipios zerados e concentracao;"conferir distribuicao; prioridade secundaria";"manter os totais; nao interpretar municipio associado como polo fisico";"pendente; triagem automatica nao confirma preenchimento da IES"
"distribuicao municipal EaD concentrada ou com muitas linhas sem matricula; nao comprova erro da IES";2023;671;UNIVERSIDADE ANHANGUERA;1548262;Computação Em Nuvem;8;6;4.0;2.0;0.75;0.5;muitos municipios zerados;"conferir distribuicao; prioridade secundaria";"manter os totais; nao interpretar municipio associado como polo fisico";"pendente; triagem automatica nao confirma preenchimento da IES"
"distribuicao municipal EaD concentrada ou com muitas linhas sem matricula; nao comprova erro da IES";2022;3602;CENTRO UNIVERSITÁRIO AUTÔNOMO DO BRASIL;1547897;Análise E Desenvolvimento De Sistemas;7;2;52.0;48.0;0.286;0.923;concentracao no maior municipio;"conferir distribuicao; prioridade secundaria";"manter os totais; nao interpretar municipio associado como polo fisico";"pendente; triagem automatica nao confirma preenchimento da IES"
"distribuicao municipal EaD concentrada ou com muitas linhas sem matricula; nao comprova erro da IES";2021;277;CENTRO UNIVERSITÁRIO AUGUSTO MOTTA;1439955;Análise E Desenvolvimento De Sistemas;7;0;283.0;264.0;0.0;0.933;concentracao no maior municipio;"conferir distribuicao; prioridade secundaria";"manter os totais; nao interpretar municipio associado como polo fisico";"pendente; triagem automatica nao confirma preenchimento da IES"
"distribuicao municipal EaD concentrada ou com muitas linhas sem matricula; nao comprova erro da IES";2021;712;CENTRO UNIVERSITÁRIO IBMR;1484892;Big Data E Inteligência Analítica;7;3;80.0;77.0;0.429;0.962;concentracao no maior municipio;"conferir distribuicao; prioridade secundaria";"manter os totais; nao interpretar municipio associado como polo fisico";"pendente; triagem automatica nao confirma preenchimento da IES"
"distribuicao municipal EaD concentrada ou com muitas linhas sem matricula; nao comprova erro da IES";2020;5370;Centro Universitário Doctum de Teófilo Otoni;1551901;REDES DE COMPUTADORES;7;5;3.0;2.0;0.714;0.667;muitos municipios zerados;"conferir distribuicao; prioridade secundaria";"manter os totais; nao interpretar municipio associado como polo fisico";"pendente; triagem automatica nao confirma preenchimento da IES"
"distribuicao municipal EaD concentrada ou com muitas linhas sem matricula; nao comprova erro da IES";2021;15450;Faculdade Única de Ipatinga;1473018;Sistemas Para Internet;7;5;6.0;5.0;0.714;0.833;muitos municipios zerados;"conferir distribuicao; prioridade secundaria";"manter os totais; nao interpretar municipio associado como polo fisico";"pendente; triagem automatica nao confirma preenchimento da IES"
"distribuicao municipal EaD concentrada ou com muitas linhas sem matricula; nao comprova erro da IES";2021;2950;Centro Universitário FADERGS;1457871;Sistemas Para Internet;7;5;3.0;2.0;0.714;0.667;muitos municipios zerados;"conferir distribuicao; prioridade secundaria";"manter os totais; nao interpretar municipio associado como polo fisico";"pendente; triagem automatica nao confirma preenchimento da IES"
"distribuicao municipal EaD concentrada ou com muitas linhas sem matricula; nao comprova erro da IES";2023;338;PONTIFÍCIA UNIVERSIDADE CATÓLICA DE MINAS GERAIS;1550782;Jogos Digitais;7;2;107.0;100.0;0.286;0.935;concentracao no maior municipio;"conferir distribuicao; prioridade secundaria";"manter os totais; nao interpretar municipio associado como polo fisico";"pendente; triagem automatica nao confirma preenchimento da IES"
"distribuicao municipal EaD concentrada ou com muitas linhas sem matricula; nao comprova erro da IES";2022;712;CENTRO UNIVERSITÁRIO IBMR;1545602;Sistemas De Informação;7;4;111.0;108.0;0.571;0.973;concentracao no maior municipio;"conferir distribuicao; prioridade secundaria";"manter os totais; nao interpretar municipio associado como polo fisico";"pendente; triagem automatica nao confirma preenchimento da IES"
"distribuicao municipal EaD concentrada ou com muitas linhas sem matricula; nao comprova erro da IES";2023;383;UNIVERSIDADE DA AMAZÔNIA;1550802;Internet Das Coisas;7;6;1.0;1.0;0.857;1.0;muitos municipios zerados e concentracao;"conferir distribuicao; prioridade secundaria";"manter os totais; nao interpretar municipio associado como polo fisico";"pendente; triagem automatica nao confirma preenchimento da IES"
"distribuicao municipal EaD concentrada ou com muitas linhas sem matricula; nao comprova erro da IES";2022;1185;CENTRO UNIVERSITÁRIO JORGE AMADO;1473699;Sistemas De Informação;7;3;68.0;63.0;0.429;0.926;concentracao no maior municipio;"conferir distribuicao; prioridade secundaria";"manter os totais; nao interpretar municipio associado como polo fisico";"pendente; triagem automatica nao confirma preenchimento da IES"
"distribuicao municipal EaD concentrada ou com muitas linhas sem matricula; nao comprova erro da IES";2023;1872;CENTRO UNIVERSITÁRIO SANTA CRUZ DE CURITIBA;1576051;Gestão Da Tecnologia Da Informação;7;5;8.0;6.0;0.714;0.75;muitos municipios zerados;"conferir distribuicao; prioridade secundaria";"manter os totais; nao interpretar municipio associado como polo fisico";"pendente; triagem automatica nao confirma preenchimento da IES"
"distribuicao municipal EaD concentrada ou com muitas linhas sem matricula; nao comprova erro da IES";2020;277;CENTRO UNIVERSITÁRIO AUGUSTO MOTTA;1439955;ANÁLISE E DESENVOLVIMENTO DE SISTEMAS;6;0;172.0;163.0;0.0;0.948;concentracao no maior municipio;"conferir distribuicao; prioridade secundaria";"manter os totais; nao interpretar municipio associado como polo fisico";"pendente; triagem automatica nao confirma preenchimento da IES"
"distribuicao municipal EaD concentrada ou com muitas linhas sem matricula; nao comprova erro da IES";2020;1490;CENTRO UNIVERSITÁRIO DE JAGUARIÚNA;1420298;ANÁLISE E DESENVOLVIMENTO DE SISTEMAS;6;4;3.0;2.0;0.667;0.667;muitos municipios zerados;"conferir distribuicao; prioridade secundaria";"manter os totais; nao interpretar municipio associado como polo fisico";"pendente; triagem automatica nao confirma preenchimento da IES"
"distribuicao municipal EaD concentrada ou com muitas linhas sem matricula; nao comprova erro da IES";2021;124;UNIVERSIDADE DE ARARAQUARA;1443889;Análise E Desenvolvimento De Sistemas;6;1;126.0;119.0;0.167;0.944;concentracao no maior municipio;"conferir distribuicao; prioridade secundaria";"manter os totais; nao interpretar municipio associado como polo fisico";"pendente; triagem automatica nao confirma preenchimento da IES"
"distribuicao municipal EaD concentrada ou com muitas linhas sem matricula; nao comprova erro da IES";2024;338;PONTIFÍCIA UNIVERSIDADE CATÓLICA DE MINAS GERAIS;1550713;Sistemas De Informação;6;0;680.0;653.0;0.0;0.96;concentracao no maior municipio;"conferir distribuicao; prioridade secundaria";"manter os totais; nao interpretar municipio associado como polo fisico";"pendente; triagem automatica nao confirma preenchimento da IES"
"distribuicao municipal EaD concentrada ou com muitas linhas sem matricula; nao comprova erro da IES";2024;2497;CENTRO UNIVERSITÁRIO ATENEU;1473218;Gestão Da Tecnologia Da Informação;6;3;23.0;21.0;0.5;0.913;concentracao no maior municipio;"conferir distribuicao; prioridade secundaria";"manter os totais; nao interpretar municipio associado como polo fisico";"pendente; triagem automatica nao confirma preenchimento da IES"
"distribuicao municipal EaD concentrada ou com muitas linhas sem matricula; nao comprova erro da IES";2024;918;CENTRO UNIVERSITÁRIO UNIVEL;1596408;Análise E Desenvolvimento De Sistemas;6;2;93.0;86.0;0.333;0.925;concentracao no maior municipio;"conferir distribuicao; prioridade secundaria";"manter os totais; nao interpretar municipio associado como polo fisico";"pendente; triagem automatica nao confirma preenchimento da IES"
"distribuicao municipal EaD concentrada ou com muitas linhas sem matricula; nao comprova erro da IES";2024;480;CENTRO UNIVERSITÁRIO SERRA DOS ÓRGÃOS;1624916;Análise E Desenvolvimento De Sistemas;6;4;166.0;165.0;0.667;0.994;muitos municipios zerados e concentracao;conferir os municipios no mapa;"manter os totais; nao interpretar municipio associado como polo fisico";"pendente; triagem automatica nao confirma preenchimento da IES"
"distribuicao municipal EaD concentrada ou com muitas linhas sem matricula; nao comprova erro da IES";2024;671;UNIVERSIDADE ANHANGUERA;1576142;Sistemas Para Internet;6;4;2.0;1.0;0.667;0.5;muitos municipios zerados;"conferir distribuicao; prioridade secundaria";"manter os totais; nao interpretar municipio associado como polo fisico";"pendente; triagem automatica nao confirma preenchimento da IES"
"distribuicao municipal EaD concentrada ou com muitas linhas sem matricula; nao comprova erro da IES";2024;2279;Centro Universitário Metrocamp Wyden;1591261;Ciência Da Computação;6;3;88.0;86.0;0.5;0.977;concentracao no maior municipio;"conferir distribuicao; prioridade secundaria";"manter os totais; nao interpretar municipio associado como polo fisico";"pendente; triagem automatica nao confirma preenchimento da IES"
"distribuicao municipal EaD concentrada ou com muitas linhas sem matricula; nao comprova erro da IES";2022;712;CENTRO UNIVERSITÁRIO IBMR;1483975;Segurança Da Informação;6;3;94.0;92.0;0.5;0.979;concentracao no maior municipio;"conferir distribuicao; prioridade secundaria";"manter os totais; nao interpretar municipio associado como polo fisico";"pendente; triagem automatica nao confirma preenchimento da IES"
"distribuicao municipal EaD concentrada ou com muitas linhas sem matricula; nao comprova erro da IES";2024;1422;CENTRO UNIVERSITÁRIO DO NORTE;1510916;Análise E Desenvolvimento De Sistemas;6;3;176.0;174.0;0.5;0.989;concentracao no maior municipio;"conferir distribuicao; prioridade secundaria";"manter os totais; nao interpretar municipio associado como polo fisico";"pendente; triagem automatica nao confirma preenchimento da IES"
"distribuicao municipal EaD concentrada ou com muitas linhas sem matricula; nao comprova erro da IES";2023;448;CENTRO UNIVERSITÁRIO RITTER DOS REIS;1549949;Blockchain E Criptografia Digital;6;4;2.0;1.0;0.667;0.5;muitos municipios zerados;"conferir distribuicao; prioridade secundaria";"manter os totais; nao interpretar municipio associado como polo fisico";"pendente; triagem automatica nao confirma preenchimento da IES"
"distribuicao municipal EaD concentrada ou com muitas linhas sem matricula; nao comprova erro da IES";2023;1075;CENTRO UNIVERSITÁRIO - UNIESP;1526019;Análise E Desenvolvimento De Sistemas;6;0;471.0;440.0;0.0;0.934;concentracao no maior municipio;"conferir distribuicao; prioridade secundaria";"manter os totais; nao interpretar municipio associado como polo fisico";"pendente; triagem automatica nao confirma preenchimento da IES"
"distribuicao municipal EaD concentrada ou com muitas linhas sem matricula; nao comprova erro da IES";2023;1388;CENTRO UNIVERSITÁRIO SUMARÉ;1496478;Análise E Desenvolvimento De Sistemas;6;2;153.0;150.0;0.333;0.98;concentracao no maior municipio;"conferir distribuicao; prioridade secundaria";"manter os totais; nao interpretar municipio associado como polo fisico";"pendente; triagem automatica nao confirma preenchimento da IES"
"distribuicao municipal EaD concentrada ou com muitas linhas sem matricula; nao comprova erro da IES";2023;481;Universidade Universus Veritas Guarulhos;1404990;Análise E Desenvolvimento De Sistemas;6;4;6.0;4.0;0.667;0.667;muitos municipios zerados;"conferir distribuicao; prioridade secundaria";"manter os totais; nao interpretar municipio associado como polo fisico";"pendente; triagem automatica nao confirma preenchimento da IES"
"distribuicao municipal EaD concentrada ou com muitas linhas sem matricula; nao comprova erro da IES";2022;712;CENTRO UNIVERSITÁRIO IBMR;1545604;Engenharia De Computação;6;3;75.0;73.0;0.5;0.973;concentracao no maior municipio;"conferir distribuicao; prioridade secundaria";"manter os totais; nao interpretar municipio associado como polo fisico";"pendente; triagem automatica nao confirma preenchimento da IES"
"distribuicao municipal EaD concentrada ou com muitas linhas sem matricula; nao comprova erro da IES";2022;124;UNIVERSIDADE DE ARARAQUARA;1443889;Análise E Desenvolvimento De Sistemas;6;1;163.0;156.0;0.167;0.957;concentracao no maior municipio;"conferir distribuicao; prioridade secundaria";"manter os totais; nao interpretar municipio associado como polo fisico";"pendente; triagem automatica nao confirma preenchimento da IES"
"distribuicao municipal EaD concentrada ou com muitas linhas sem matricula; nao comprova erro da IES";2022;1388;CENTRO UNIVERSITÁRIO SUMARÉ;1496478;Análise E Desenvolvimento De Sistemas;6;1;111.0;107.0;0.167;0.964;concentracao no maior municipio;"conferir distribuicao; prioridade secundaria";"manter os totais; nao interpretar municipio associado como polo fisico";"pendente; triagem automatica nao confirma preenchimento da IES"
"distribuicao municipal EaD concentrada ou com muitas linhas sem matricula; nao comprova erro da IES";2022;515;Centro Universitário Anhanguera Pitágoras Unopar de Niterói;1576287;Jogos Digitais;6;4;2.0;1.0;0.667;0.5;muitos municipios zerados;"conferir distribuicao; prioridade secundaria";"manter os totais; nao interpretar municipio associado como polo fisico";"pendente; triagem automatica nao confirma preenchimento da IES"
"distribuicao municipal EaD concentrada ou com muitas linhas sem matricula; nao comprova erro da IES";2022;1508;Centro Universitário Metropolitano de Maringá;1457207;Engenharia De Software;6;4;26.0;25.0;0.667;0.962;muitos municipios zerados e concentracao;"conferir distribuicao; prioridade secundaria";"manter os totais; nao interpretar municipio associado como polo fisico";"pendente; triagem automatica nao confirma preenchimento da IES"
"distribuicao municipal EaD concentrada ou com muitas linhas sem matricula; nao comprova erro da IES";2021;277;CENTRO UNIVERSITÁRIO AUGUSTO MOTTA;1440022;Redes De Computadores;6;1;124.0;116.0;0.167;0.935;concentracao no maior municipio;"conferir distribuicao; prioridade secundaria";"manter os totais; nao interpretar municipio associado como polo fisico";"pendente; triagem automatica nao confirma preenchimento da IES"
"distribuicao municipal EaD concentrada ou com muitas linhas sem matricula; nao comprova erro da IES";2015;316;UNIVERSIDADE NOVE DE JULHO;114401;REDES DE COMPUTADORES;5;0;643.0;605.0;0.0;0.941;concentracao no maior municipio;"conferir distribuicao; prioridade secundaria";"manter os totais; nao interpretar municipio associado como polo fisico";"pendente; triagem automatica nao confirma preenchimento da IES"
"distribuicao municipal EaD concentrada ou com muitas linhas sem matricula; nao comprova erro da IES";2015;316;UNIVERSIDADE NOVE DE JULHO;1135072;GESTÃO DA TECNOLOGIA DA INFORMAÇÃO;5;0;365.0;351.0;0.0;0.962;concentracao no maior municipio;"conferir distribuicao; prioridade secundaria";"manter os totais; nao interpretar municipio associado como polo fisico";"pendente; triagem automatica nao confirma preenchimento da IES"
"distribuicao municipal EaD concentrada ou com muitas linhas sem matricula; nao comprova erro da IES";2016;316;UNIVERSIDADE NOVE DE JULHO;1152522;SISTEMAS PARA INTERNET;5;0;190.0;172.0;0.0;0.905;concentracao no maior municipio;"conferir distribuicao; prioridade secundaria";"manter os totais; nao interpretar municipio associado como polo fisico";"pendente; triagem automatica nao confirma preenchimento da IES"
"distribuicao municipal EaD concentrada ou com muitas linhas sem matricula; nao comprova erro da IES";2013;316;UNIVERSIDADE NOVE DE JULHO;1135072;GESTÃO DA TECNOLOGIA DA INFORMAÇÃO;5;0;276.0;252.0;0.0;0.913;concentracao no maior municipio;"conferir distribuicao; prioridade secundaria";"manter os totais; nao interpretar municipio associado como polo fisico";"pendente; triagem automatica nao confirma preenchimento da IES"
"distribuicao municipal EaD concentrada ou com muitas linhas sem matricula; nao comprova erro da IES";2014;316;UNIVERSIDADE NOVE DE JULHO;114401;REDES DE COMPUTADORES;5;0;491.0;454.0;0.0;0.925;concentracao no maior municipio;"conferir distribuicao; prioridade secundaria";"manter os totais; nao interpretar municipio associado como polo fisico";"pendente; triagem automatica nao confirma preenchimento da IES"
"distribuicao municipal EaD concentrada ou com muitas linhas sem matricula; nao comprova erro da IES";2015;316;UNIVERSIDADE NOVE DE JULHO;1152522;SISTEMAS PARA INTERNET;5;2;176.0;161.0;0.4;0.915;concentracao no maior municipio;"conferir distribuicao; prioridade secundaria";"manter os totais; nao interpretar municipio associado como polo fisico";"pendente; triagem automatica nao confirma preenchimento da IES"
"distribuicao municipal EaD concentrada ou com muitas linhas sem matricula; nao comprova erro da IES";2016;316;UNIVERSIDADE NOVE DE JULHO;1135072;GESTÃO DA TECNOLOGIA DA INFORMAÇÃO;5;0;361.0;347.0;0.0;0.961;concentracao no maior municipio;"conferir distribuicao; prioridade secundaria";"manter os totais; nao interpretar municipio associado como polo fisico";"pendente; triagem automatica nao confirma preenchimento da IES"
"distribuicao municipal EaD concentrada ou com muitas linhas sem matricula; nao comprova erro da IES";2016;316;UNIVERSIDADE NOVE DE JULHO;116390;ANÁLISE E DESENVOLVIMENTO DE SISTEMAS;5;0;600.0;566.0;0.0;0.943;concentracao no maior municipio;"conferir distribuicao; prioridade secundaria";"manter os totais; nao interpretar municipio associado como polo fisico";"pendente; triagem automatica nao confirma preenchimento da IES"
"distribuicao municipal EaD concentrada ou com muitas linhas sem matricula; nao comprova erro da IES";2016;316;UNIVERSIDADE NOVE DE JULHO;114401;REDES DE COMPUTADORES;5;0;717.0;683.0;0.0;0.953;concentracao no maior municipio;"conferir distribuicao; prioridade secundaria";"manter os totais; nao interpretar municipio associado como polo fisico";"pendente; triagem automatica nao confirma preenchimento da IES"
"distribuicao municipal EaD concentrada ou com muitas linhas sem matricula; nao comprova erro da IES";2014;316;UNIVERSIDADE NOVE DE JULHO;1152522;SISTEMAS PARA INTERNET;5;0;152.0;143.0;0.0;0.941;concentracao no maior municipio;"conferir distribuicao; prioridade secundaria";"manter os totais; nao interpretar municipio associado como polo fisico";"pendente; triagem automatica nao confirma preenchimento da IES"
"distribuicao municipal EaD concentrada ou com muitas linhas sem matricula; nao comprova erro da IES";2014;316;UNIVERSIDADE NOVE DE JULHO;1135072;GESTÃO DA TECNOLOGIA DA INFORMAÇÃO;5;0;318.0;296.0;0.0;0.931;concentracao no maior municipio;"conferir distribuicao; prioridade secundaria";"manter os totais; nao interpretar municipio associado como polo fisico";"pendente; triagem automatica nao confirma preenchimento da IES"
"distribuicao municipal EaD concentrada ou com muitas linhas sem matricula; nao comprova erro da IES";2020;1042;UNIVERSIDADE POSITIVO;1537825;INTERNET DAS COISAS;5;3;5.0;4.0;0.6;0.8;muitos municipios zerados;"conferir distribuicao; prioridade secundaria";"manter os totais; nao interpretar municipio associado como polo fisico";"pendente; triagem automatica nao confirma preenchimento da IES"
"distribuicao municipal EaD concentrada ou com muitas linhas sem matricula; nao comprova erro da IES";2020;1557;UNIVERSIDADE FUMEC;1456130;ENGENHARIA DE COMPUTAÇÃO;5;1;91.0;83.0;0.2;0.912;concentracao no maior municipio;"conferir distribuicao; prioridade secundaria";"manter os totais; nao interpretar municipio associado como polo fisico";"pendente; triagem automatica nao confirma preenchimento da IES"
"distribuicao municipal EaD concentrada ou com muitas linhas sem matricula; nao comprova erro da IES";2020;1557;UNIVERSIDADE FUMEC;1266540;SISTEMAS DE INFORMAÇÃO;5;0;318.0;300.0;0.0;0.943;concentracao no maior municipio;"conferir distribuicao; prioridade secundaria";"manter os totais; nao interpretar municipio associado como polo fisico";"pendente; triagem automatica nao confirma preenchimento da IES"
"distribuicao municipal EaD concentrada ou com muitas linhas sem matricula; nao comprova erro da IES";2022;515;Centro Universitário Anhanguera Pitágoras Unopar de Niterói;1576422;Inteligência De Mercado E Análise De Dados;5;3;2.0;1.0;0.6;0.5;muitos municipios zerados;"conferir distribuicao; prioridade secundaria";"manter os totais; nao interpretar municipio associado como polo fisico";"pendente; triagem automatica nao confirma preenchimento da IES"
"distribuicao municipal EaD concentrada ou com muitas linhas sem matricula; nao comprova erro da IES";2022;448;CENTRO UNIVERSITÁRIO RITTER DOS REIS;1549949;Blockchain E Criptografia Digital;5;3;4.0;3.0;0.6;0.75;muitos municipios zerados;"conferir distribuicao; prioridade secundaria";"manter os totais; nao interpretar municipio associado como polo fisico";"pendente; triagem automatica nao confirma preenchimento da IES"
"distribuicao municipal EaD concentrada ou com muitas linhas sem matricula; nao comprova erro da IES";2022;621;CENTRO UNIVERSITÁRIO CESMAC;1524472;Análise E Desenvolvimento De Sistemas;5;2;88.0;80.0;0.4;0.909;concentracao no maior municipio;"conferir distribuicao; prioridade secundaria";"manter os totais; nao interpretar municipio associado como polo fisico";"pendente; triagem automatica nao confirma preenchimento da IES"
"distribuicao municipal EaD concentrada ou com muitas linhas sem matricula; nao comprova erro da IES";2022;3371;CENTRO UNIVERSITÁRIO DE PATOS DE MINAS;1516685;Análise E Desenvolvimento De Sistemas;5;3;14.0;12.0;0.6;0.857;muitos municipios zerados;"conferir distribuicao; prioridade secundaria";"manter os totais; nao interpretar municipio associado como polo fisico";"pendente; triagem automatica nao confirma preenchimento da IES"
"distribuicao municipal EaD concentrada ou com muitas linhas sem matricula; nao comprova erro da IES";2022;1557;UNIVERSIDADE FUMEC;1420282;Gestão Da Tecnologia Da Informação;5;0;69.0;63.0;0.0;0.913;concentracao no maior municipio;"conferir distribuicao; prioridade secundaria";"manter os totais; nao interpretar municipio associado como polo fisico";"pendente; triagem automatica nao confirma preenchimento da IES"
"distribuicao municipal EaD concentrada ou com muitas linhas sem matricula; nao comprova erro da IES";2022;1557;UNIVERSIDADE FUMEC;1266540;Sistemas De Informação;5;1;234.0;215.0;0.2;0.919;concentracao no maior municipio;"conferir distribuicao; prioridade secundaria";"manter os totais; nao interpretar municipio associado como polo fisico";"pendente; triagem automatica nao confirma preenchimento da IES"
"distribuicao municipal EaD concentrada ou com muitas linhas sem matricula; nao comprova erro da IES";2022;242;CENTRO UNIVERSITÁRIO ANHANGUERA PITÁGORAS AMPLI;1607062;Sistemas Para Internet;5;3;2.0;1.0;0.6;0.5;muitos municipios zerados;"conferir distribuicao; prioridade secundaria";"manter os totais; nao interpretar municipio associado como polo fisico";"pendente; triagem automatica nao confirma preenchimento da IES"
"distribuicao municipal EaD concentrada ou com muitas linhas sem matricula; nao comprova erro da IES";2021;712;CENTRO UNIVERSITÁRIO IBMR;1483975;Segurança Da Informação;5;2;65.0;63.0;0.4;0.969;concentracao no maior municipio;"conferir distribuicao; prioridade secundaria";"manter os totais; nao interpretar municipio associado como polo fisico";"pendente; triagem automatica nao confirma preenchimento da IES"
"distribuicao municipal EaD concentrada ou com muitas linhas sem matricula; nao comprova erro da IES";2021;1538;CENTRO UNIVERSITARIO PROJEÇÃO;1419631;Análise E Desenvolvimento De Sistemas;5;0;268.0;263.0;0.0;0.981;concentracao no maior municipio;"conferir distribuicao; prioridade secundaria";"manter os totais; nao interpretar municipio associado como polo fisico";"pendente; triagem automatica nao confirma preenchimento da IES"
"distribuicao municipal EaD concentrada ou com muitas linhas sem matricula; nao comprova erro da IES";2021;1557;UNIVERSIDADE FUMEC;1266540;Sistemas De Informação;5;0;284.0;265.0;0.0;0.933;concentracao no maior municipio;"conferir distribuicao; prioridade secundaria";"manter os totais; nao interpretar municipio associado como polo fisico";"pendente; triagem automatica nao confirma preenchimento da IES"
"distribuicao municipal EaD concentrada ou com muitas linhas sem matricula; nao comprova erro da IES";2021;712;CENTRO UNIVERSITÁRIO IBMR;1545999;Jogos Digitais;5;4;11.0;11.0;0.8;1.0;muitos municipios zerados e concentracao;"conferir distribuicao; prioridade secundaria";"manter os totais; nao interpretar municipio associado como polo fisico";"pendente; triagem automatica nao confirma preenchimento da IES"
"distribuicao municipal EaD concentrada ou com muitas linhas sem matricula; nao comprova erro da IES";2020;718;UNIVERSIDADE POTIGUAR;1487232;BIG DATA E INTELIGÊNCIA ANALÍTICA;5;4;7.0;7.0;0.8;1.0;muitos municipios zerados e concentracao;"conferir distribuicao; prioridade secundaria";"manter os totais; nao interpretar municipio associado como polo fisico";"pendente; triagem automatica nao confirma preenchimento da IES"
"distribuicao municipal EaD concentrada ou com muitas linhas sem matricula; nao comprova erro da IES";2015;316;UNIVERSIDADE NOVE DE JULHO;116390;ANÁLISE E DESENVOLVIMENTO DE SISTEMAS;5;0;582.0;543.0;0.0;0.933;concentracao no maior municipio;"conferir distribuicao; prioridade secundaria";"manter os totais; nao interpretar municipio associado como polo fisico";"pendente; triagem automatica nao confirma preenchimento da IES"
"distribuicao municipal EaD concentrada ou com muitas linhas sem matricula; nao comprova erro da IES";2022;712;CENTRO UNIVERSITÁRIO IBMR;1501453;Gestão Da Tecnologia Da Informação;5;2;171.0;167.0;0.4;0.977;concentracao no maior municipio;"conferir distribuicao; prioridade secundaria";"manter os totais; nao interpretar municipio associado como polo fisico";"pendente; triagem automatica nao confirma preenchimento da IES"
"distribuicao municipal EaD concentrada ou com muitas linhas sem matricula; nao comprova erro da IES";2023;1060;CENTRO UNIVERSITÁRIO DO INSTITUTO DE EDUCAÇÃO SUPERIOR DE BRASÍLIA - IESB;1542115;Big Data E Inteligência Analítica;5;1;66.0;61.0;0.2;0.924;concentracao no maior municipio;"conferir distribuicao; prioridade secundaria";"manter os totais; nao interpretar municipio associado como polo fisico";"pendente; triagem automatica nao confirma preenchimento da IES"
"distribuicao municipal EaD concentrada ou com muitas linhas sem matricula; nao comprova erro da IES";2023;124;UNIVERSIDADE DE ARARAQUARA;1443889;Análise E Desenvolvimento De Sistemas;5;1;129.0;123.0;0.2;0.953;concentracao no maior municipio;"conferir distribuicao; prioridade secundaria";"manter os totais; nao interpretar municipio associado como polo fisico";"pendente; triagem automatica nao confirma preenchimento da IES"
"distribuicao municipal EaD concentrada ou com muitas linhas sem matricula; nao comprova erro da IES";2023;665;UNIVERSIDADE DE TAUBATÉ;1549983;Sistemas De Informação;5;1;44.0;41.0;0.2;0.932;concentracao no maior municipio;"conferir distribuicao; prioridade secundaria";"manter os totais; nao interpretar municipio associado como polo fisico";"pendente; triagem automatica nao confirma preenchimento da IES"
"distribuicao municipal EaD concentrada ou com muitas linhas sem matricula; nao comprova erro da IES";2023;621;CENTRO UNIVERSITÁRIO CESMAC;1524472;Análise E Desenvolvimento De Sistemas;5;0;116.0;106.0;0.0;0.914;concentracao no maior municipio;"conferir distribuicao; prioridade secundaria";"manter os totais; nao interpretar municipio associado como polo fisico";"pendente; triagem automatica nao confirma preenchimento da IES"
"distribuicao municipal EaD concentrada ou com muitas linhas sem matricula; nao comprova erro da IES";2023;519;UNIVERSIDADE CATÓLICA DO SALVADOR;1597139;Gestão Da Tecnologia Da Informação;5;3;5.0;3.0;0.6;0.6;muitos municipios zerados;"conferir distribuicao; prioridade secundaria";"manter os totais; nao interpretar municipio associado como polo fisico";"pendente; triagem automatica nao confirma preenchimento da IES"
"distribuicao municipal EaD concentrada ou com muitas linhas sem matricula; nao comprova erro da IES";2022;718;UNIVERSIDADE POTIGUAR;1487232;Big Data E Inteligência Analítica;5;4;11.0;11.0;0.8;1.0;muitos municipios zerados e concentracao;"conferir distribuicao; prioridade secundaria";"manter os totais; nao interpretar municipio associado como polo fisico";"pendente; triagem automatica nao confirma preenchimento da IES"
"distribuicao municipal EaD concentrada ou com muitas linhas sem matricula; nao comprova erro da IES";2022;82;UNIVERSIDADE DO OESTE DE SANTA CATARINA;1516273;Gestão Da Tecnologia Da Informação;5;4;13.0;13.0;0.8;1.0;muitos municipios zerados e concentracao;"conferir distribuicao; prioridade secundaria";"manter os totais; nao interpretar municipio associado como polo fisico";"pendente; triagem automatica nao confirma preenchimento da IES"
"distribuicao municipal EaD concentrada ou com muitas linhas sem matricula; nao comprova erro da IES";2023;146;CENTRO UNIVERSITÁRIO DE RIO PRETO;1454213;Análise E Desenvolvimento De Sistemas;5;1;57.0;54.0;0.2;0.947;concentracao no maior municipio;"conferir distribuicao; prioridade secundaria";"manter os totais; nao interpretar municipio associado como polo fisico";"pendente; triagem automatica nao confirma preenchimento da IES"
"distribuicao municipal EaD concentrada ou com muitas linhas sem matricula; nao comprova erro da IES";2024;146;CENTRO UNIVERSITÁRIO DE RIO PRETO;1454213;Análise E Desenvolvimento De Sistemas;5;0;62.0;57.0;0.0;0.919;concentracao no maior municipio;"conferir distribuicao; prioridade secundaria";"manter os totais; nao interpretar municipio associado como polo fisico";"pendente; triagem automatica nao confirma preenchimento da IES"
"distribuicao municipal EaD concentrada ou com muitas linhas sem matricula; nao comprova erro da IES";2024;1205;CENTRO UNIVERSITÁRIO FAEL;1634500;Internet Das Coisas;5;4;1.0;1.0;0.8;1.0;muitos municipios zerados e concentracao;"conferir distribuicao; prioridade secundaria";"manter os totais; nao interpretar municipio associado como polo fisico";"pendente; triagem automatica nao confirma preenchimento da IES"
"distribuicao municipal EaD concentrada ou com muitas linhas sem matricula; nao comprova erro da IES";2024;1958;Centro Universitário SENAI Santa Catarina;1262814;Análise E Desenvolvimento De Sistemas;5;0;278.0;263.0;0.0;0.946;concentracao no maior municipio;"conferir distribuicao; prioridade secundaria";"manter os totais; nao interpretar municipio associado como polo fisico";"pendente; triagem automatica nao confirma preenchimento da IES"
"distribuicao municipal EaD concentrada ou com muitas linhas sem matricula; nao comprova erro da IES";2024;1892;Centro Universitário de Excelência Eniac;1486128;Sistemas De Informação;5;0;132.0;126.0;0.0;0.955;concentracao no maior municipio;"conferir distribuicao; prioridade secundaria";"manter os totais; nao interpretar municipio associado como polo fisico";"pendente; triagem automatica nao confirma preenchimento da IES"
"distribuicao municipal EaD concentrada ou com muitas linhas sem matricula; nao comprova erro da IES";2024;1772;Centro Universitário Fanor Wyden;1537996;Análise E Desenvolvimento De Sistemas;5;2;746.0;723.0;0.4;0.969;concentracao no maior municipio;"conferir distribuicao; prioridade secundaria";"manter os totais; nao interpretar municipio associado como polo fisico";"pendente; triagem automatica nao confirma preenchimento da IES"
"distribuicao municipal EaD concentrada ou com muitas linhas sem matricula; nao comprova erro da IES";2024;1494;Centro Universitário Salesiano;1601139;Análise E Desenvolvimento De Sistemas;5;2;39.0;37.0;0.4;0.949;concentracao no maior municipio;"conferir distribuicao; prioridade secundaria";"manter os totais; nao interpretar municipio associado como polo fisico";"pendente; triagem automatica nao confirma preenchimento da IES"
"distribuicao municipal EaD concentrada ou com muitas linhas sem matricula; nao comprova erro da IES";2024;1388;CENTRO UNIVERSITÁRIO SUMARÉ;1496478;Análise E Desenvolvimento De Sistemas;5;1;187.0;184.0;0.2;0.984;concentracao no maior municipio;"conferir distribuicao; prioridade secundaria";"manter os totais; nao interpretar municipio associado como polo fisico";"pendente; triagem automatica nao confirma preenchimento da IES"
"distribuicao municipal EaD concentrada ou com muitas linhas sem matricula; nao comprova erro da IES";2024;5370;Centro Universitário Doctum de Teófilo Otoni;1575203;Gestão Da Tecnologia Da Informação;5;3;25.0;24.0;0.6;0.96;muitos municipios zerados e concentracao;"conferir distribuicao; prioridade secundaria";"manter os totais; nao interpretar municipio associado como polo fisico";"pendente; triagem automatica nao confirma preenchimento da IES"
"distribuicao municipal EaD concentrada ou com muitas linhas sem matricula; nao comprova erro da IES";2024;338;PONTIFÍCIA UNIVERSIDADE CATÓLICA DE MINAS GERAIS;1550657;Análise E Desenvolvimento De Sistemas;5;0;1278.0;1274.0;0.0;0.997;concentracao no maior municipio;"conferir distribuicao; prioridade secundaria";"manter os totais; nao interpretar municipio associado como polo fisico";"pendente; triagem automatica nao confirma preenchimento da IES"
"distribuicao municipal EaD concentrada ou com muitas linhas sem matricula; nao comprova erro da IES";2024;490;CENTRO UNIVERSITÁRIO DE VALENÇA;1441194;Redes De Computadores;5;4;2.0;2.0;0.8;1.0;muitos municipios zerados e concentracao;"conferir distribuicao; prioridade secundaria";"manter os totais; nao interpretar municipio associado como polo fisico";"pendente; triagem automatica nao confirma preenchimento da IES"
