NU_ANO_CENSO;CO_IES;CO_CURSO;ANO_ANTERIOR;NO_IES;NO_CURSO;DS_MODELO_DADOS;TP_MODALIDADE_ENSINO;MUNICIPIOS_ANTES;MUNICIPIOS_DEPOIS;MAT_ANTES;MAT_DEPOIS;VARIACAO_DISTRIBUICAO;FRAC_MAT_EM_MUNICIPIOS_QUE_SOMEM;MAIOR_MUNICIPIO_ANTES;MAIOR_MUNICIPIO_DEPOIS
2024;1196;1615338;2023;UNIVERSIDADE CESUMAR;Desenvolvimento De Aplicativos Móveis;cadastro_cursos;2;159;223;108.0;135.0;0.566667;0.055556;4106902;3304557
2015;1270;1299253;2014;CENTRO UNIVERSITÁRIO UNISEB;ANÁLISE E DESENVOLVIMENTO DE SISTEMAS;cadastro_cursos;2;71;90;543.0;907.0;0.53084;0.0;3543402;3550308
2022;242;1541396;2021;CENTRO UNIVERSITÁRIO ANHANGUERA PITÁGORAS AMPLI;Análise E Desenvolvimento De Sistemas;cadastro_cursos;2;101;165;291.0;489.0;0.687264;0.127148;3547809;3547809
2024;242;1541396;2023;CENTRO UNIVERSITÁRIO ANHANGUERA PITÁGORAS AMPLI;Análise E Desenvolvimento De Sistemas;cadastro_cursos;2;178;70;637.0;375.0;0.515491;0.453689;3547809;3547809
2024;242;1562890;2023;CENTRO UNIVERSITÁRIO ANHANGUERA PITÁGORAS AMPLI;Gestão Da Tecnologia Da Informação;cadastro_cursos;2;87;70;118.0;490.0;0.570114;0.440678;3547809;3547809
2022;242;1575915;2021;CENTRO UNIVERSITÁRIO ANHANGUERA PITÁGORAS AMPLI;Engenharia De Software;cadastro_cursos;2;129;260;1189.0;1790.0;0.663272;0.079058;3547809;3547809
2024;242;1582525;2023;CENTRO UNIVERSITÁRIO ANHANGUERA PITÁGORAS AMPLI;Cibersegurança;cadastro_cursos;2;89;68;116.0;224.0;0.591749;0.465517;3547809;3547809
2022;242;1582533;2021;CENTRO UNIVERSITÁRIO ANHANGUERA PITÁGORAS AMPLI;Ciência De Dados;cadastro_cursos;2;40;97;104.0;163.0;0.751298;0.173077;3547809;3547809
2024;242;1582533;2023;CENTRO UNIVERSITÁRIO ANHANGUERA PITÁGORAS AMPLI;Ciência De Dados;cadastro_cursos;2;109;70;197.0;245.0;0.542318;0.482234;3550308;3547809
2024;242;1582559;2023;CENTRO UNIVERSITÁRIO ANHANGUERA PITÁGORAS AMPLI;Desenvolvimento Back-End;cadastro_cursos;2;81;61;120.0;152.0;0.619737;0.5;3550308;3547809
2024;242;1582572;2023;CENTRO UNIVERSITÁRIO ANHANGUERA PITÁGORAS AMPLI;Devops;cadastro_cursos;2;80;56;155.0;171.0;0.503754;0.412903;3547809;3547809
2024;242;1582601;2023;CENTRO UNIVERSITÁRIO ANHANGUERA PITÁGORAS AMPLI;Desenvolvimento Web;cadastro_cursos;2;95;60;153.0;180.0;0.572222;0.51634;3550308;3547809
2022;298;1537350;2021;Universidade Pitágoras Unopar Anhanguera;Desenvolvimento Back-End;cadastro_cursos;2;163;351;167.0;551.0;0.609822;0.047904;4113700;3550308
2022;298;1537353;2021;Universidade Pitágoras Unopar Anhanguera;Desenvolvimento Mobile;cadastro_cursos;2;178;308;139.0;444.0;0.613747;0.05036;4113700;3550308
2022;298;1537363;2021;Universidade Pitágoras Unopar Anhanguera;Devops;cadastro_cursos;2;99;220;100.0;318.0;0.614403;0.01;4113700;3550308
2022;298;1537745;2021;Universidade Pitágoras Unopar Anhanguera;Desenvolvimento Para Web;cadastro_cursos;2;204;382;245.0;681.0;0.577644;0.036735;4113700;3550308
2022;298;1548994;2021;Universidade Pitágoras Unopar Anhanguera;Inteligência De Mercado E Análise De Dados;cadastro_cursos;2;113;245;107.0;294.0;0.693083;0.028037;4113700;3550308
2022;298;1549931;2021;Universidade Pitágoras Unopar Anhanguera;Ciências De Dados;cadastro_cursos;2;212;413;277.0;860.0;0.558828;0.036101;4113700;3550308
2022;298;1549944;2021;Universidade Pitágoras Unopar Anhanguera;Cibersegurança;cadastro_cursos;2;292;497;320.0;870.0;0.591774;0.0375;4113700;3550308
2023;298;1575931;2022;Universidade Pitágoras Unopar Anhanguera;Sistemas Para Internet;cadastro_cursos;2;202;343;186.0;365.0;0.524982;0.005376;2507507;3550308
2022;298;1575932;2021;Universidade Pitágoras Unopar Anhanguera;Engenharia De Software;cadastro_cursos;2;357;861;756.0;3670.0;0.50837;0.041005;4113700;4113700
2022;298;1576074;2021;Universidade Pitágoras Unopar Anhanguera;Gestão Da Tecnologia Da Informação;cadastro_cursos;2;206;668;336.0;2144.0;0.619892;0.032738;4113700;3550308
2023;298;1617736;2022;Universidade Pitágoras Unopar Anhanguera;Engenharia De Computação;cadastro_cursos;2;142;406;149.0;486.0;0.581186;0.0;1303403;3550308
2015;3164;100694;2014;INSTITUTO FEDERAL DE EDUCAÇÃO, CIÊNCIA E TECNOLOGIA DE MATO GROSSO;SISTEMAS PARA INTERNET;cadastro_cursos;2;6;6;1151.0;1590.0;0.612579;0.0;5107180;5103403
2010;322;100320;2009;UNIVERSIDADE PAULISTA;GESTÃO DE SISTEMAS DE INFORMAÇÃO;cadastro_cursos;2;328;293;3039.0;6044.0;0.539415;0.221125;3550308;3509700
2012;322;1131979;2011;UNIVERSIDADE PAULISTA;GESTÃO DA TECNOLOGIA DA INFORMAÇÃO;cadastro_cursos;2;6;369;1966.0;6170.0;0.548947;0.0;1501402;1501402
2022;3294;1452041;2021;CENTRO UNIVERSITÁRIO FAVENI;Sistemas De Informação;cadastro_cursos;2;78;60;166.0;251.0;0.620074;0.524096;1300300;3518800
2023;3294;1452041;2022;CENTRO UNIVERSITÁRIO FAVENI;Sistemas De Informação;cadastro_cursos;2;60;110;251.0;136.0;0.511571;0.187251;3518800;3518800
2022;4751;1538612;2021;CENTRO UNIVERSITÁRIO UNIFATECIE;Análise E Desenvolvimento De Sistemas;cadastro_cursos;2;67;215;191.0;801.0;0.507991;0.0;4118402;4314902
2023;4751;1556654;2022;CENTRO UNIVERSITÁRIO UNIFATECIE;Engenharia De Computação;cadastro_cursos;2;112;141;114.0;257.0;0.548433;0.201754;3304102;4118402
2023;4751;1575759;2022;CENTRO UNIVERSITÁRIO UNIFATECIE;Sistemas De Informação;cadastro_cursos;2;107;181;183.0;529.0;0.540725;0.20765;2611606;4118402
2014;5;108660;2013;UNIVERSIDADE FEDERAL DO PIAUÍ;SISTEMAS DE INFORMAÇÃO;cadastro_cursos;2;15;18;550.0;561.0;0.681355;0.178182;2203701;2211001
2024;926;1576461;2023;Centro Universitário Anhanguera Pitágoras Unopar de Campo Grande;Ciência De Dados;cadastro_cursos;2;105;114;127.0;117.0;0.506696;0.007874;3550308;3550308
2024;926;1613897;2023;Centro Universitário Anhanguera Pitágoras Unopar de Campo Grande;Ciências Da Computação;cadastro_cursos;2;105;181;143.0;181.0;0.506201;0.0;3550308;3550308
